order_id,customer_id,order_date,product_id,product_category,quantity,unit_price,discount,tax,shipping_cost,order_amount,payment_method,order_status,sales_region
1,194,2025-10-07,118,Electronics,5,238.26,29.08,13.92,11.24,412.76,Cash,Pending,East
2,489,2025-04-02,275,Home,3,37.46,20.76,22.65,15.24,661.1,UPI,Returned,West
3,729,2025-02-26,162,Home,1,235.95,34.14,9.95,1.61,339.55,UPI,Completed,East
3,729,2025-02-26,162,Home,1,235.95,34.14,9.95,1.61,339.55,UPI,Completed,East
5,311,2025-06-24,165,Home,1,261.3,41.89,11.08,1.39,833.33,Cash,Completed,South
6,559,2025-05-18,230,Electronics,4,7.69,3.82,27.11,5.11,896.67,UPI,Cancelled,West
7,84,2025-04-10,259,Home,5,133.14,29.3,20.82,7.8,712.78,UPI,Returned,North
8,458,2025-07-09,235,Home,3,93.93,28.73,16.87,5.02,14.46,Card,Cancelled,South
9,71,2025-08-16,295,Books,3,45.23,12.59,14.63,12.37,583.55,Cash,Pending,South
10,438,2026-04-15,268,Home,5,265.3,6.61,15.07,13.02,312.91,Cash,Completed,East
11,729,2025-03-24,117,Books,4,185.2,18.08,5.31,8.19,107.08,Cash,Cancelled,East
12,667,2025-11-01,145,Home,1,91.27,1.47,14.11,15.3,586.89,UPI,Pending,East
13,1004,2025-11-24,168,Books,3,293.73,7.99,12.07,10.58,-38.36,Card,Cancelled,South
14,269,2025-08-31,106,Books,1,177.91,47.56,7.9,5.33,863.93,Card,Returned,East
15,533,2026-05-06,224,Books,3,195.13,36.98,6.94,18.04,340.37,UPI,Returned,South
16,472,2025-11-18,134,Books,2,46.62,28.21,18.67,4.79,652.54,Cash,Cancelled,East
17,302,2025-02-14,284,Electronics,4,232.17,31.53,17.56,2.17,126.74,Cash,Pending,North
18,475,2026-03-17,264,Home,5,140.99,28.17,17.31,8.47,170.79,UPI,Completed,North
19,308,2025-03-18,104,Electronics,4,296.69,18.72,28.64,1.17,117.13,UPI,Pending,South
20,266,2025-12-21,205,Electronics,1,143.34,32.3,20.99,4.99,697.71,Card,Cancelled,South
21,151,2025-02-20,121,Electronics,3,230.85,41.19,1.64,16.09,427.4,UPI,Cancelled,North
22,114,2025-09-19,182,Books,4,217.95,7.31,8.48,1.4,558.03,Card,Returned,North
23,272,2025-04-05,119,Books,4,104.78,7.98,9.61,17.3,75.71,Cash,Cancelled,West
24,379,2025-08-05,238,Electronics,2,157.17,18.92,4.83,4.77,864.35,UPI,Pending,North
25,543,2025-12-27,203,Electronics,2,67.02,39.2,22.35,7.94,924.93,Cash,Completed,North
26,706,2025-10-07,235,Books,1,23.62,14.23,17.08,16.88,38.31,Card,Pending,West
27,884,2025-12-08,115,Books,4,202.21,8.98,10.33,19.81,326.59,UPI,Pending,East
28,15,2025-03-25,197,Books,5,169.82,26.51,6.71,17.56,927.35,Cash,Returned,West
29,542,2025-09-06,186,Books,2,194.08,38.65,18.52,12.37,781.21,Card,Returned,West
30,370,2025-09-22,180,Home,1,185.16,29.32,3.17,13.38,768.71,Card,Returned,East
31,926,2025-05-02,109,Home,2,146.18,14.77,28.61,8.44,705.96,UPI,Completed,West
32,181,2025-02-23,250,Home,3,255.3,19.9,24.3,9.37,820.38,UPI,Cancelled,North
33,584,2026-04-22,289,Electronics,3,130.0,34.99,6.75,8.69,651.14,Card,Returned,South
34,1020,2026-03-08,164,Electronics,2,49.42,27.33,18.54,17.57,733.91,UPI,Cancelled,East
35,703,2025-03-07,154,Books,3,178.48,38.12,13.77,12.64,680.58,Card,Returned,South
36,308,2026-02-05,212,Books,1,171.74,20.96,17.22,8.96,321.91,Card,Cancelled,North
37,704,2025-06-15,212,Books,3,272.85,19.4,5.82,18.32,727.87,Cash,Completed,East
38,543,2025-12-27,286,Books,3,81.75,16.28,6.78,5.36,88.21,UPI,Cancelled,East
39,58,2025-09-09,164,Home,1,146.09,41.88,7.38,3.46,22.14,Card,Pending,East
40,969,2025-03-15,175,Home,2,148.44,42.18,1.05,10.58,944.28,Card,Completed,East
41,533,2026-04-29,299,Electronics,2,116.62,4.78,8.22,2.57,850.59,UPI,Returned,East
42,454,2025-11-05,200,Books,5,122.61,10.13,24.31,13.89,797.75,Card,Returned,East
43,404,2025-04-28,114,Electronics,1,176.61,35.31,7.81,9.39,947.72,Cash,Cancelled,West
44,655,2025-02-17,247,Electronics,3,168.03,44.93,5.73,0.93,40.65,Card,Pending,West
45,977,2026-01-22,287,Books,2,232.69,24.19,21.09,12.88,630.53,Cash,Cancelled,East
46,109,2025-05-24,222,Electronics,4,186.5,40.28,22.06,3.1,405.61,Card,Returned,North
47,930,2025-02-06,173,Home,3,79.84,29.27,12.73,3.26,133.57,UPI,Pending,South
48,880,2026-05-14,276,Electronics,5,269.09,25.89,26.89,6.77,868.63,UPI,Cancelled,West
49,199,2026-03-31,251,Books,3,150.27,20.45,1.13,11.57,-31.38,UPI,Returned,North
50,1016,2025-08-19,119,Books,1,7.46,37.34,5.59,16.04,497.18,UPI,Completed,North
51,677,2026-02-18,108,Home,2,212.46,11.83,27.1,6.35,967.28,Card,Pending,East
52,840,2026-02-23,217,Books,2,265.12,11.57,5.17,8.38,-32.49,Card,Pending,West
53,905,2025-08-30,284,Books,4,150.37,1.5,25.74,10.26,35.26,Card,Cancelled,North
54,567,2025-10-29,109,Electronics,5,54.88,25.49,2.88,13.93,308.12,UPI,Cancelled,North
55,674,2025-12-08,158,Electronics,2,36.94,46.87,16.81,16.03,318.1,Cash,Completed,North
56,824,2025-05-02,118,Home,5,119.92,12.41,19.86,5.35,73.58,UPI,Pending,East
57,669,2026-01-11,101,Electronics,1,107.32,13.48,2.7,8.94,491.24,Card,Completed,West
58,871,2026-04-22,273,Home,3,223.35,26.37,22.25,19.26,806.08,UPI,Pending,South
59,129,2026-01-30,205,Books,2,204.09,31.88,9.88,2.15,851.99,Cash,Completed,South
60,527,2025-05-08,138,Books,2,134.47,31.06,9.12,14.37,795.16,UPI,Returned,East
61,728,2025-11-19,267,Electronics,5,188.18,25.88,19.15,9.99,425.0,Card,Pending,East
62,277,2026-05-07,165,Electronics,3,297.62,8.71,6.87,16.79,741.8,Card,Pending,East
63,503,2025-02-21,207,Books,2,142.97,19.39,20.76,1.22,49.24,Card,Pending,West
64,601,2025-07-16,276,Books,2,122.93,2.99,4.22,15.36,6.02,UPI,Returned,East
65,749,2025-02-12,179,Home,1,150.12,40.44,6.65,3.96,179.45,Cash,Returned,West
66,929,2025-04-11,202,Home,1,78.93,4.2,21.91,17.19,967.43,Card,Completed,North
67,680,2025-08-04,221,Books,5,213.83,16.46,23.55,7.31,977.11,UPI,Pending,North
68,261,2025-03-03,169,Electronics,4,246.41,36.4,21.7,11.4,,UPI,Completed,West
69,422,2026-02-24,248,Electronics,1,177.57,35.0,1.71,9.74,468.5,Cash,Pending,South
70,339,2025-04-07,259,Home,4,85.89,44.97,14.64,7.89,,Card,Cancelled,South
71,61,2025-01-13,278,Books,1,39.08,27.01,16.85,13.61,71.1,Cash,Cancelled,West
72,645,2025-06-06,108,Home,2,197.54,24.84,5.35,11.64,149.81,Card,Pending,North
73,994,2025-09-22,176,Books,3,292.84,9.99,10.96,16.57,847.34,UPI,Returned,North
74,349,2025-02-16,252,Electronics,4,114.91,16.22,14.83,8.74,699.64,Cash,Completed,East
75,79,2025-06-24,244,Books,1,116.48,2.91,12.22,15.65,-33.72,Cash,Pending,West
76,784,2025-04-25,294,Home,2,51.79,12.77,1.9,19.66,628.03,UPI,Cancelled,North
77,541,2025-10-22,143,Books,4,282.63,30.23,4.74,8.2,921.29,Cash,Pending,South
78,356,2026-04-12,164,Electronics,4,200.43,11.91,23.55,5.78,691.41,UPI,Completed,South
79,71,2025-02-24,116,Home,3,38.18,27.59,24.74,4.47,461.43,UPI,Cancelled,West
80,620,2025-10-26,182,Home,5,159.44,33.24,12.83,5.2,656.13,Cash,Completed,South
81,630,2026-01-21,243,Books,4,117.24,9.09,12.09,2.1,552.1,Cash,Cancelled,South
82,367,2026-04-07,140,Electronics,4,79.07,29.18,16.2,10.1,-42.38,UPI,Pending,South
83,814,2025-04-14,218,Books,5,147.08,28.65,5.23,10.1,738.79,Card,Pending,North
84,155,2026-02-09,108,Home,3,49.54,1.79,10.61,4.13,185.3,Cash,Pending,South
85,323,2026-05-13,222,Home,2,262.41,15.71,2.44,3.26,863.4,Cash,Pending,North
86,904,2026-03-17,190,Electronics,4,266.25,4.68,16.06,14.32,261.07,Cash,Cancelled,South
87,666,2025-11-12,248,Books,5,217.84,9.6,25.89,18.85,580.54,UPI,Completed,South
88,980,2025-04-24,205,Home,5,239.25,31.77,15.38,9.73,286.04,UPI,Returned,West
89,273,2026-02-01,224,Electronics,3,36.45,26.72,19.78,11.45,947.09,UPI,Cancelled,South
90,511,2025-08-21,136,Home,3,70.35,11.89,10.79,16.65,19.79,Card,Cancelled,East
91,907,2025-04-29,201,Books,1,226.11,43.79,9.69,11.6,450.53,UPI,Cancelled,West
92,125,2025-05-19,132,Home,2,292.47,36.16,29.16,11.56,393.94,Cash,Completed,West
93,937,2026-03-25,230,Books,1,154.48,38.16,14.2,2.25,299.42,UPI,Pending,West
94,403,2026-04-11,299,Home,4,287.36,44.1,23.03,0.58,-48.65,Card,Returned,East
95,818,2025-02-26,203,Books,5,237.49,39.23,11.6,15.82,766.9,Card,Completed,East
96,150,2025-04-04,198,Books,5,278.87,21.4,28.42,17.35,911.26,Card,Cancelled,South
97,589,2025-09-13,209,Books,2,277.72,48.29,22.89,4.86,341.44,Cash,Returned,North
98,651,2025-03-30,281,Electronics,3,218.56,48.25,18.49,18.59,939.1,UPI,Completed,West
99,405,2025-02-27,227,Books,2,168.55,30.09,12.28,3.16,147.01,UPI,Cancelled,North
100,867,2025-03-25,210,Home,3,53.09,2.97,8.66,4.45,786.45,UPI,Returned,West
101,653,2025-05-11,137,Books,2,262.94,8.34,4.59,2.81,14.42,Cash,Pending,West
102,81,2025-02-22,155,Home,2,116.28,37.84,27.16,3.89,613.16,Card,Cancelled,South
103,972,2025-08-06,170,Books,5,230.75,22.89,12.97,8.69,619.38,UPI,Completed,North
104,683,2025-07-17,115,Electronics,1,207.19,39.92,15.24,11.86,812.43,UPI,Pending,North
105,872,2026-02-02,179,Books,1,187.07,5.03,20.19,10.76,268.67,UPI,Cancelled,East
106,543,2025-02-26,209,Home,2,30.15,16.47,3.91,12.75,640.33,Card,Returned,South
107,681,2025-08-30,198,Home,2,11.18,29.34,18.42,3.28,645.77,Cash,Cancelled,North
108,937,2026-04-24,262,Electronics,1,168.29,7.77,25.99,19.94,548.63,Card,Cancelled,West
109,256,2025-08-30,222,Home,2,134.9,42.97,23.87,2.79,733.24,UPI,Pending,South
110,760,2025-10-29,272,Books,3,256.79,12.47,1.22,17.49,925.59,Card,Returned,East
111,389,2025-05-06,245,Home,2,106.84,22.22,6.4,10.67,22.33,Cash,Returned,East
112,55,2025-08-09,155,Books,4,100.1,39.16,19.44,4.14,644.23,Cash,Pending,North
113,416,2025-07-11,232,Electronics,5,41.81,44.45,16.63,10.92,662.85,Cash,Completed,South
114,935,2025-08-16,113,Electronics,3,26.71,48.81,18.91,2.71,37.01,Card,Completed,West
115,220,2025-11-22,293,Electronics,3,197.17,20.91,6.12,16.01,930.5,Card,Returned,North
116,1016,2025-05-17,105,Books,1,136.75,47.09,1.34,8.6,415.91,UPI,Completed,North
117,162,2026-03-04,258,Electronics,5,47.78,16.76,16.93,5.85,539.22,Card,Completed,East
118,658,2025-05-08,222,Books,4,157.13,40.24,6.93,16.16,395.92,Cash,Cancelled,East
119,765,2025-06-07,194,Home,1,205.79,41.01,5.51,17.65,506.92,Cash,Pending,West
120,815,2025-10-17,177,Electronics,2,136.89,30.4,24.38,11.96,89.47,UPI,Cancelled,East
121,552,2025-03-02,231,Books,3,144.4,19.34,6.61,5.22,437.75,UPI,Completed,South
122,782,2025-07-29,172,Home,5,232.13,20.85,24.41,7.38,358.81,Card,Completed,West
123,293,2025-11-22,223,Home,1,21.9,18.29,1.48,15.97,337.71,Cash,Completed,South
124,113,2025-03-05,213,Books,5,270.11,34.38,9.28,1.77,335.91,Cash,Cancelled,East
125,20,2025-07-24,296,Home,5,6.37,17.63,5.56,2.54,513.81,UPI,Returned,East
126,239,2025-12-19,237,Electronics,3,189.15,11.68,16.49,6.38,770.63,Card,Pending,West
127,1018,2026-03-11,170,Electronics,2,226.38,49.0,27.63,9.27,414.1,Cash,Cancelled,West
128,548,2025-11-27,173,Electronics,1,173.2,45.27,6.69,17.73,842.47,UPI,Cancelled,North
129,124,2025-06-27,252,Home,2,228.19,24.37,7.12,18.92,103.09,Card,Completed,West
130,359,2025-04-08,240,Electronics,4,272.97,17.73,5.57,11.43,351.85,Cash,Pending,East
131,901,2026-03-06,217,Books,1,109.8,25.14,17.43,16.26,689.36,Card,Completed,South
132,249,2026-01-16,168,Electronics,3,299.38,24.23,20.59,8.64,510.48,Card,Pending,East
133,108,2025-02-04,171,Books,1,264.44,49.45,27.41,7.43,441.58,UPI,Cancelled,East
134,54,2025-04-10,200,Electronics,1,175.35,9.1,13.2,0.03,978.11,UPI,Pending,South
135,624,2025-12-27,137,Electronics,3,167.52,36.7,19.95,18.9,-22.91,Cash,Returned,West
136,573,2025-09-07,145,Home,4,20.28,1.29,17.49,1.07,,Card,Completed,East
137,435,2025-05-05,103,Electronics,3,157.26,20.74,15.84,15.95,280.69,Cash,Returned,West
138,382,2025-07-05,154,Electronics,3,222.88,12.7,20.32,14.81,798.91,Card,Cancelled,South
139,427,2026-01-13,291,Books,2,162.01,17.21,22.36,11.23,836.56,UPI,Pending,East
140,33,2026-05-14,215,Electronics,3,115.72,18.47,16.27,7.74,0.12,Card,Pending,East
141,824,2025-08-28,171,Home,4,112.13,11.85,13.2,14.96,533.76,Cash,Returned,East
142,472,2025-05-16,282,Home,4,144.64,15.44,24.51,15.2,850.68,Card,Completed,North
143,604,2025-01-06,213,Electronics,1,31.45,5.65,3.16,2.47,581.94,UPI,Returned,South
144,211,2026-02-12,110,Home,1,285.55,37.29,6.68,17.41,498.89,Card,Cancelled,West
145,194,2025-07-02,140,Home,4,19.45,26.94,10.17,8.76,56.59,UPI,Pending,West
146,335,2026-02-26,263,Electronics,5,59.64,25.49,17.9,17.97,-12.81,Card,Returned,South
147,90,2026-03-08,167,Home,4,103.79,12.22,4.74,9.64,800.44,Card,Returned,West
148,592,2026-01-23,149,Books,1,166.61,49.73,13.17,7.73,557.13,Card,Completed,East
149,85,2026-04-01,155,Home,4,57.62,15.99,6.78,10.97,176.74,Card,Completed,North
150,969,2026-05-13,203,Electronics,4,177.94,33.21,26.57,12.69,635.54,Card,Returned,East
151,134,2026-04-08,145,Home,5,148.1,24.46,22.64,3.62,362.24,Cash,Cancelled,East
152,410,2025-09-17,209,Home,1,30.19,33.17,25.64,3.47,90.05,Cash,Pending,South
153,858,2025-12-17,173,Books,3,220.3,46.8,2.75,11.59,567.11,Cash,Completed,South
154,182,2025-01-26,177,Home,1,268.16,34.39,24.3,5.56,572.39,Cash,Completed,South
155,304,2025-02-02,241,Books,3,97.08,44.12,16.2,5.84,820.91,Card,Completed,North
156,227,2025-04-04,274,Home,1,247.14,11.96,15.35,10.01,833.81,UPI,Cancelled,East
157,393,2025-02-16,138,Home,1,238.87,39.3,27.93,2.29,970.29,Card,Returned,West
158,385,2025-06-08,155,Books,3,47.33,11.88,13.2,15.37,431.95,Card,Completed,North
159,425,2025-05-27,192,Home,3,248.56,47.9,21.96,8.52,240.46,Cash,Cancelled,North
160,399,2026-04-19,153,Electronics,4,97.96,46.6,8.06,13.42,302.51,Card,Pending,South
161,136,2026-01-18,127,Home,3,146.9,1.55,22.91,17.45,53.48,Cash,Returned,North
162,101,2025-08-23,126,Home,1,299.42,25.93,20.76,7.88,27.6,UPI,Pending,North
163,333,2025-01-07,231,Home,3,23.69,19.18,28.3,0.36,181.32,UPI,Completed,East
164,45,2025-01-24,228,Electronics,2,212.25,6.98,13.9,17.74,367.9,UPI,Pending,East
165,856,2026-04-09,298,Books,2,290.45,15.4,16.09,1.2,937.2,UPI,Cancelled,North
166,151,2025-08-27,177,Home,5,288.54,1.83,13.85,4.76,521.38,UPI,Pending,West
167,976,2025-10-25,125,Home,4,246.77,4.91,2.01,6.91,691.88,UPI,Returned,West
168,111,2025-03-19,101,Home,4,116.24,30.44,4.91,19.6,320.65,Card,Returned,East
169,695,2025-12-22,190,Electronics,5,33.3,5.87,6.71,14.57,-27.44,Cash,Completed,East
170,987,2025-03-03,265,Books,1,246.77,47.72,28.57,7.48,995.3,Card,Completed,South
171,52,2025-11-13,125,Home,4,241.24,32.99,2.87,9.56,335.47,UPI,Completed,West
172,1018,2026-05-06,191,Electronics,2,89.08,12.61,12.39,19.41,520.95,Cash,Pending,West
173,177,2025-06-30,193,Books,1,64.07,33.14,19.82,18.61,222.21,Card,Pending,West
174,338,2025-03-14,143,Electronics,3,45.46,25.19,11.27,13.49,,Card,Cancelled,North
174,338,2025-03-14,143,Electronics,3,45.46,25.19,11.27,13.49,,Card,Cancelled,North
176,335,2025-06-21,104,Electronics,2,137.09,31.59,12.71,5.44,851.94,Cash,Returned,South
177,604,2025-10-04,294,Electronics,4,28.51,16.79,28.26,0.21,685.03,Cash,Completed,East
178,203,2026-05-10,294,Books,4,9.45,29.62,9.47,8.0,790.64,Card,Pending,West
179,258,2026-03-03,246,Electronics,4,225.39,38.83,20.52,10.14,488.71,UPI,Completed,East
180,803,2026-04-12,295,Electronics,1,281.23,46.2,23.63,13.64,351.0,Card,Cancelled,East
181,571,2025-10-04,286,Electronics,1,206.13,24.41,1.88,16.98,412.29,UPI,Pending,South
182,599,2026-05-16,199,Home,5,289.91,37.83,8.92,17.43,599.72,UPI,Pending,West
183,231,2025-12-12,233,Books,2,38.0,25.86,7.04,4.85,957.87,Cash,Pending,South
184,593,2025-10-22,259,Home,1,262.56,36.46,11.07,4.5,594.0,Cash,Pending,West
185,584,2025-09-05,144,Electronics,4,121.62,24.93,3.64,19.55,270.52,Card,Completed,South
186,360,2025-12-22,135,Books,5,67.17,3.99,2.58,14.55,489.27,UPI,Returned,North
187,938,2025-08-30,265,Electronics,3,19.8,29.91,24.38,9.18,895.02,UPI,Completed,East
188,856,2025-02-17,139,Books,5,128.14,34.99,14.17,17.84,963.56,Cash,Returned,North
189,186,2025-07-03,188,Home,1,16.72,13.42,8.64,6.25,,UPI,Cancelled,West
190,255,2025-07-14,251,Home,3,172.39,47.89,13.86,10.01,,Cash,Returned,East
191,15,2025-04-17,234,Books,2,207.22,15.23,14.36,11.85,434.4,Cash,Cancelled,South
192,848,2025-03-18,154,Books,1,294.59,42.97,18.42,6.7,461.17,UPI,Returned,East
193,882,2025-11-14,224,Books,2,240.08,33.21,4.3,5.54,810.6,UPI,Cancelled,North
194,341,2025-10-24,266,Electronics,3,61.0,46.72,22.09,8.07,419.37,Cash,Cancelled,East
195,229,2026-02-25,260,Books,1,288.06,6.28,2.0,17.32,970.46,UPI,Pending,West
196,92,2025-09-29,167,Electronics,4,198.62,21.24,3.5,3.32,589.69,Cash,Returned,North
197,899,2025-11-17,133,Electronics,5,170.15,1.66,29.44,19.87,783.88,UPI,Pending,South
198,549,2025-05-06,188,Home,2,174.98,45.63,22.0,16.98,129.35,UPI,Cancelled,South
199,76,2025-10-26,243,Electronics,5,185.84,11.22,21.55,4.68,-3.04,UPI,Cancelled,East
200,156,2025-04-17,199,Home,5,170.42,12.17,12.5,9.12,372.61,Cash,Cancelled,North
201,161,2026-02-02,151,Books,4,175.92,18.96,22.03,8.57,86.78,Cash,Cancelled,West
202,164,2025-01-11,147,Electronics,4,81.97,37.0,15.09,5.56,170.26,Card,Completed,South
203,867,2025-01-08,100,Home,5,71.54,18.33,12.88,13.76,540.35,Cash,Pending,North
204,192,2026-01-13,184,Electronics,3,197.89,18.75,26.64,6.73,465.4,Cash,Cancelled,North
205,304,2025-02-24,229,Books,3,99.26,28.41,16.9,2.21,803.92,Card,Cancelled,North
206,946,2026-03-21,212,Electronics,5,217.23,47.64,15.32,8.19,927.68,Card,Completed,South
207,895,2025-12-13,112,Electronics,2,70.58,49.62,20.98,12.25,999.18,Card,Returned,East
208,872,2026-05-14,232,Electronics,1,13.51,38.25,13.18,1.58,-11.53,Cash,Pending,East
209,408,2025-09-16,219,Books,5,202.31,47.49,7.55,16.78,194.82,UPI,Returned,South
210,992,2025-01-13,193,Home,2,17.07,16.22,9.02,4.47,121.74,UPI,Completed,South
211,43,2026-03-03,179,Home,5,189.22,21.76,15.2,15.19,332.37,Cash,Pending,North
212,523,2025-01-14,174,Books,3,211.81,3.29,12.85,16.27,674.83,Card,Completed,East
213,577,2025-06-15,110,Electronics,2,244.41,15.1,18.13,18.02,947.07,Card,Returned,West
214,948,2025-03-18,213,Books,4,245.83,36.36,18.44,10.86,29.05,Card,Returned,South
215,907,2025-05-04,283,Electronics,2,26.85,7.27,15.32,2.55,466.85,UPI,Cancelled,East
216,1016,2025-01-22,266,Books,1,293.78,8.41,4.24,7.66,536.39,UPI,Completed,West
217,556,2026-01-10,232,Electronics,3,6.87,12.48,17.87,6.46,385.11,UPI,Completed,North
218,241,2026-01-09,273,Home,2,30.56,41.79,6.63,15.04,99.72,Cash,Returned,North
219,770,2026-02-06,156,Books,1,106.81,37.44,19.89,3.94,58.07,Cash,Completed,West
220,616,2025-03-07,285,Books,2,112.73,37.07,17.93,12.23,891.59,Cash,Returned,East
221,21,2025-06-14,200,Books,2,197.24,39.01,6.62,11.13,466.52,Cash,Cancelled,South
222,200,2026-01-01,153,Electronics,5,146.27,16.83,27.92,6.14,673.36,Card,Completed,North
223,330,2026-01-11,206,Books,4,129.77,17.65,4.16,7.08,771.32,Cash,Pending,West
224,855,2025-10-29,104,Books,4,48.89,31.76,6.92,11.31,254.28,Cash,Pending,North
225,935,2026-01-01,144,Home,5,107.3,10.06,10.64,3.0,401.17,UPI,Completed,South
226,11,2025-04-24,133,Books,3,294.49,7.24,19.88,9.96,248.09,Cash,Completed,North
227,482,2025-02-17,189,Electronics,1,76.42,45.49,8.68,14.45,494.59,UPI,Returned,East
228,51,2026-01-02,111,Electronics,2,31.69,0.23,25.33,4.65,536.74,Card,Returned,South
229,407,2025-07-15,230,Electronics,4,288.59,3.83,28.22,19.84,790.35,UPI,Completed,South
230,123,2025-07-04,270,Books,4,64.54,1.28,8.5,17.32,510.08,UPI,Pending,South
231,865,2025-10-07,153,Books,2,88.63,12.8,5.4,16.85,976.36,UPI,Pending,North
232,679,2025-05-09,211,Electronics,5,68.73,24.18,29.69,5.63,351.26,Card,Pending,East
233,434,2026-02-05,109,Books,2,178.07,36.07,5.31,3.15,644.98,UPI,Completed,West
233,434,2026-02-05,109,Books,2,178.07,36.07,5.31,3.15,644.98,UPI,Completed,West
235,929,2025-10-16,118,Electronics,1,294.01,2.15,6.66,14.1,7.32,UPI,Pending,South
236,503,2025-12-20,139,Home,5,94.46,11.05,6.44,1.87,131.29,UPI,Completed,West
237,962,2026-04-28,152,Electronics,5,232.64,12.89,22.99,6.66,,UPI,Cancelled,West
238,796,2025-08-16,127,Electronics,3,75.78,22.51,12.84,1.25,182.54,Card,Returned,North
239,121,2025-07-25,130,Books,4,127.28,17.05,17.63,2.62,112.98,Card,Completed,South
240,540,2026-05-14,219,Home,1,146.56,48.96,3.18,12.83,518.09,Card,Completed,West
241,200,2025-01-29,181,Home,5,181.53,1.89,20.8,6.81,807.41,Card,Cancelled,North
242,80,2026-01-19,130,Books,1,275.47,49.85,14.11,4.26,530.34,Card,Completed,East
243,780,2025-07-12,221,Books,3,34.05,46.67,27.51,2.64,20.52,Card,Returned,North
244,244,2025-11-26,107,Books,4,188.64,24.09,28.49,12.08,274.83,UPI,Returned,East
245,319,2026-05-07,187,Electronics,1,171.74,12.65,8.59,19.23,602.01,Cash,Returned,West
246,708,2025-01-15,241,Books,3,233.81,28.73,4.1,6.94,603.86,UPI,Completed,West
247,115,2025-03-11,163,Home,4,206.39,11.09,16.48,4.41,49.58,Card,Completed,West
248,434,2025-12-02,146,Electronics,5,299.81,16.1,10.62,16.7,,Card,Returned,North
249,140,2026-03-08,240,Electronics,3,79.3,17.23,22.86,8.75,554.15,Cash,Returned,East
250,213,2026-03-15,171,Books,4,278.24,43.78,11.49,14.43,-13.09,UPI,Pending,South
251,221,2025-06-07,160,Electronics,4,290.03,0.19,8.43,9.94,405.58,Card,Cancelled,South
251,221,2025-06-07,160,Electronics,4,290.03,0.19,8.43,9.94,405.58,Card,Cancelled,South
253,400,2025-09-01,101,Electronics,1,259.3,24.96,25.33,0.47,789.7,Cash,Cancelled,West
254,843,2025-11-07,210,Electronics,3,189.14,35.86,23.18,5.98,-26.83,Cash,Returned,North
255,330,2025-10-23,146,Home,5,170.94,13.16,16.54,8.32,679.65,UPI,Cancelled,West
256,21,2025-01-05,153,Books,1,14.62,45.17,28.56,4.31,48.71,UPI,Pending,West
257,265,2025-08-25,202,Books,1,17.25,34.84,11.72,6.83,430.4,Card,Returned,South
258,334,2026-01-28,154,Home,4,94.7,43.09,1.57,15.61,79.18,Cash,Cancelled,West
259,775,2025-12-29,162,Books,4,132.39,39.1,13.27,7.33,801.2,Cash,Completed,South
260,469,2025-01-06,141,Electronics,5,249.71,38.15,18.15,1.48,505.48,Cash,Completed,North
261,905,2025-02-20,298,Home,4,185.16,28.7,20.54,8.73,346.29,UPI,Returned,North
262,230,2026-04-28,104,Electronics,2,70.9,27.21,10.79,18.74,214.97,UPI,Cancelled,West
263,402,2026-01-14,260,Books,2,36.15,9.93,25.18,15.51,196.09,UPI,Returned,West
264,601,2025-09-06,169,Electronics,2,66.06,6.96,4.97,4.98,410.69,UPI,Returned,South
265,963,2026-04-05,167,Home,1,274.0,1.28,27.87,2.2,130.5,UPI,Completed,East
266,129,2025-07-21,293,Home,5,276.25,26.36,3.14,15.06,718.76,Cash,Completed,North
267,402,2025-09-17,219,Home,2,57.59,16.09,29.78,17.95,689.2,Card,Pending,East
268,215,2025-09-08,235,Books,1,32.0,45.44,27.4,6.53,721.89,Card,Completed,North
269,533,2025-07-12,266,Home,4,267.15,32.01,23.59,15.82,108.16,UPI,Completed,East
270,948,2026-03-31,242,Home,3,101.16,39.72,20.61,5.6,784.13,Card,Cancelled,South
271,164,2025-12-26,125,Home,2,259.43,15.09,10.37,8.78,152.7,Cash,Completed,North
272,795,2025-12-15,123,Books,2,120.64,29.34,1.73,9.65,886.25,Card,Returned,East
273,845,2025-08-21,280,Books,1,94.79,38.41,24.55,17.77,,UPI,Returned,South
274,713,2026-02-15,202,Home,2,33.59,24.88,15.45,4.19,-14.47,UPI,Pending,South
275,27,2025-06-26,161,Home,3,242.76,8.37,21.42,18.7,966.6,UPI,Completed,East
276,301,2026-05-15,257,Books,3,254.27,38.3,9.91,9.91,558.05,UPI,Cancelled,West
277,780,2026-04-17,166,Electronics,2,244.47,10.53,18.06,1.18,497.4,UPI,Cancelled,North
278,635,2025-09-10,295,Books,2,60.08,34.88,21.36,6.64,725.39,Cash,Pending,North
279,787,2025-08-16,181,Books,4,67.49,49.99,6.67,12.24,727.72,UPI,Pending,West
280,765,2026-04-15,222,Books,1,75.84,3.39,9.62,18.86,337.82,Card,Pending,South
281,538,2025-07-03,293,Books,4,116.37,15.87,13.63,13.67,580.46,Card,Returned,West
282,139,2026-02-05,272,Home,5,71.48,47.14,1.51,13.24,567.57,Cash,Pending,East
283,75,2026-05-03,161,Books,1,199.44,15.48,13.39,13.13,548.84,Card,Returned,South
284,13,2025-11-11,135,Home,1,76.16,22.3,17.29,19.0,329.56,Cash,Cancelled,South
285,57,2026-03-09,240,Electronics,5,68.23,18.57,17.6,8.84,625.11,Cash,Pending,West
286,839,2026-01-06,129,Home,5,174.2,31.41,14.09,4.46,414.96,Cash,Pending,South
287,397,2025-05-07,270,Home,3,253.98,6.38,5.49,11.4,967.14,UPI,Returned,South
288,752,2025-04-14,144,Electronics,2,122.14,7.92,21.81,5.59,215.43,Cash,Pending,North
289,369,2025-11-18,233,Books,5,220.39,43.55,14.09,6.54,691.07,Cash,Pending,East
290,704,2026-03-20,204,Electronics,5,246.07,19.26,23.99,1.75,701.91,Card,Pending,West
291,17,2025-10-31,294,Books,1,11.76,13.9,6.34,16.52,448.45,Card,Cancelled,North
292,587,2026-01-30,216,Electronics,1,58.38,29.87,1.34,10.97,654.8,Cash,Completed,North
293,800,2025-02-13,195,Home,3,249.48,22.99,10.58,3.32,-37.05,UPI,Pending,South
294,539,2025-11-15,267,Electronics,2,61.36,31.86,20.11,19.09,355.02,Card,Cancelled,East
295,58,2025-09-17,131,Electronics,1,293.81,9.9,1.66,4.4,171.57,UPI,Completed,South
296,768,2025-02-14,124,Electronics,4,239.77,25.79,25.86,4.7,223.74,UPI,Completed,West
297,879,2026-02-18,263,Home,1,20.76,21.69,11.05,2.28,383.9,Cash,Completed,North
298,231,2025-06-08,270,Electronics,4,128.55,37.31,11.39,10.45,125.71,Cash,Cancelled,West
299,331,2025-02-03,128,Books,3,147.55,42.83,12.62,19.73,258.03,Card,Completed,East
300,319,2026-04-15,213,Electronics,1,159.15,4.99,23.99,5.33,119.79,Cash,Returned,East
301,263,2026-02-03,139,Books,4,170.67,2.54,17.4,8.8,648.67,UPI,Pending,West
302,556,2026-02-17,274,Electronics,2,200.53,12.91,24.37,16.76,802.98,Cash,Completed,East
303,590,2026-01-03,129,Electronics,4,175.43,19.03,17.54,12.74,805.4,Card,Cancelled,West
304,193,2025-10-20,237,Home,3,50.65,4.86,20.78,7.72,278.01,UPI,Cancelled,West
305,205,2025-04-30,153,Books,3,254.47,38.51,2.32,6.3,762.56,Card,Returned,North
306,284,2025-11-27,284,Home,5,221.3,16.19,4.7,16.62,,UPI,Returned,East
307,702,2025-03-01,219,Home,1,136.89,36.67,21.78,16.53,,Card,Pending,North
308,858,2025-03-30,122,Books,2,43.71,31.96,8.25,10.62,680.33,Cash,Pending,South
309,745,2025-07-12,172,Electronics,5,198.94,45.58,6.5,0.87,31.25,Cash,Completed,West
310,7,2026-03-06,233,Home,5,10.74,29.35,16.75,16.1,850.43,Card,Cancelled,South
311,700,2025-01-04,121,Electronics,2,8.71,41.0,15.2,13.9,68.08,UPI,Cancelled,South
312,590,2025-02-16,196,Electronics,1,31.3,45.28,13.41,9.63,303.85,Cash,Cancelled,East
313,655,2025-08-03,210,Home,5,130.22,23.18,10.89,14.13,,Card,Pending,South
314,752,2025-12-28,285,Electronics,3,165.29,35.6,9.28,7.97,261.17,Cash,Cancelled,East
315,34,2025-09-23,294,Home,5,264.17,23.0,8.85,15.35,701.31,UPI,Cancelled,South
316,348,2025-04-09,225,Books,2,164.29,47.98,27.18,13.11,240.68,Card,Cancelled,South
317,179,2025-01-15,195,Electronics,3,38.27,48.96,21.85,8.63,805.36,UPI,Cancelled,East
318,168,2025-03-27,178,Home,5,172.29,21.03,22.53,16.81,84.87,UPI,Returned,South
319,104,2025-04-28,263,Home,5,127.53,5.02,26.51,7.31,791.65,UPI,Cancelled,East
320,760,2025-04-03,253,Books,3,70.64,18.78,5.63,10.87,915.91,Cash,Returned,East
321,674,2025-03-11,134,Electronics,3,214.46,7.08,6.7,10.99,872.88,Cash,Returned,East
322,378,2025-04-21,204,Books,4,87.14,12.7,19.01,17.11,842.77,Card,Completed,South
323,8,2025-12-26,250,Home,2,7.57,23.89,21.3,9.87,255.01,UPI,Completed,South
324,354,2025-12-17,161,Books,1,290.93,33.44,1.32,9.46,935.71,Cash,Returned,South
325,1008,2025-05-02,205,Books,3,241.57,25.73,3.08,2.08,765.47,UPI,Returned,North
326,333,2025-10-20,149,Books,2,165.5,34.08,6.97,2.53,688.52,Cash,Completed,North
327,285,2026-04-30,208,Home,5,258.32,4.22,20.73,18.83,410.09,Cash,Completed,East
328,245,2026-02-02,102,Home,1,183.6,46.3,21.15,11.53,903.59,Card,Pending,North
329,559,2026-03-22,290,Books,5,62.4,4.89,23.02,5.44,350.07,Card,Returned,West
330,801,2026-05-08,266,Home,1,288.57,6.0,1.44,12.2,-43.17,Cash,Completed,East
331,532,2025-03-21,241,Home,2,280.66,29.03,14.62,3.87,355.97,Card,Returned,West
332,198,2025-10-22,275,Books,4,100.23,40.99,18.89,17.74,570.78,Card,Completed,North
333,86,2025-11-21,183,Books,5,146.57,16.3,17.45,19.02,802.72,Cash,Cancelled,West
334,797,2025-11-13,102,Home,3,270.02,4.17,21.79,5.38,611.59,UPI,Returned,East
335,455,2026-05-11,226,Electronics,1,56.05,28.39,25.93,11.84,773.98,Cash,Pending,West
336,7,2025-02-04,208,Home,5,22.14,41.01,6.53,17.32,22.45,Cash,Pending,West
337,765,2026-03-12,273,Home,5,17.77,4.01,17.52,2.77,100.79,Card,Returned,North
338,252,2026-03-29,182,Home,3,245.91,6.71,13.52,9.93,627.69,UPI,Cancelled,West
339,752,2026-03-06,280,Books,5,203.36,32.86,6.38,5.0,783.0,Cash,Completed,South
340,925,2026-01-30,258,Home,5,273.66,19.13,5.37,19.78,770.64,Cash,Returned,North
341,210,2025-10-05,296,Books,2,237.11,46.63,12.22,15.65,186.24,UPI,Returned,South
342,568,2025-09-17,241,Home,1,49.53,39.32,6.12,3.15,440.7,Cash,Completed,East
343,198,2025-12-10,300,Home,2,227.9,29.91,12.46,4.84,417.32,UPI,Pending,North
344,144,2025-12-31,165,Home,3,254.68,49.72,22.13,12.6,657.64,UPI,Completed,East
345,517,2025-10-29,265,Home,3,30.61,9.45,24.77,2.8,528.61,UPI,Returned,West
346,566,2025-05-15,261,Home,2,148.72,18.03,16.44,9.09,188.55,Card,Returned,South
347,38,2026-03-17,226,Books,3,184.31,23.55,26.65,15.08,637.38,Card,Pending,South
348,293,2025-09-08,206,Books,1,24.33,37.97,22.04,19.58,784.69,Card,Completed,North
349,635,2025-03-29,215,Home,4,103.53,46.05,5.62,6.14,565.55,UPI,Cancelled,South
350,444,2025-07-01,176,Books,2,268.17,15.65,22.25,16.69,371.46,UPI,Pending,East
351,380,2025-05-21,212,Electronics,4,5.97,42.07,9.75,3.06,-42.18,Cash,Completed,South
352,521,2025-05-16,278,Books,1,200.68,2.12,3.59,14.93,772.09,Cash,Returned,South
353,647,2025-01-23,181,Books,2,40.14,29.97,1.44,0.21,269.37,UPI,Returned,West
353,647,2025-01-23,181,Books,2,40.14,29.97,1.44,0.21,269.37,UPI,Returned,West
355,140,2025-07-23,243,Books,1,10.6,1.75,12.23,16.42,910.54,Cash,Cancelled,North
356,292,2025-03-22,254,Books,4,263.54,8.8,12.87,5.3,883.21,Cash,Cancelled,South
357,721,2025-11-20,226,Books,3,13.68,34.83,26.96,1.43,527.06,Cash,Pending,North
358,559,2025-01-26,297,Home,1,259.19,10.44,24.18,0.87,-22.8,UPI,Completed,East
359,56,2026-05-13,280,Books,4,50.84,10.7,15.82,5.33,15.16,Card,Pending,South
360,387,2026-02-11,197,Home,3,55.74,29.56,13.93,9.16,713.8,Card,Cancelled,North
361,270,2025-10-27,123,Books,1,10.17,16.0,11.88,11.84,930.57,Card,Cancelled,South
362,199,2025-10-17,180,Home,5,278.36,16.15,23.2,18.78,528.9,Cash,Returned,North
363,427,2026-03-06,221,Home,5,162.8,33.15,15.41,4.59,250.41,Card,Returned,East
364,226,2025-08-16,238,Electronics,4,176.67,25.67,26.98,18.56,697.05,Card,Cancelled,South
365,41,2025-06-16,123,Home,1,11.09,31.69,22.79,18.07,76.87,Card,Pending,North
366,203,2025-02-23,206,Electronics,2,76.05,17.43,8.55,2.81,22.51,UPI,Pending,East
367,990,2025-07-03,155,Books,3,202.19,35.68,18.22,18.09,952.43,Card,Returned,South
368,904,2025-01-23,224,Home,3,72.64,26.83,10.99,8.78,24.19,Cash,Cancelled,West
369,549,2025-04-21,183,Books,4,27.13,25.34,8.73,12.71,299.38,Card,Returned,South
370,1016,2025-05-23,204,Books,3,198.89,14.59,1.87,17.21,445.87,Cash,Pending,South
371,696,2026-04-28,115,Home,1,240.03,32.14,21.21,11.79,699.62,Cash,Pending,South
371,696,2026-04-28,115,Home,1,240.03,32.14,21.21,11.79,699.62,Cash,Pending,South
373,23,2025-11-01,104,Books,2,52.87,5.39,15.96,14.43,695.97,Card,Returned,East
374,396,2025-10-02,178,Home,5,66.19,18.8,13.87,12.81,169.63,UPI,Returned,West
375,539,2025-06-16,186,Electronics,1,46.51,33.01,9.61,0.15,971.48,UPI,Cancelled,North
376,503,2026-04-19,121,Home,3,124.49,40.04,26.17,11.36,912.77,UPI,Cancelled,North
377,824,2026-01-05,286,Electronics,4,82.86,15.12,22.2,17.63,-24.16,UPI,Completed,South
378,43,2025-06-23,259,Home,1,145.94,29.65,10.2,1.4,889.82,Card,Completed,South
379,758,2025-12-12,278,Books,4,207.1,46.73,12.2,2.7,697.15,Card,Returned,East
380,56,2025-01-10,141,Home,3,139.86,46.09,18.97,5.46,108.75,Card,Returned,North
381,725,2026-04-20,139,Books,5,126.87,5.29,27.47,19.61,635.17,Card,Cancelled,North
382,113,2025-10-02,252,Electronics,4,150.63,36.11,8.06,19.9,-0.17,Cash,Returned,East
383,250,2025-09-20,272,Books,2,183.79,23.66,8.52,3.2,510.3,UPI,Cancelled,South
384,650,2026-05-12,241,Home,1,136.67,49.34,11.22,18.3,364.99,Card,Completed,North
385,935,2025-03-14,127,Electronics,4,167.59,23.48,7.56,10.31,836.21,Card,Completed,South
386,925,2025-11-19,285,Books,3,293.56,22.11,1.69,14.85,6.58,UPI,Pending,West
387,812,2026-05-01,241,Home,1,214.78,7.65,23.68,11.1,324.23,Cash,Completed,South
388,688,2026-02-23,288,Electronics,2,83.3,47.24,6.25,15.9,959.83,UPI,Returned,East
389,12,2026-02-17,188,Home,3,107.58,24.85,11.27,4.34,566.0,Cash,Pending,East
390,641,2025-06-30,188,Home,1,41.51,23.27,6.57,17.97,93.03,Cash,Pending,East
391,987,2025-09-05,131,Home,2,138.7,38.96,23.03,17.75,492.81,Card,Pending,West
392,524,2025-07-02,193,Books,5,167.21,14.27,1.43,15.66,90.28,Cash,Completed,North
393,764,2026-03-14,124,Books,3,49.52,9.61,19.17,15.11,448.34,Cash,Returned,East
394,113,2026-02-17,164,Books,2,120.45,26.14,22.46,15.7,481.24,UPI,Cancelled,West
395,378,2025-10-10,139,Books,1,139.01,41.18,22.1,13.58,830.34,Card,Pending,West
396,122,2025-05-01,289,Home,1,238.69,24.05,17.07,11.03,282.88,Card,Returned,North
397,108,2026-01-07,274,Home,3,66.56,48.9,18.77,2.96,143.01,UPI,Cancelled,West
397,108,2026-01-07,274,Home,3,66.56,48.9,18.77,2.96,143.01,UPI,Cancelled,West
399,448,2025-08-29,257,Books,4,287.68,40.5,2.82,10.97,793.0,UPI,Completed,West
400,317,2025-09-29,184,Electronics,1,262.91,45.61,7.55,1.08,772.23,Card,Pending,North
401,274,2025-11-29,283,Books,2,225.07,25.56,3.93,16.0,401.9,Card,Pending,East
402,265,2026-05-05,291,Electronics,3,214.87,5.41,20.59,19.67,841.25,UPI,Pending,East
403,988,2025-06-06,263,Books,4,280.05,3.74,5.91,11.68,176.45,Card,Completed,East
404,478,2025-05-14,141,Home,1,223.86,38.53,15.0,19.35,746.55,Card,Cancelled,South
405,772,2026-03-11,251,Home,4,219.32,48.15,21.07,8.89,562.56,UPI,Pending,North
406,958,2025-12-28,102,Home,3,173.06,8.67,24.13,0.79,437.6,Cash,Cancelled,West
407,82,2026-04-19,124,Electronics,2,42.52,34.4,11.42,19.32,-0.02,UPI,Pending,East
408,904,2026-03-07,186,Electronics,5,76.45,32.98,7.52,2.94,106.42,Card,Completed,North
409,675,2025-03-16,124,Books,3,240.72,48.81,23.32,3.66,371.03,UPI,Returned,East
410,167,2025-03-02,196,Books,5,212.11,8.77,2.78,4.32,27.21,Card,Completed,West
411,831,2025-06-08,300,Electronics,5,105.46,37.87,28.19,0.65,770.79,Cash,Cancelled,South
412,127,2025-04-11,157,Electronics,1,224.21,26.09,29.26,12.88,530.81,Card,Pending,West
413,398,2025-10-21,194,Home,2,131.99,16.86,1.8,16.62,74.74,UPI,Completed,East
414,184,2025-09-17,128,Home,1,56.01,24.38,20.51,17.78,555.22,UPI,Pending,North
415,214,2026-03-20,274,Books,3,152.83,41.36,1.19,0.41,2.07,Cash,Pending,West
416,652,2025-09-13,228,Electronics,1,90.24,47.66,1.26,10.43,239.22,Cash,Completed,East
417,678,2025-02-15,170,Books,5,178.09,10.93,19.2,9.53,333.61,Cash,Cancelled,West
418,834,2025-03-04,269,Books,2,151.79,0.34,9.7,11.35,890.29,Cash,Cancelled,South
419,508,2025-04-11,168,Books,3,107.99,19.02,8.94,13.52,389.45,Cash,Cancelled,West
420,644,2025-03-03,294,Electronics,1,143.32,48.65,17.38,16.51,202.39,Card,Completed,West
421,375,2025-05-27,248,Electronics,3,162.99,35.92,19.58,5.83,547.79,Card,Returned,South
422,520,2025-07-31,127,Home,5,133.79,3.52,17.42,5.31,286.94,UPI,Completed,North
423,738,2026-03-09,238,Home,2,239.44,33.35,25.14,1.24,412.61,Card,Cancelled,North
424,586,2025-10-20,130,Books,1,293.77,1.61,17.75,4.13,868.08,UPI,Cancelled,South
425,640,2025-12-31,282,Electronics,2,59.0,11.58,19.37,1.81,909.25,UPI,Pending,West
426,146,2025-07-24,203,Electronics,2,181.01,26.65,9.64,2.18,435.6,UPI,Cancelled,South
427,157,2025-01-13,120,Home,3,169.42,38.58,27.38,11.39,,Cash,Cancelled,South
428,380,2026-03-24,123,Home,5,99.21,43.02,1.65,13.38,890.02,Card,Completed,South
429,527,2025-10-07,157,Books,4,56.3,47.42,22.96,3.94,185.9,Card,Pending,South
430,456,2026-04-24,188,Home,5,135.42,35.26,24.05,19.31,588.93,Cash,Completed,West
431,726,2025-11-19,138,Books,2,5.14,22.76,6.41,19.54,224.18,Card,Returned,North
432,878,2026-05-13,167,Electronics,2,195.46,39.94,1.08,9.18,816.57,UPI,Pending,East
433,827,2025-03-28,254,Books,3,83.28,32.54,27.72,16.98,660.27,Cash,Completed,East
434,647,2026-01-30,177,Electronics,2,257.15,49.34,23.23,17.57,787.55,UPI,Cancelled,North
435,359,2025-07-27,195,Home,1,21.73,23.51,6.0,11.55,702.8,Card,Pending,East
436,417,2026-02-19,215,Electronics,3,53.42,17.62,18.8,0.29,97.34,Card,Completed,South
437,315,2025-04-24,218,Home,2,97.32,9.08,3.38,6.13,878.35,Card,Returned,North
438,201,2026-04-30,280,Home,4,53.83,13.04,18.99,15.57,334.06,UPI,Returned,North
439,674,2026-01-05,161,Home,3,179.28,13.27,20.07,1.92,216.01,Card,Cancelled,North
440,769,2025-06-08,152,Electronics,1,175.99,48.29,16.75,16.01,908.99,UPI,Pending,East
440,769,2025-06-08,152,Electronics,1,175.99,48.29,16.75,16.01,908.99,UPI,Pending,East
442,634,2025-09-10,212,Books,3,60.53,43.79,15.28,12.21,454.22,Card,Returned,North
443,281,2026-01-26,284,Books,2,165.15,7.89,18.86,3.93,819.16,Cash,Pending,South
444,293,2026-02-07,202,Electronics,2,287.54,0.7,16.0,14.54,197.59,Cash,Pending,North
445,983,2025-09-16,116,Electronics,1,180.6,37.99,13.04,18.49,33.29,Cash,Completed,West
446,21,2026-05-01,274,Electronics,3,200.85,24.78,10.21,3.91,764.33,Card,Pending,West
447,359,2025-01-08,145,Home,2,229.81,0.51,18.58,7.21,358.82,Card,Completed,North
448,762,2025-01-15,129,Home,3,194.53,15.63,6.23,14.32,-30.72,Cash,Completed,South
449,149,2025-09-10,271,Electronics,2,219.19,33.97,14.67,5.43,750.58,Card,Returned,North
450,556,2025-12-24,180,Electronics,4,96.99,37.17,21.03,0.23,309.71,Cash,Pending,East
451,194,2025-04-14,250,Electronics,1,28.65,42.43,10.26,18.12,210.95,Card,Completed,West
452,297,2025-07-04,171,Electronics,2,232.61,18.38,22.07,12.43,761.1,Cash,Cancelled,South
453,475,2026-02-18,228,Home,4,116.88,30.91,23.84,15.33,902.81,Cash,Cancelled,North
454,989,2025-02-20,240,Electronics,4,164.13,25.49,27.03,17.09,638.82,Card,Returned,West
455,371,2025-11-24,298,Home,5,151.81,49.6,7.14,13.43,370.58,Cash,Cancelled,East
456,945,2025-06-27,117,Books,2,209.25,29.51,4.19,10.27,245.29,UPI,Pending,South
457,923,2025-04-27,237,Electronics,2,165.85,16.66,17.27,6.47,268.85,Cash,Completed,South
458,593,2025-11-30,268,Books,2,231.44,40.93,15.13,0.91,799.08,UPI,Pending,South
459,929,2026-04-11,108,Books,2,269.64,5.64,13.1,10.81,465.0,Card,Completed,North
460,207,2026-02-06,109,Electronics,4,244.2,9.83,3.36,13.06,900.16,Cash,Completed,West
461,47,2026-02-10,205,Electronics,5,165.97,35.17,23.82,5.32,387.36,UPI,Returned,North
462,898,2025-01-01,158,Books,4,234.45,18.08,12.99,1.22,479.05,Card,Returned,East
463,483,2025-01-16,128,Electronics,5,293.18,6.77,20.06,0.65,,Cash,Cancelled,North
464,517,2025-06-28,287,Books,3,96.82,27.77,23.22,16.73,258.3,UPI,Pending,West
465,606,2025-05-06,177,Books,1,132.35,12.35,3.35,13.92,996.55,UPI,Cancelled,West
466,453,2025-08-26,262,Books,2,122.37,35.36,6.9,2.28,581.44,Cash,Completed,North
467,292,2025-03-04,188,Home,4,279.74,8.63,3.72,3.39,120.51,UPI,Pending,West
468,70,2025-05-01,123,Electronics,3,297.1,28.18,29.97,6.34,41.04,Cash,Cancelled,North
469,731,2025-12-20,170,Books,1,138.29,41.27,2.45,3.74,168.61,UPI,Returned,North
470,843,2025-01-03,208,Home,3,141.47,28.06,22.26,5.09,830.47,UPI,Cancelled,North
471,41,2025-11-11,268,Electronics,1,44.22,37.74,7.92,14.74,456.11,Cash,Cancelled,West
472,891,2026-01-13,285,Home,1,151.16,27.48,29.05,9.36,10.7,Card,Returned,South
473,431,2025-01-02,109,Books,4,267.83,15.0,6.74,16.88,359.5,Card,Pending,East
474,1018,2026-04-18,256,Electronics,2,68.62,45.36,15.94,8.36,295.98,UPI,Completed,East
475,361,2026-03-19,288,Electronics,2,258.68,14.27,16.01,9.91,685.71,UPI,Cancelled,West
476,876,2026-03-26,298,Electronics,4,184.54,2.16,15.25,1.32,,UPI,Pending,East
477,526,2026-01-03,116,Books,3,157.06,8.88,22.0,0.32,304.3,Cash,Completed,East
478,682,2025-12-01,163,Home,1,206.92,22.59,8.82,1.19,963.04,Card,Returned,West
479,52,2025-06-01,276,Books,5,148.3,41.1,2.39,0.49,167.18,Card,Returned,East
480,914,2025-12-29,182,Electronics,3,238.32,18.02,8.86,18.99,250.59,Card,Cancelled,South
481,609,2025-09-22,127,Home,2,289.14,46.36,7.34,3.28,478.38,UPI,Cancelled,East
482,244,2025-08-12,122,Home,1,92.13,7.9,28.86,14.51,346.17,Card,Completed,North
483,117,2025-11-06,187,Home,3,174.96,35.14,4.44,1.49,836.06,UPI,Returned,South
484,874,2025-11-17,279,Home,3,203.69,5.64,24.14,4.37,390.01,Cash,Cancelled,North
485,713,2026-01-24,218,Electronics,4,200.46,39.83,28.86,0.52,665.21,Card,Completed,East
486,438,2025-10-24,163,Home,3,59.2,44.09,20.77,17.46,757.5,Card,Completed,South
487,989,2025-04-15,178,Books,4,194.59,43.16,17.66,2.81,487.06,Cash,Cancelled,North
488,816,2025-12-02,209,Books,5,238.92,1.29,20.37,12.97,232.9,Card,Cancelled,East
489,266,2026-05-08,105,Books,1,131.75,40.3,23.72,14.27,942.32,Cash,Cancelled,South
490,483,2025-02-23,172,Books,2,8.92,23.16,11.07,12.77,790.83,Card,Completed,North
491,964,2025-12-31,190,Home,4,139.56,20.27,4.14,16.1,479.1,Cash,Cancelled,East
492,343,2025-03-25,273,Electronics,5,56.17,28.08,3.85,9.21,566.44,Cash,Completed,East
493,771,2025-02-21,158,Home,3,115.62,42.5,25.74,4.16,64.33,Cash,Completed,South
493,771,2025-02-21,158,Home,3,115.62,42.5,25.74,4.16,64.33,Cash,Completed,South
495,431,2026-03-19,181,Electronics,1,271.82,7.07,24.57,0.27,748.5,UPI,Returned,South
496,462,2025-05-09,232,Books,1,147.86,9.99,17.66,6.82,982.91,Cash,Completed,North
497,904,2025-01-25,297,Home,3,52.26,9.14,25.67,6.32,751.24,UPI,Completed,South
498,273,2025-04-29,198,Books,4,216.21,3.05,16.65,0.73,838.43,UPI,Completed,East
499,794,2026-03-15,152,Books,3,165.21,24.53,29.92,5.88,68.04,UPI,Cancelled,East
500,500,2026-03-08,172,Electronics,5,144.87,30.94,6.92,0.48,299.59,Card,Returned,South
501,232,2025-11-15,134,Home,3,122.03,31.48,1.03,9.57,36.64,UPI,Returned,North
502,476,2025-05-02,281,Books,3,54.72,46.04,22.62,13.04,662.41,Card,Returned,South
503,956,2025-03-17,220,Home,4,146.19,8.22,23.64,13.8,549.61,Card,Returned,South
504,42,2025-10-31,258,Electronics,2,47.86,47.51,17.4,14.37,279.83,Cash,Pending,South
505,223,2025-05-19,118,Books,4,86.55,35.03,13.99,5.17,529.6,Cash,Cancelled,South
506,618,2025-05-13,218,Home,5,234.74,31.54,17.61,2.21,989.14,Cash,Completed,North
507,95,2025-07-30,123,Books,2,84.26,5.79,25.42,18.12,,UPI,Cancelled,East
508,719,2025-05-11,238,Home,1,105.04,7.27,28.2,10.8,365.27,Card,Pending,South
509,475,2025-12-24,208,Books,4,67.07,33.97,27.77,2.95,502.12,Card,Completed,South
510,413,2025-03-21,158,Books,3,42.3,40.35,10.83,8.75,575.14,UPI,Returned,South
511,763,2026-01-29,159,Home,1,37.52,42.51,14.62,7.09,739.67,Cash,Pending,West
512,890,2025-05-12,153,Home,1,234.77,6.13,7.32,1.45,814.25,Cash,Pending,North
513,837,2025-02-01,222,Books,4,177.71,17.02,15.74,19.93,668.3,UPI,Pending,East
514,765,2025-07-26,142,Books,4,152.62,39.9,13.51,1.27,945.59,Cash,Returned,North
515,999,2025-04-29,102,Electronics,1,77.98,32.83,29.51,15.04,797.49,Cash,Completed,East
516,128,2025-04-06,257,Electronics,5,92.45,29.61,8.46,0.89,40.6,Cash,Returned,South
517,11,2025-09-14,164,Electronics,2,209.83,45.91,2.65,16.91,514.09,UPI,Returned,North
518,324,2025-03-30,166,Electronics,1,78.6,10.11,8.31,18.95,918.23,Cash,Cancelled,South
519,117,2025-04-27,214,Electronics,3,154.73,23.66,19.41,10.9,575.59,UPI,Returned,North
520,993,2025-09-04,123,Home,2,152.87,40.69,26.83,16.23,583.8,UPI,Returned,South
521,58,2025-01-16,203,Electronics,5,65.49,31.47,13.35,13.46,288.63,UPI,Returned,South
522,677,2025-03-12,234,Home,4,225.72,8.53,14.72,0.02,959.15,Card,Completed,West
523,722,2025-11-01,105,Home,1,52.68,37.46,1.45,8.74,,UPI,Cancelled,South
524,972,2025-03-14,294,Home,2,160.64,45.19,1.48,2.44,49.12,Card,Returned,West
525,954,2025-03-07,128,Books,1,219.06,7.41,12.64,1.96,607.75,UPI,Pending,East
526,106,2025-01-05,227,Home,5,144.43,46.12,9.57,13.78,281.72,Cash,Returned,East
527,926,2025-07-04,259,Electronics,1,232.27,9.68,18.08,9.93,344.94,Cash,Completed,North
528,625,2026-01-12,106,Home,2,265.93,46.64,18.19,17.86,490.99,Card,Pending,South
529,615,2025-06-16,126,Books,3,86.3,31.26,9.52,12.57,54.59,Card,Cancelled,North
530,78,2025-03-04,209,Home,3,92.6,32.81,17.86,18.32,353.46,UPI,Returned,East
531,301,2026-01-28,147,Books,2,24.52,35.59,7.21,2.69,708.89,Cash,Cancelled,South
532,750,2025-08-28,105,Books,3,175.03,34.87,3.12,14.9,906.06,Card,Returned,East
533,37,2026-04-10,284,Books,1,18.69,23.69,9.0,0.57,405.56,Card,Returned,West
534,312,2025-08-04,235,Home,2,81.25,41.06,4.65,1.92,567.98,UPI,Pending,North
535,203,2025-09-01,116,Electronics,1,68.25,22.35,19.15,5.47,60.48,UPI,Completed,North
536,747,2025-06-20,246,Books,4,227.79,35.76,28.95,5.9,689.77,Cash,Cancelled,East
537,323,2026-03-02,100,Books,1,54.08,44.2,18.46,16.34,510.37,UPI,Cancelled,East
538,429,2025-02-12,262,Home,2,150.85,19.34,19.24,13.68,282.57,Cash,Returned,North
539,908,2025-06-27,195,Books,4,12.26,12.95,9.24,3.69,235.1,UPI,Returned,South
540,261,2025-06-09,152,Books,3,26.0,8.09,14.85,17.48,985.26,Cash,Returned,West
541,227,2025-05-11,147,Electronics,5,255.92,43.78,20.82,8.35,511.43,Cash,Pending,North
542,925,2025-07-28,144,Books,1,221.34,4.85,27.72,6.39,191.78,Cash,Completed,South
543,249,2025-08-11,186,Books,4,106.24,41.57,10.64,11.09,438.73,Cash,Completed,East
544,734,2026-01-02,128,Home,3,168.24,13.06,13.81,4.12,487.62,Card,Pending,South
545,999,2026-03-01,153,Books,3,99.9,45.26,5.31,4.13,179.66,UPI,Pending,North
546,495,2025-08-25,108,Home,3,291.66,21.91,15.42,15.44,207.91,Cash,Returned,South
547,26,2025-08-16,280,Home,4,48.3,23.16,20.29,5.37,170.13,Cash,Returned,East
548,596,2025-12-06,183,Books,1,117.86,28.67,2.98,0.5,574.86,Card,Returned,West
549,686,2025-06-04,273,Electronics,5,217.34,33.38,22.77,3.17,868.09,UPI,Returned,North
549,686,2025-06-04,273,Electronics,5,217.34,33.38,22.77,3.17,868.09,UPI,Returned,North
551,262,2025-01-23,229,Books,1,86.5,41.87,2.25,12.69,687.91,Cash,Cancelled,East
552,637,2025-05-04,154,Books,1,55.63,35.83,2.26,6.94,176.16,Cash,Pending,West
553,942,2025-02-14,178,Electronics,2,105.97,2.39,18.95,11.67,601.71,Cash,Cancelled,East
554,352,2026-03-18,134,Home,4,81.06,43.92,3.02,6.8,900.9,Card,Pending,South
555,133,2025-04-16,277,Home,3,269.29,10.88,25.85,8.72,114.35,UPI,Completed,South
556,186,2026-01-05,144,Electronics,4,158.71,2.52,6.77,12.76,103.2,UPI,Cancelled,West
557,375,2026-03-16,207,Books,3,150.6,35.08,17.0,9.98,156.03,UPI,Returned,East
558,217,2026-01-12,219,Home,3,13.31,46.17,27.22,2.25,173.5,Cash,Cancelled,South
559,346,2025-11-24,109,Electronics,5,140.33,41.51,11.83,8.67,344.18,Card,Pending,North
560,302,2025-02-07,260,Electronics,3,30.94,16.79,18.94,12.85,185.8,Card,Returned,South
561,57,2025-05-14,156,Home,2,202.51,36.39,2.46,19.56,324.85,Card,Pending,West
562,553,2025-04-20,198,Books,4,284.97,40.64,2.02,4.48,552.82,UPI,Pending,South
563,693,2025-06-11,264,Books,2,208.78,8.1,21.95,7.72,341.33,UPI,Completed,North
564,527,2025-06-11,200,Electronics,5,92.1,0.03,18.77,12.53,664.04,Cash,Pending,East
565,667,2026-01-22,190,Home,1,169.68,35.85,6.61,8.36,247.03,UPI,Returned,East
565,667,2026-01-22,190,Home,1,169.68,35.85,6.61,8.36,247.03,UPI,Returned,East
567,90,2025-08-31,199,Books,2,217.82,49.46,8.19,9.59,508.54,Card,Cancelled,South
568,1005,2025-10-27,234,Electronics,2,233.09,23.39,14.26,6.53,921.68,UPI,Returned,South
569,987,2025-09-02,271,Books,1,74.8,34.45,1.75,1.56,909.72,UPI,Returned,South
570,771,2025-08-15,274,Books,5,6.1,21.3,18.88,11.63,135.18,Cash,Cancelled,West
571,67,2026-04-25,270,Books,2,95.5,18.18,4.39,9.71,108.14,Card,Returned,East
572,754,2026-03-04,137,Home,5,29.5,36.54,29.94,5.34,692.73,Card,Returned,North
573,480,2025-05-26,272,Electronics,4,152.71,31.4,29.58,14.81,619.64,Cash,Completed,West
574,420,2026-01-24,211,Home,2,78.79,17.43,10.1,18.48,-27.82,Card,Completed,East
575,712,2026-02-08,124,Home,3,135.47,7.04,4.07,8.21,646.27,UPI,Cancelled,North
576,99,2025-03-10,288,Books,2,190.49,21.34,25.36,13.81,,Cash,Returned,South
577,449,2026-01-24,114,Books,4,150.36,43.66,25.79,18.53,,UPI,Completed,West
578,166,2025-03-23,120,Electronics,3,296.43,8.61,22.95,5.5,890.2,Card,Pending,South
579,1020,2025-11-15,223,Home,5,119.86,8.34,12.7,18.71,278.94,Cash,Returned,South
580,17,2025-12-03,282,Electronics,1,293.11,43.12,4.91,7.64,163.83,Card,Completed,East
581,558,2026-04-09,207,Home,5,288.02,48.58,28.17,8.13,570.46,Card,Pending,South
582,946,2025-09-18,296,Home,2,46.24,25.57,16.2,6.87,161.87,Card,Completed,West
583,912,2026-01-30,277,Electronics,4,26.06,25.57,27.54,17.61,120.05,Card,Pending,North
584,86,2025-10-11,260,Home,3,204.09,2.14,26.89,19.16,912.35,Cash,Cancelled,East
585,545,2026-03-03,245,Home,2,27.0,11.28,1.38,13.15,175.97,UPI,Cancelled,East
586,448,2025-11-25,160,Home,3,61.68,3.46,5.61,0.98,710.02,Card,Pending,South
587,368,2025-04-21,203,Electronics,3,184.24,22.65,9.15,1.25,548.54,Card,Pending,North
588,623,2025-04-22,243,Books,2,249.5,29.54,1.93,16.47,474.12,Card,Cancelled,East
589,835,2025-12-29,129,Electronics,2,240.8,27.98,8.18,11.43,126.93,Cash,Cancelled,West
590,371,2026-04-07,132,Home,3,186.43,21.02,17.97,16.38,39.54,Card,Cancelled,East
591,424,2025-05-10,189,Books,5,250.16,1.91,14.55,3.98,738.93,UPI,Cancelled,West
592,48,2025-06-19,112,Electronics,2,74.79,5.59,23.08,1.27,701.38,Card,Completed,North
593,876,2026-02-05,291,Electronics,1,70.01,39.05,1.44,2.83,441.36,Card,Pending,West
594,996,2025-11-03,109,Electronics,5,170.34,47.09,22.28,12.87,988.48,UPI,Cancelled,South
595,21,2025-11-13,177,Electronics,1,44.52,31.13,21.08,14.24,176.2,Card,Pending,West
596,291,2025-07-25,199,Home,2,200.83,1.99,20.51,4.87,632.98,Cash,Cancelled,West
597,999,2025-12-19,183,Home,3,17.61,27.5,1.04,7.81,344.65,Card,Pending,South
598,485,2026-01-14,254,Electronics,4,67.62,2.33,14.51,6.77,941.05,UPI,Pending,East
599,492,2026-01-25,255,Books,4,237.25,15.19,25.15,3.66,406.13,Card,Completed,South
600,815,2025-12-14,217,Books,4,27.43,49.93,16.27,9.51,903.1,Card,Cancelled,East
601,549,2025-12-16,160,Books,5,164.0,8.2,20.82,12.77,875.02,Card,Completed,West
602,839,2025-08-16,197,Home,3,287.6,20.92,27.82,6.33,137.97,Card,Returned,West
603,916,2025-02-20,129,Books,1,6.13,11.97,12.7,3.91,281.48,Cash,Cancelled,South
604,175,2025-05-26,175,Home,1,88.09,11.27,7.45,10.38,811.04,Card,Returned,West
605,789,2025-10-08,198,Books,2,141.77,25.47,4.08,4.83,109.72,UPI,Completed,North
606,997,2026-03-19,239,Home,1,252.21,34.63,20.93,7.15,305.32,UPI,Completed,South
607,875,2025-10-04,189,Electronics,2,21.64,21.93,2.58,14.92,748.16,UPI,Cancelled,South
608,663,2025-12-12,250,Electronics,1,51.97,48.15,9.63,9.1,152.85,UPI,Completed,East
609,696,2025-05-25,286,Home,1,269.28,49.47,24.44,19.2,66.88,Card,Completed,North
609,696,2025-05-25,286,Home,1,269.28,49.47,24.44,19.2,66.88,Card,Completed,North
611,294,2025-07-07,265,Books,2,89.71,7.44,9.64,15.79,122.05,Cash,Pending,East
611,294,2025-07-07,265,Books,2,89.71,7.44,9.64,15.79,122.05,Cash,Pending,East
613,252,2025-03-15,268,Electronics,4,134.62,0.69,5.97,13.92,-35.08,Cash,Cancelled,South
614,102,2026-04-13,149,Electronics,4,239.6,36.37,21.61,12.02,633.37,UPI,Cancelled,East
615,559,2026-01-31,228,Electronics,4,276.2,36.61,4.12,9.9,643.31,UPI,Returned,West
616,368,2026-03-06,276,Electronics,5,35.77,29.93,16.49,15.63,335.24,UPI,Completed,South
617,625,2025-09-11,136,Electronics,4,216.6,36.66,22.85,4.23,736.49,Card,Cancelled,South
618,898,2025-08-02,286,Electronics,1,299.82,48.76,23.74,3.03,760.26,UPI,Pending,South
619,209,2025-12-22,114,Books,1,93.44,5.42,17.83,1.44,498.88,Cash,Cancelled,West
620,388,2026-03-18,229,Home,4,111.73,22.69,4.05,18.17,864.64,UPI,Completed,East
621,624,2025-11-12,178,Electronics,3,47.28,36.91,20.17,1.41,669.34,UPI,Pending,North
622,659,2025-11-26,284,Books,4,6.28,48.46,21.99,12.17,243.91,UPI,Cancelled,East
623,455,2025-12-03,217,Electronics,2,125.99,8.65,5.8,17.92,825.18,Card,Pending,South
624,175,2025-12-19,149,Books,2,238.43,42.61,8.96,7.44,546.41,Card,Cancelled,East
624,175,2025-12-19,149,Books,2,238.43,42.61,8.96,7.44,546.41,Card,Cancelled,East
624,175,2025-12-19,149,Books,2,238.43,42.61,8.96,7.44,546.41,Card,Cancelled,East
627,88,2025-01-21,265,Home,1,278.59,41.09,13.28,12.51,-47.28,UPI,Completed,South
628,892,2026-02-09,150,Home,4,75.83,3.18,28.75,9.28,648.61,Cash,Completed,East
629,1004,2025-08-02,125,Books,1,133.23,13.47,28.8,19.51,134.45,Card,Returned,South
630,878,2025-11-10,171,Electronics,1,270.91,39.72,28.42,17.95,602.11,Cash,Pending,East
631,260,2026-03-16,292,Books,3,234.89,26.03,20.51,19.08,549.0,UPI,Completed,North
632,134,2025-01-17,207,Electronics,5,197.59,29.17,28.1,6.98,459.12,Cash,Pending,East
633,563,2026-01-23,183,Home,5,242.42,41.89,25.48,17.15,884.94,Cash,Cancelled,East
634,621,2026-03-25,153,Home,1,213.62,20.11,9.14,5.97,341.7,Cash,Completed,South
635,192,2026-03-14,145,Electronics,1,95.63,2.45,3.26,2.91,251.53,UPI,Cancelled,West
636,734,2025-05-12,262,Electronics,5,217.61,19.75,9.17,6.04,719.09,Cash,Pending,South
637,961,2026-05-04,270,Electronics,2,17.64,14.78,14.41,4.35,646.34,UPI,Pending,East
638,827,2025-01-10,251,Electronics,1,75.97,18.22,21.43,7.31,130.79,Cash,Returned,East
639,941,2025-05-14,205,Electronics,2,65.13,19.16,29.57,12.56,831.97,Card,Cancelled,South
640,732,2026-04-10,268,Books,3,191.42,34.31,20.93,4.73,120.77,UPI,Cancelled,East
641,936,2025-02-17,297,Home,1,77.28,3.0,6.97,1.14,20.75,UPI,Returned,North
642,865,2026-02-26,230,Books,3,66.57,36.68,16.54,10.1,288.73,Card,Cancelled,North
643,807,2025-03-12,242,Books,4,91.9,40.19,19.06,10.89,,Card,Pending,West
644,716,2025-07-18,131,Home,2,142.41,6.57,18.16,5.38,191.59,Cash,Pending,South
645,938,2025-04-27,286,Electronics,2,167.4,2.69,27.8,15.78,681.6,Cash,Pending,North
646,487,2026-04-17,295,Books,3,288.05,4.16,23.29,9.9,315.27,Cash,Cancelled,West
647,511,2025-05-19,171,Books,1,77.54,11.64,1.61,6.74,133.08,Cash,Returned,North
648,968,2025-07-16,272,Books,1,222.24,40.35,23.35,19.65,663.63,Cash,Pending,North
649,125,2026-03-16,209,Books,4,179.52,44.73,25.09,16.84,982.95,Cash,Returned,North
650,994,2026-04-24,234,Home,2,268.74,15.96,23.82,3.96,404.3,UPI,Pending,East
651,273,2025-02-16,122,Home,4,200.37,17.79,21.89,4.38,751.18,Card,Returned,East
652,280,2025-03-25,128,Home,1,254.0,24.26,19.76,9.8,588.51,Card,Returned,South
653,244,2025-08-26,221,Home,3,6.45,26.19,11.02,16.57,931.58,UPI,Cancelled,North
654,779,2025-06-25,192,Electronics,5,90.46,27.66,20.56,12.63,-4.43,Card,Completed,East
655,51,2025-11-29,264,Books,1,228.28,33.55,17.69,3.79,581.64,UPI,Returned,North
656,575,2025-09-08,203,Home,5,38.66,0.09,19.59,8.97,988.87,Cash,Returned,West
657,474,2025-02-09,226,Electronics,4,218.19,11.09,28.15,6.54,,Cash,Pending,West
658,491,2026-03-17,223,Home,1,18.47,49.47,5.87,2.58,470.17,Card,Cancelled,South
659,343,2025-07-30,294,Electronics,5,230.78,15.18,11.39,14.97,106.16,UPI,Returned,South
660,594,2025-06-22,116,Home,1,47.96,25.87,15.29,11.27,485.65,Card,Completed,South
661,150,2025-01-18,266,Home,3,96.01,45.84,9.51,8.45,692.37,Cash,Pending,South
662,194,2026-04-28,283,Home,3,31.33,19.0,15.36,0.08,505.34,UPI,Cancelled,North
662,194,2026-04-28,283,Home,3,31.33,19.0,15.36,0.08,505.34,UPI,Cancelled,North
664,414,2025-12-01,262,Home,4,22.82,7.38,21.44,16.89,619.63,Card,Returned,East
665,751,2025-07-24,209,Books,4,234.33,0.22,19.46,12.94,-24.09,UPI,Cancelled,South
666,760,2025-10-05,249,Home,2,111.75,9.88,15.0,7.12,6.82,Cash,Cancelled,South
667,216,2025-07-24,287,Books,2,69.62,26.21,10.34,7.52,,Cash,Completed,East
668,524,2025-08-15,169,Electronics,4,182.07,45.59,3.3,12.71,903.48,Cash,Completed,South
669,851,2025-09-10,250,Electronics,5,270.39,47.94,18.96,11.4,36.82,Cash,Completed,West
670,402,2025-07-07,260,Books,5,23.37,45.3,14.12,11.74,-7.85,UPI,Returned,South
671,102,2026-01-31,101,Electronics,1,222.09,31.14,26.5,6.17,73.38,Cash,Returned,West
672,306,2026-02-07,220,Home,4,260.61,31.05,9.99,0.29,900.2,UPI,Pending,West
673,102,2026-04-16,129,Books,5,209.27,41.91,18.35,7.98,45.0,Cash,Completed,West
674,774,2025-09-11,263,Books,1,210.21,9.37,17.03,10.07,159.43,UPI,Completed,East
675,866,2025-01-30,238,Electronics,4,152.89,48.26,27.43,6.0,,Cash,Pending,North
676,944,2026-05-10,133,Home,5,102.95,34.44,14.86,18.07,979.83,Cash,Pending,South
677,297,2025-06-20,203,Electronics,4,114.02,23.41,25.11,2.45,284.3,Card,Pending,South
678,359,2025-05-08,246,Home,5,269.01,28.48,11.49,5.67,285.49,UPI,Pending,East
679,466,2025-09-25,135,Home,3,248.09,2.14,13.9,2.88,807.9,UPI,Returned,South
680,529,2025-07-25,205,Electronics,1,278.9,38.73,8.98,18.1,845.99,Cash,Cancelled,East
681,946,2025-08-15,229,Books,4,162.13,4.21,4.09,5.58,415.02,UPI,Completed,North
682,368,2026-01-26,279,Electronics,1,97.71,48.27,26.82,14.0,477.14,UPI,Completed,North
683,57,2025-09-10,138,Home,4,50.39,15.2,29.5,11.9,0.51,Cash,Pending,North
684,219,2025-03-11,252,Home,5,76.04,40.66,2.42,12.03,575.48,Card,Completed,South
685,124,2025-04-12,274,Home,2,144.2,24.47,14.51,3.47,147.27,Cash,Pending,South
686,491,2025-04-17,202,Electronics,1,21.68,38.75,20.01,8.71,61.42,UPI,Cancelled,South
687,966,2026-04-23,118,Books,1,232.62,18.64,27.98,10.13,605.94,Card,Cancelled,North
688,190,2025-05-12,197,Electronics,1,89.75,25.47,15.23,17.55,330.13,Cash,Completed,West
689,211,2026-02-05,101,Books,3,138.33,20.81,18.58,7.8,595.3,Cash,Returned,South
690,172,2025-04-06,143,Home,5,299.58,37.23,7.23,10.36,992.28,Card,Pending,South
691,411,2026-04-24,164,Home,4,113.8,32.25,1.09,12.5,290.8,Card,Completed,East
692,668,2025-04-03,126,Home,1,55.44,44.76,25.95,13.14,900.92,Card,Returned,East
693,59,2025-03-14,228,Electronics,3,139.52,28.58,24.89,7.04,562.68,Cash,Cancelled,South
694,861,2025-11-08,141,Home,4,56.09,3.33,10.42,12.35,357.52,UPI,Completed,West
695,271,2026-04-21,184,Electronics,3,26.13,46.7,8.71,18.17,366.71,Card,Cancelled,North
696,74,2025-05-19,271,Electronics,2,134.28,18.03,12.9,13.44,5.67,Cash,Returned,North
697,85,2025-12-18,215,Home,1,267.15,12.49,25.26,1.99,229.91,Card,Pending,West
698,176,2025-12-11,267,Books,5,216.77,12.21,22.5,1.68,819.38,Cash,Cancelled,West
699,107,2025-04-15,244,Home,5,229.68,31.84,19.0,8.09,670.83,Cash,Pending,East
700,798,2026-03-23,273,Home,3,220.17,35.55,7.13,3.97,522.04,Cash,Returned,East
701,45,2025-04-07,147,Books,3,59.81,9.72,3.89,5.44,689.47,Card,Completed,East
702,714,2026-04-14,243,Electronics,4,70.03,30.26,20.18,9.32,971.99,Cash,Pending,South
703,333,2025-01-11,179,Electronics,3,53.47,29.56,19.98,13.24,397.1,Cash,Returned,North
704,517,2025-09-11,112,Home,1,102.57,2.12,10.16,4.57,547.39,Card,Cancelled,East
705,863,2025-12-06,125,Electronics,1,183.07,27.68,2.52,18.11,999.18,UPI,Completed,East
706,131,2025-10-30,258,Home,3,224.63,4.69,7.53,14.45,635.43,Cash,Cancelled,North
707,239,2025-10-17,242,Home,5,47.32,15.22,12.35,17.73,970.13,Cash,Returned,West
708,82,2026-04-06,191,Books,1,187.17,22.85,10.36,8.03,398.02,UPI,Completed,North
709,245,2026-02-11,211,Books,2,171.63,35.42,9.12,9.7,895.26,Card,Completed,South
709,245,2026-02-11,211,Books,2,171.63,35.42,9.12,9.7,895.26,Card,Completed,South
711,850,2025-04-24,191,Books,1,159.87,32.45,21.88,11.43,334.69,Cash,Returned,West
712,264,2025-07-19,276,Books,4,227.95,14.64,10.04,17.23,207.13,Cash,Cancelled,West
713,104,2025-12-19,234,Books,4,235.35,47.42,1.56,11.15,256.44,Card,Returned,West
714,629,2025-08-27,216,Books,1,20.82,35.61,24.11,19.39,,UPI,Completed,South
715,842,2025-06-15,148,Home,4,13.42,38.85,10.75,11.34,317.51,UPI,Cancelled,South
716,948,2025-10-08,228,Books,3,60.99,45.27,18.5,7.36,886.26,Cash,Pending,North
717,284,2025-07-21,295,Books,4,89.64,46.51,13.96,5.45,952.26,Cash,Returned,East
718,456,2025-08-16,164,Electronics,3,130.85,9.02,29.44,8.23,,Card,Cancelled,South
719,377,2025-09-23,284,Electronics,5,263.05,37.99,12.24,6.28,482.22,UPI,Returned,West
720,828,2026-01-10,194,Books,3,279.5,9.47,25.86,2.35,662.46,Card,Completed,South
721,417,2025-11-08,116,Books,1,144.6,28.29,15.94,0.3,242.25,Cash,Returned,West
722,156,2025-05-27,251,Books,5,182.0,47.57,21.17,2.87,37.19,Card,Pending,South
723,934,2025-12-21,167,Books,1,166.8,0.69,4.17,8.92,570.4,Cash,Cancelled,South
724,912,2025-02-10,244,Electronics,2,286.17,44.04,20.59,8.29,,Cash,Cancelled,South
725,283,2025-01-02,214,Electronics,2,64.27,9.81,9.18,10.97,735.43,UPI,Pending,South
726,162,2025-09-28,116,Books,2,78.46,15.7,6.74,14.94,909.37,UPI,Cancelled,West
727,984,2026-04-16,278,Electronics,4,52.34,37.03,23.22,16.0,726.79,Card,Completed,North
728,1006,2025-10-25,227,Books,5,181.15,0.43,6.1,4.03,968.57,UPI,Returned,West
729,429,2025-12-05,172,Home,1,18.56,46.22,7.48,1.53,169.88,UPI,Pending,West
730,406,2026-01-10,266,Home,2,186.5,1.96,3.01,0.06,897.58,UPI,Returned,South
731,720,2025-05-18,188,Home,4,131.38,47.88,6.71,1.16,696.92,Cash,Cancelled,North
732,58,2026-04-12,250,Electronics,5,95.0,32.79,2.78,10.55,737.26,Card,Pending,West
732,58,2026-04-12,250,Electronics,5,95.0,32.79,2.78,10.55,737.26,Card,Pending,West
734,486,2025-01-06,184,Electronics,5,206.85,33.18,27.32,1.35,294.43,UPI,Returned,West
735,399,2025-07-02,211,Books,3,179.1,31.71,10.01,8.97,744.57,Card,Returned,West
736,123,2025-09-19,249,Electronics,4,12.62,48.75,27.99,19.6,514.16,Cash,Returned,West
737,20,2025-05-05,211,Electronics,2,233.74,30.5,13.68,10.03,338.2,UPI,Completed,South
738,398,2025-12-18,265,Books,2,173.78,34.21,23.86,8.48,651.07,Card,Returned,West
739,81,2025-02-10,236,Books,5,293.57,17.99,27.65,11.57,95.99,UPI,Pending,West
740,978,2025-10-12,281,Home,1,260.37,49.28,21.49,19.63,187.62,Card,Pending,South
741,699,2026-03-10,155,Home,3,137.69,16.6,26.63,3.65,155.76,Cash,Returned,East
742,845,2026-03-02,186,Books,4,70.6,32.68,9.28,8.23,713.72,Cash,Cancelled,West
743,707,2025-10-14,227,Electronics,5,139.08,17.47,14.95,10.66,98.21,UPI,Pending,South
744,975,2025-05-17,290,Books,3,141.87,39.43,7.95,15.79,,Card,Completed,South
745,993,2025-03-08,277,Books,4,12.66,25.61,21.81,1.46,357.22,Cash,Returned,West
746,352,2025-05-25,206,Home,2,167.73,11.65,24.2,11.94,894.96,UPI,Cancelled,West
747,321,2025-10-25,180,Home,2,115.73,36.18,8.83,19.36,385.69,UPI,Returned,South
748,693,2025-07-08,263,Books,4,286.9,30.84,12.71,18.8,,UPI,Pending,West
749,54,2026-01-27,112,Books,4,274.21,32.51,24.75,18.65,64.64,Cash,Pending,South
750,704,2025-09-10,245,Books,5,142.26,16.31,7.79,5.77,68.86,UPI,Pending,South
751,392,2026-05-11,214,Books,1,252.39,37.49,17.34,16.77,844.38,Card,Completed,West
752,667,2025-04-09,252,Electronics,3,63.72,2.59,28.4,14.9,80.4,Card,Cancelled,South
753,34,2026-01-12,281,Electronics,1,22.66,19.07,5.81,4.72,-11.76,Cash,Pending,West
754,961,2026-03-25,280,Electronics,3,166.49,26.57,25.88,0.85,181.66,Cash,Cancelled,West
755,901,2026-02-15,200,Home,5,223.43,10.4,19.16,9.47,711.91,Card,Cancelled,North
756,946,2025-11-25,163,Home,4,237.97,13.78,12.33,14.89,,UPI,Pending,North
757,1010,2025-10-06,202,Books,1,23.98,12.36,16.27,8.68,958.0,Cash,Pending,North
758,987,2025-01-02,284,Electronics,4,220.47,3.09,29.75,16.64,455.91,UPI,Pending,North
759,384,2026-02-15,194,Home,2,254.28,24.19,12.22,1.0,345.68,Cash,Cancelled,North
760,724,2025-03-09,234,Electronics,4,139.45,21.34,12.57,19.15,229.77,Cash,Completed,West
761,231,2025-11-09,210,Electronics,2,71.68,5.99,15.09,0.87,641.29,Card,Pending,North
762,581,2025-08-06,183,Electronics,2,158.75,34.25,3.08,0.71,638.18,UPI,Pending,East
763,504,2025-10-18,179,Home,5,257.86,5.29,3.29,3.43,807.58,Cash,Completed,West
764,505,2026-04-02,184,Books,5,92.24,41.81,12.81,0.93,873.82,UPI,Completed,East
765,599,2026-04-07,296,Electronics,1,181.87,8.64,8.33,13.17,197.66,UPI,Pending,North
766,44,2025-12-24,210,Electronics,2,153.03,34.72,13.08,19.36,130.59,UPI,Cancelled,North
767,514,2025-04-05,152,Books,3,162.62,1.83,26.26,14.81,175.11,UPI,Cancelled,North
768,1018,2025-01-05,123,Home,4,165.53,17.92,15.13,7.13,242.93,UPI,Pending,North
769,409,2025-05-16,181,Home,5,144.79,40.87,16.43,13.89,597.67,UPI,Cancelled,East
770,691,2025-02-06,298,Books,1,207.04,4.75,9.2,12.42,,Cash,Returned,North
771,631,2025-07-19,161,Books,1,64.87,15.54,8.39,1.75,345.85,Cash,Cancelled,East
772,784,2025-04-06,205,Home,2,175.15,15.81,19.6,16.4,603.54,Cash,Returned,North
773,194,2025-10-19,137,Home,3,174.37,17.55,4.57,2.25,,Card,Returned,West
774,691,2025-09-25,203,Electronics,1,69.02,14.17,16.02,17.77,418.34,Card,Returned,West
775,718,2026-03-28,158,Home,1,92.75,26.11,17.49,1.22,892.62,UPI,Pending,North
776,182,2025-01-06,150,Books,2,204.49,47.66,5.42,6.91,571.66,UPI,Completed,East
777,699,2026-02-26,236,Electronics,3,184.7,49.35,25.69,19.69,102.16,UPI,Completed,West
778,373,2025-08-21,169,Electronics,1,82.08,19.0,1.66,4.84,92.76,Cash,Returned,West
779,540,2025-03-12,163,Books,5,180.05,6.39,20.52,16.56,438.91,Card,Returned,West
779,540,2025-03-12,163,Books,5,180.05,6.39,20.52,16.56,438.91,Card,Returned,West
779,540,2025-03-12,163,Books,5,180.05,6.39,20.52,16.56,438.91,Card,Returned,West
782,356,2025-03-28,225,Books,2,68.71,15.53,7.39,2.15,53.02,Cash,Pending,North
783,886,2025-06-08,195,Electronics,3,295.0,10.93,5.09,4.69,211.86,Card,Pending,West
784,1002,2025-04-07,200,Electronics,2,77.79,40.81,23.01,16.49,686.91,Card,Completed,North
785,174,2025-09-03,118,Electronics,4,124.44,20.2,11.0,10.04,203.41,Card,Returned,North
786,196,2025-09-28,147,Electronics,3,274.91,6.09,10.48,12.7,219.41,Card,Pending,East
787,1005,2026-01-24,110,Books,4,236.55,39.6,17.48,15.01,807.14,Cash,Pending,West
788,297,2025-06-18,206,Books,3,227.64,21.2,21.95,9.85,879.8,Card,Completed,East
789,662,2025-01-10,193,Electronics,3,36.93,2.28,14.25,6.5,472.65,Cash,Cancelled,East
790,113,2025-04-23,203,Books,4,187.99,29.4,24.18,10.6,-8.78,UPI,Pending,West
791,429,2025-12-13,236,Home,4,222.16,15.32,11.46,0.17,553.1,UPI,Cancelled,North
792,921,2025-09-21,223,Home,1,33.78,20.71,3.32,3.57,399.49,Card,Completed,West
793,571,2026-03-26,283,Electronics,1,41.46,18.11,6.88,2.91,178.81,Card,Completed,North
794,420,2026-02-09,127,Electronics,3,27.47,49.58,15.26,3.79,903.11,UPI,Completed,West
795,690,2025-04-07,275,Books,1,129.96,17.91,5.9,19.46,734.5,Cash,Cancelled,West
796,246,2026-03-05,120,Electronics,4,19.54,19.83,18.04,14.03,535.03,Cash,Cancelled,North
797,597,2026-04-08,276,Books,1,183.28,8.67,25.25,15.05,872.07,Cash,Pending,West
798,246,2025-10-14,167,Books,3,33.06,8.07,12.87,0.13,130.04,UPI,Pending,East
799,119,2025-03-09,230,Home,2,267.07,25.2,15.35,1.2,885.11,UPI,Returned,North
800,468,2025-08-31,124,Home,4,146.61,24.9,28.2,16.67,517.83,UPI,Completed,East
801,759,2025-04-12,173,Home,4,39.6,2.88,19.04,13.95,483.02,UPI,Pending,East
802,852,2025-04-19,237,Electronics,5,117.67,6.02,8.05,10.68,734.52,UPI,Cancelled,South
803,636,2026-05-16,284,Home,4,107.16,33.52,7.72,8.21,600.89,Cash,Pending,North
804,493,2026-03-20,109,Home,5,135.5,37.36,23.67,12.12,173.37,Cash,Pending,East
805,481,2026-02-05,176,Home,4,6.82,35.58,9.09,2.62,952.29,Card,Pending,North
806,347,2025-04-21,274,Books,1,169.13,41.22,20.7,8.6,914.2,Cash,Completed,East
807,352,2025-07-06,172,Books,2,215.92,38.98,29.69,3.59,,Card,Completed,South
808,552,2025-04-20,215,Books,2,93.63,31.94,5.36,11.93,461.79,UPI,Cancelled,North
808,552,2025-04-20,215,Books,2,93.63,31.94,5.36,11.93,461.79,UPI,Cancelled,North
810,602,2025-02-23,238,Books,3,200.11,6.65,21.1,16.33,724.3,Card,Pending,North
811,115,2025-08-24,187,Electronics,4,203.87,9.92,21.38,7.65,958.72,UPI,Pending,South
812,88,2025-04-28,115,Electronics,5,46.71,39.34,1.73,9.74,130.46,Card,Pending,South
813,966,2026-05-09,216,Electronics,2,278.23,31.3,20.82,4.46,950.17,Cash,Completed,North
814,252,2025-03-17,250,Electronics,4,230.65,39.85,18.46,11.4,313.94,Card,Pending,South
815,201,2025-10-08,117,Electronics,1,172.07,19.34,12.81,7.32,881.3,Card,Completed,West
816,893,2025-11-20,177,Home,4,19.12,39.25,9.33,7.66,869.3,Cash,Pending,West
817,365,2025-10-24,293,Electronics,2,43.46,36.94,20.16,13.89,451.7,UPI,Cancelled,East
818,339,2025-05-16,229,Electronics,3,249.19,44.77,8.12,12.44,999.4,Card,Returned,South
819,850,2025-11-06,130,Electronics,2,165.24,46.56,2.17,9.03,509.53,UPI,Pending,West
820,782,2025-12-20,236,Electronics,5,47.45,7.51,6.21,8.49,137.53,Card,Pending,North
821,850,2026-05-11,204,Electronics,1,166.28,28.32,5.83,12.78,537.04,Card,Returned,North
822,176,2025-02-07,251,Electronics,1,18.18,9.22,26.22,15.43,127.36,Card,Completed,East
823,692,2025-03-03,125,Electronics,1,234.21,10.52,3.67,13.04,518.0,Cash,Cancelled,East
824,282,2025-12-07,269,Home,3,129.16,20.65,24.11,9.21,864.2,Cash,Returned,East
825,589,2025-03-10,233,Books,5,237.25,1.26,14.34,4.45,163.78,Cash,Pending,East
826,900,2025-10-22,283,Books,5,191.27,19.12,10.19,19.6,959.48,UPI,Returned,West
827,142,2026-03-25,190,Electronics,4,92.52,3.44,24.38,15.17,265.68,UPI,Pending,North
828,938,2026-01-09,160,Electronics,1,202.54,49.78,28.39,0.06,445.82,Cash,Returned,South
829,276,2026-04-12,297,Books,2,285.96,33.06,13.72,4.28,659.04,Cash,Pending,South
830,569,2025-10-13,128,Home,1,128.27,19.92,18.72,14.7,535.49,Cash,Returned,East
831,732,2025-05-05,122,Electronics,5,228.9,47.3,17.67,6.76,439.37,Card,Returned,North
832,305,2026-05-01,219,Home,3,147.05,4.67,26.87,16.32,67.82,Card,Returned,South
833,785,2026-04-29,277,Books,3,243.47,32.63,4.43,1.22,676.85,Cash,Returned,North
834,569,2025-04-24,294,Books,2,125.51,49.51,19.27,10.33,304.87,Cash,Completed,North
835,241,2025-12-30,147,Home,4,112.13,25.06,10.87,19.91,245.34,Card,Returned,South
836,277,2025-01-19,131,Books,1,88.35,43.84,18.65,5.58,238.25,UPI,Completed,West
837,124,2025-10-17,209,Electronics,3,81.24,2.79,12.48,0.34,133.73,Card,Returned,West
838,66,2025-03-15,258,Books,3,271.51,12.29,10.82,2.23,790.17,UPI,Returned,West
839,187,2025-01-07,233,Books,3,247.35,33.01,17.05,9.18,807.45,UPI,Completed,South
840,830,2025-11-05,114,Electronics,4,46.17,15.67,2.58,17.43,197.34,Card,Pending,East
841,624,2025-10-03,285,Electronics,3,294.21,15.32,13.54,0.53,949.95,Card,Returned,North
842,682,2026-02-16,137,Home,2,250.97,12.15,11.8,12.07,294.04,Card,Returned,East
843,211,2026-02-06,255,Books,1,201.19,11.89,24.65,8.67,-28.4,Cash,Completed,South
844,267,2025-08-16,248,Electronics,5,225.81,38.69,1.42,12.03,694.44,Cash,Completed,East
844,267,2025-08-16,248,Electronics,5,225.81,38.69,1.42,12.03,694.44,Cash,Completed,East
846,414,2025-12-28,269,Books,4,283.43,33.3,4.2,3.51,663.01,UPI,Completed,South
847,779,2026-03-25,190,Electronics,4,87.13,1.29,25.21,12.26,349.13,Card,Cancelled,South
848,205,2025-07-24,158,Home,5,223.68,19.28,24.22,16.89,544.43,UPI,Cancelled,North
849,487,2025-02-20,176,Books,5,69.47,23.37,13.45,16.96,665.54,Card,Returned,North
850,603,2025-07-01,126,Electronics,1,143.78,13.89,15.23,17.28,208.57,Cash,Cancelled,North
851,8,2026-02-03,187,Home,2,196.3,45.18,25.59,10.73,445.65,UPI,Pending,West
852,381,2025-10-03,221,Electronics,4,37.41,9.68,1.93,17.59,783.3,Cash,Cancelled,North
853,631,2025-06-25,211,Books,4,32.31,9.18,22.1,3.76,976.56,UPI,Completed,West
854,662,2026-03-03,127,Electronics,1,48.92,38.21,14.2,2.53,767.87,Cash,Pending,East
855,500,2026-03-01,229,Electronics,3,80.97,40.16,3.41,19.67,892.09,UPI,Cancelled,North
856,20,2025-03-01,151,Electronics,2,91.0,48.38,7.17,6.8,476.66,Cash,Cancelled,East
857,506,2025-03-31,157,Books,1,257.23,10.54,28.26,5.6,72.28,Card,Pending,West
858,959,2025-05-18,299,Books,3,12.33,48.67,9.8,19.13,449.42,UPI,Cancelled,East
859,753,2026-03-30,242,Books,1,228.76,39.82,15.58,19.95,593.46,Card,Returned,South
860,601,2025-03-01,152,Home,2,231.79,15.7,26.14,18.89,423.65,Card,Pending,North
861,337,2025-10-15,244,Home,2,225.16,33.42,2.99,17.25,383.51,UPI,Completed,North
862,57,2025-04-12,109,Books,2,267.44,28.03,20.43,17.21,942.29,Cash,Cancelled,North
863,774,2026-03-10,286,Books,4,288.96,16.66,5.66,4.52,,UPI,Pending,East
864,19,2026-02-11,267,Books,4,120.46,9.35,27.54,8.99,930.39,Card,Pending,East
865,228,2025-06-19,185,Home,3,240.42,13.45,20.7,8.46,257.2,Cash,Pending,West
866,1006,2025-06-19,200,Home,4,98.07,27.09,1.22,2.91,166.15,UPI,Pending,East
867,64,2025-11-22,164,Electronics,5,196.2,15.23,7.09,4.53,480.99,UPI,Pending,West
868,618,2025-11-17,134,Books,2,192.26,17.94,21.42,8.93,-40.67,Card,Returned,East
869,781,2025-10-31,241,Electronics,5,259.84,2.75,8.15,19.9,278.53,UPI,Cancelled,East
870,855,2025-06-15,244,Electronics,5,93.45,26.09,8.62,19.34,532.8,Cash,Cancelled,East
871,406,2025-04-17,145,Home,2,253.24,22.62,22.16,7.42,692.34,Card,Pending,West
872,503,2025-04-02,290,Books,5,6.47,0.7,7.18,2.79,988.76,Cash,Cancelled,North
873,597,2025-11-23,210,Home,1,19.9,13.9,18.74,19.3,300.9,Cash,Pending,West
874,496,2025-07-23,157,Electronics,3,98.86,33.45,14.96,12.54,90.88,Cash,Pending,East
875,713,2025-04-25,122,Books,5,81.82,16.78,14.19,10.46,539.83,Cash,Completed,East
876,507,2025-10-22,174,Home,1,167.85,36.23,19.97,9.68,948.22,UPI,Pending,North
877,923,2025-06-15,202,Home,5,145.95,45.68,23.49,16.61,1.64,UPI,Returned,West
878,676,2026-04-19,276,Home,3,273.16,1.31,18.92,11.84,882.71,UPI,Pending,South
879,304,2025-02-09,266,Books,1,183.99,17.57,17.5,7.92,545.23,Cash,Cancelled,North
880,664,2025-12-26,228,Electronics,3,280.06,4.83,3.4,8.26,669.24,Card,Returned,West
881,75,2026-01-06,233,Home,5,224.18,10.88,22.59,9.79,320.98,Cash,Pending,South
882,561,2026-01-25,290,Books,5,34.07,4.78,18.92,3.18,394.82,UPI,Completed,North
883,765,2025-07-31,246,Books,4,221.42,10.97,26.78,0.19,-23.38,UPI,Completed,East
884,265,2025-01-02,141,Books,2,89.34,29.27,7.9,6.64,488.05,UPI,Returned,South
885,496,2025-09-10,225,Books,2,117.06,12.47,22.13,15.37,604.21,Card,Completed,West
886,919,2025-08-05,256,Home,3,190.52,38.2,26.33,9.8,372.14,UPI,Pending,East
886,919,2025-08-05,256,Home,3,190.52,38.2,26.33,9.8,372.14,UPI,Pending,East
888,398,2025-05-20,191,Electronics,1,151.3,5.65,8.51,0.05,934.47,Card,Pending,North
889,961,2025-11-28,117,Books,2,22.68,48.32,6.99,14.49,-35.31,Card,Cancelled,West
890,643,2026-03-21,178,Electronics,1,206.59,41.35,14.1,11.98,610.71,UPI,Completed,East
891,253,2025-08-16,154,Electronics,4,89.79,36.58,14.31,1.52,202.51,Cash,Completed,East
892,326,2025-10-15,286,Electronics,5,37.81,9.96,11.54,13.63,719.18,Card,Completed,West
893,368,2025-01-11,178,Books,2,254.39,45.3,20.28,9.94,104.64,UPI,Returned,East
894,769,2026-03-11,222,Home,2,236.09,35.28,8.75,4.42,150.65,Card,Pending,East
895,627,2025-06-23,127,Electronics,5,256.24,36.97,24.44,13.62,228.63,Cash,Cancelled,South
896,451,2025-01-29,209,Books,2,178.45,22.5,17.04,5.13,19.72,Card,Pending,South
897,671,2025-05-25,116,Electronics,3,5.27,46.56,11.12,13.72,622.33,Cash,Returned,West
898,627,2025-07-30,127,Books,4,285.54,23.71,6.72,14.87,668.59,UPI,Cancelled,North
899,637,2025-06-26,124,Books,2,66.77,11.9,8.49,12.14,58.88,UPI,Cancelled,West
900,217,2026-04-25,222,Home,1,271.41,32.74,13.79,17.13,576.85,Cash,Returned,North
901,766,2025-12-01,123,Home,3,50.87,35.2,12.41,19.71,-3.31,UPI,Returned,North
902,860,2025-06-28,298,Electronics,5,28.36,47.79,10.76,1.27,90.32,Cash,Completed,South
903,199,2026-01-14,240,Books,3,205.14,16.91,3.98,15.95,817.6,Cash,Completed,South
904,760,2026-03-01,291,Home,1,27.66,11.16,26.48,6.82,560.62,Card,Returned,South
905,479,2026-04-22,257,Books,5,86.46,4.13,3.3,7.32,780.29,Card,Returned,South
906,847,2025-06-20,203,Home,4,154.09,32.68,19.27,1.17,310.21,Cash,Cancelled,West
907,695,2025-10-25,217,Home,1,281.12,30.74,5.75,11.74,195.25,Cash,Pending,South
908,212,2025-06-30,122,Home,1,282.45,40.88,17.73,7.26,212.34,Cash,Cancelled,East
909,499,2025-08-02,168,Electronics,3,287.9,13.56,3.24,19.43,697.94,UPI,Returned,South
910,143,2025-10-29,120,Electronics,5,53.26,20.84,11.94,6.73,731.17,UPI,Returned,South
911,340,2026-04-13,112,Books,5,148.63,24.19,20.96,5.47,,Cash,Cancelled,East
912,248,2026-01-29,152,Electronics,1,34.11,23.71,1.66,9.0,655.68,Cash,Pending,West
913,325,2025-10-07,104,Electronics,5,265.56,3.89,28.84,19.37,682.4,UPI,Pending,West
914,844,2026-05-16,269,Home,4,296.85,31.58,3.54,13.41,943.04,Card,Returned,North
915,77,2026-02-28,213,Home,5,9.88,46.84,25.21,8.52,965.49,UPI,Pending,South
916,421,2025-02-07,251,Electronics,5,228.79,20.62,11.33,12.71,631.15,UPI,Pending,East
917,943,2025-02-17,127,Home,3,86.25,49.68,19.97,14.57,33.83,Cash,Completed,East
918,88,2026-05-07,186,Books,2,271.28,11.44,27.55,12.5,447.14,Card,Completed,West
919,536,2025-08-12,284,Home,3,235.55,47.36,12.72,11.57,634.63,Card,Completed,South
920,794,2025-01-08,175,Home,1,252.59,13.81,13.66,7.19,515.02,UPI,Cancelled,West
921,869,2025-04-29,108,Home,5,260.43,39.53,8.34,16.86,992.14,Card,Returned,South
922,992,2025-07-25,212,Home,1,191.2,46.86,6.88,12.14,631.99,UPI,Returned,East
923,960,2026-05-10,270,Home,3,273.09,45.07,6.49,15.07,980.26,Cash,Returned,West
924,322,2025-03-18,192,Books,4,171.04,42.78,14.11,16.19,910.09,UPI,Returned,South
925,750,2025-05-16,176,Books,2,259.12,42.92,9.48,18.73,894.83,UPI,Cancelled,East
926,514,2025-09-19,229,Electronics,5,35.15,14.55,17.9,13.6,489.2,UPI,Cancelled,West
927,338,2025-01-26,130,Electronics,4,64.13,18.49,9.34,0.24,113.67,UPI,Returned,North
928,590,2025-11-27,216,Books,2,212.85,8.63,16.77,14.98,754.06,Cash,Pending,North
929,453,2026-03-26,254,Electronics,2,180.94,46.05,5.65,16.22,757.35,Cash,Returned,West
930,103,2025-09-22,152,Books,4,25.37,23.1,15.81,8.48,680.02,Cash,Pending,South
931,574,2025-08-22,164,Home,4,115.52,48.33,20.41,19.51,699.84,Cash,Pending,East
932,353,2026-02-25,163,Books,2,149.74,43.53,27.2,13.57,124.66,Cash,Completed,South
933,758,2025-10-18,289,Home,1,224.77,10.24,16.61,18.37,317.21,UPI,Returned,East
934,881,2025-06-10,206,Books,4,209.96,2.92,17.94,16.36,880.89,Card,Completed,South
935,241,2025-02-06,259,Electronics,1,66.32,3.25,24.18,0.14,200.76,UPI,Pending,North
936,859,2026-04-15,134,Home,3,209.59,6.68,5.87,17.54,926.86,Cash,Pending,West
937,816,2025-08-15,150,Home,5,275.88,42.38,4.94,7.72,47.09,Card,Pending,South
937,816,2025-08-15,150,Home,5,275.88,42.38,4.94,7.72,47.09,Card,Pending,South
939,389,2025-07-02,277,Books,3,284.95,29.21,16.75,12.74,-30.32,Card,Pending,South
940,217,2025-05-04,216,Home,4,269.08,28.63,4.35,6.41,,Cash,Completed,North
941,164,2025-07-20,172,Books,2,156.77,3.69,27.48,11.53,168.37,UPI,Returned,East
942,16,2026-04-02,148,Books,5,7.92,6.84,28.1,12.24,282.0,Card,Pending,South
943,292,2025-01-09,254,Books,5,279.08,39.93,7.24,11.54,383.89,UPI,Returned,South
944,538,2025-09-08,277,Books,3,212.51,9.23,18.92,17.46,109.9,Card,Cancelled,South
945,122,2025-12-14,267,Electronics,2,41.79,3.83,5.84,2.28,216.7,Card,Completed,East
946,715,2025-03-17,233,Electronics,5,207.52,34.35,25.4,2.98,299.58,Cash,Returned,North
947,685,2025-12-15,245,Books,5,257.17,17.55,14.77,17.81,881.68,Card,Completed,East
948,525,2025-07-09,181,Electronics,4,23.95,32.67,24.39,14.8,430.72,Card,Cancelled,South
949,266,2026-04-28,222,Home,5,180.65,20.9,24.28,8.64,616.52,UPI,Pending,South
950,99,2025-04-24,249,Electronics,4,60.27,25.76,4.3,1.64,524.95,UPI,Cancelled,North
951,76,2025-05-21,223,Books,3,259.7,31.37,11.09,19.46,706.33,Cash,Pending,East
952,1,2025-02-14,200,Home,5,111.35,34.36,22.52,3.96,533.17,Card,Completed,South
953,847,2026-04-27,163,Books,4,88.77,42.18,16.05,12.08,427.97,UPI,Completed,North
954,53,2025-04-04,299,Home,4,119.53,19.81,18.31,1.22,552.83,UPI,Cancelled,South
955,686,2026-04-18,117,Home,4,190.91,17.94,6.86,7.4,71.97,UPI,Pending,West
956,774,2025-05-10,122,Home,3,282.67,47.29,3.31,1.08,-20.13,Cash,Cancelled,South
957,384,2025-05-09,256,Electronics,2,120.9,25.89,8.49,11.73,936.32,Card,Cancelled,West
958,8,2025-10-08,180,Home,1,50.76,15.13,29.72,14.45,,Card,Pending,North
959,52,2025-05-05,155,Books,2,252.77,36.15,14.89,19.01,170.39,UPI,Completed,North
960,720,2026-01-12,278,Books,1,11.42,33.78,15.69,6.12,599.06,Cash,Pending,South
961,505,2025-06-08,181,Home,3,189.73,13.72,22.49,16.16,916.05,Cash,Returned,South
962,806,2025-11-19,189,Home,2,29.14,39.26,11.68,13.71,815.75,Cash,Cancelled,North
963,740,2025-08-09,121,Electronics,2,20.76,16.42,25.74,0.47,98.42,Cash,Cancelled,East
964,900,2026-03-25,236,Electronics,2,128.68,41.21,4.37,18.18,191.29,Card,Returned,East
965,892,2025-03-28,144,Home,4,11.42,17.66,26.35,18.26,101.76,UPI,Completed,West
966,232,2026-01-09,257,Books,4,187.66,6.45,9.11,6.46,222.92,UPI,Cancelled,South
967,894,2025-12-12,260,Books,4,116.72,24.52,26.27,3.65,,UPI,Pending,South
968,130,2025-01-08,106,Books,2,98.25,33.91,4.72,19.9,200.6,Card,Returned,South
969,199,2026-03-20,285,Home,2,158.83,29.32,24.74,10.72,943.01,Card,Pending,North
970,903,2026-02-09,235,Electronics,3,33.71,10.92,17.3,9.31,99.12,Cash,Returned,West
971,96,2025-04-03,239,Electronics,3,185.63,32.17,21.91,2.9,975.83,Card,Completed,West
972,419,2026-04-29,198,Home,2,123.17,14.32,4.74,12.29,745.99,Cash,Returned,South
973,664,2025-10-08,186,Books,1,9.67,10.6,10.8,7.51,839.76,Card,Pending,West
974,27,2026-04-18,101,Electronics,4,225.47,31.69,24.08,12.26,247.72,Card,Completed,West
975,970,2026-05-05,227,Electronics,4,44.48,2.04,10.36,0.89,82.08,Card,Pending,West
976,181,2026-04-26,211,Home,3,181.45,43.02,9.15,0.35,,Card,Cancelled,South
977,998,2026-02-15,205,Electronics,1,52.17,9.2,14.76,18.88,358.04,Card,Returned,South
978,990,2025-03-17,220,Books,4,36.75,49.33,17.32,17.99,102.19,UPI,Pending,West
979,716,2025-11-20,223,Home,5,249.26,13.36,22.49,6.65,609.06,Cash,Returned,South
980,523,2025-06-17,249,Electronics,4,28.26,5.66,1.25,15.07,346.22,Cash,Pending,West
981,435,2025-10-22,153,Electronics,4,87.79,27.59,13.41,15.96,123.32,Cash,Completed,North
982,678,2025-11-01,273,Home,5,81.96,30.57,13.66,6.22,792.2,UPI,Returned,West
983,609,2025-10-26,223,Books,5,22.71,14.82,22.01,11.78,13.48,UPI,Pending,North
984,88,2025-08-17,103,Electronics,2,216.12,23.39,4.73,13.74,635.32,Cash,Pending,South
985,179,2026-02-20,248,Electronics,3,45.03,45.32,24.96,1.41,-10.21,Card,Cancelled,North
986,834,2025-01-21,100,Home,5,8.29,14.07,25.76,7.82,187.86,Cash,Pending,East
987,957,2025-07-23,211,Home,3,165.46,36.36,12.56,5.64,354.02,Card,Pending,East
988,809,2025-07-28,211,Books,4,107.94,18.11,17.5,9.45,,Card,Cancelled,South
989,912,2025-06-17,128,Electronics,2,52.86,44.61,25.56,6.48,366.68,Card,Pending,East
990,562,2025-09-09,178,Home,4,64.7,3.62,4.63,11.16,710.06,Cash,Returned,East
991,683,2026-03-19,282,Electronics,2,196.38,7.41,29.12,3.86,,Card,Pending,North
992,250,2025-08-22,256,Home,4,45.47,45.98,13.43,6.71,889.37,Cash,Completed,South
993,659,2025-05-18,208,Electronics,5,153.32,42.77,28.98,10.03,366.32,Card,Cancelled,East
994,24,2025-01-18,271,Home,1,98.73,1.6,24.35,1.31,468.61,Cash,Pending,South
995,264,2025-07-12,116,Home,2,26.94,7.12,10.96,14.43,109.81,Cash,Cancelled,West
996,361,2026-03-22,105,Books,2,124.14,10.13,29.29,15.85,983.91,Card,Cancelled,South
997,817,2025-05-17,102,Home,5,51.61,24.58,24.46,1.56,730.8,UPI,Completed,West
998,515,2025-04-02,294,Electronics,4,170.78,44.27,5.18,10.55,109.91,Card,Pending,East
999,768,2025-07-26,233,Home,5,259.82,38.28,22.9,6.75,129.32,UPI,Cancelled,East
1000,907,2025-11-27,237,Books,4,265.61,3.02,21.73,15.53,873.46,UPI,Returned,West
1001,83,2025-01-19,229,Electronics,1,167.34,48.51,1.89,10.66,143.36,Card,Returned,North
1002,427,2025-10-05,120,Electronics,5,267.28,17.25,8.34,19.03,,Card,Pending,South
1003,212,2026-05-06,112,Books,3,198.87,27.68,6.01,10.04,589.8,Card,Pending,West
1004,585,2025-07-31,170,Electronics,2,124.37,46.81,7.88,4.91,606.59,Card,Completed,West
1005,684,2025-03-02,290,Electronics,3,17.31,43.68,7.63,8.55,236.6,Card,Completed,West
1006,692,2025-09-17,154,Home,5,286.96,3.63,6.24,19.67,577.51,Cash,Returned,South
1007,729,2025-08-13,110,Home,5,126.39,30.63,7.71,4.36,115.04,Cash,Returned,South
1008,190,2025-03-15,122,Books,2,252.49,12.14,6.5,19.48,864.31,Card,Cancelled,East
1009,680,2026-05-13,163,Books,5,39.88,35.6,26.61,12.5,807.3,Card,Completed,West
1010,16,2026-03-10,152,Home,3,120.87,12.79,1.43,9.75,944.81,Cash,Pending,South
1011,512,2025-07-19,123,Home,5,211.14,37.75,11.68,12.36,930.12,Cash,Cancelled,West
1012,499,2025-08-16,198,Books,1,62.67,5.81,15.4,6.74,449.46,Card,Completed,South
1013,872,2026-03-18,139,Home,4,239.3,15.41,16.64,7.62,47.92,Cash,Pending,West
1014,921,2025-04-24,280,Home,2,256.5,20.13,3.38,15.32,304.55,UPI,Cancelled,South
1015,249,2025-06-20,108,Home,4,62.01,40.14,10.78,13.36,275.53,Cash,Returned,North
1016,1009,2025-05-07,141,Home,2,172.38,26.56,9.45,10.72,557.97,Card,Returned,East
1017,1014,2026-03-13,190,Books,3,58.69,31.06,5.89,2.13,86.38,Cash,Pending,East
1018,187,2025-01-29,274,Electronics,5,95.24,34.97,25.29,16.7,244.34,Card,Pending,East
1019,596,2025-03-10,196,Books,1,163.13,31.75,16.76,5.55,,Card,Returned,East
1020,807,2026-04-01,214,Books,1,91.78,2.76,15.06,0.7,-32.02,UPI,Cancelled,South
1021,919,2026-03-02,151,Books,2,138.48,43.98,13.2,19.98,229.91,Card,Returned,North
1021,919,2026-03-02,151,Books,2,138.48,43.98,13.2,19.98,229.91,Card,Returned,North
1023,716,2025-05-07,133,Books,2,257.36,43.08,13.28,5.98,942.58,Cash,Cancelled,West
1024,391,2025-07-29,188,Books,5,56.37,41.55,8.71,8.3,195.17,UPI,Cancelled,North
1025,332,2025-12-13,188,Books,4,15.45,26.11,23.1,9.08,298.59,UPI,Pending,East
1026,571,2025-07-29,280,Books,1,37.28,9.37,16.2,9.71,82.32,UPI,Completed,East
1027,990,2025-07-06,184,Books,2,248.46,45.66,8.81,5.13,381.17,Cash,Returned,West
1028,669,2026-05-05,258,Electronics,1,232.52,25.25,7.1,9.26,969.21,Card,Returned,West
1029,943,2026-02-08,122,Books,4,35.87,17.88,24.06,3.4,82.9,Cash,Pending,South
1030,385,2025-06-30,275,Books,5,147.48,43.69,21.59,12.36,400.8,UPI,Cancelled,South
1031,574,2025-08-03,146,Home,2,103.47,9.39,7.02,9.52,136.04,Cash,Returned,East
1032,707,2026-04-30,171,Home,1,252.88,32.25,27.89,16.55,711.38,Card,Returned,East
1033,825,2025-05-30,212,Books,4,269.79,25.21,14.71,7.35,874.5,Cash,Pending,East
1034,822,2025-11-17,226,Home,4,194.96,38.35,1.05,7.12,-32.44,UPI,Returned,South
1035,218,2025-04-16,113,Books,2,29.44,21.96,24.16,15.66,990.95,Cash,Cancelled,East
1036,611,2025-09-21,237,Books,1,140.39,26.61,24.17,14.71,,UPI,Pending,West
1037,503,2026-02-16,147,Electronics,1,8.13,40.18,13.28,12.32,68.68,Cash,Pending,East
1038,757,2025-06-02,222,Home,3,111.75,7.03,29.5,16.22,904.54,Card,Cancelled,North
1039,252,2025-10-12,176,Books,4,291.14,5.32,2.95,19.3,,Cash,Pending,North
1040,372,2025-06-16,222,Books,5,94.27,34.77,19.23,8.48,922.93,Cash,Cancelled,East
1041,983,2025-03-31,254,Electronics,5,76.92,27.63,25.64,18.24,152.76,UPI,Returned,West
1042,665,2025-04-19,175,Electronics,4,20.08,23.58,11.38,7.89,950.97,UPI,Returned,North
1043,887,2025-04-27,299,Home,4,14.9,15.58,8.4,1.08,846.18,Cash,Cancelled,West
1044,261,2026-01-02,226,Home,4,292.38,9.23,24.61,6.35,759.59,Cash,Cancelled,North
1045,670,2025-12-11,120,Electronics,4,223.61,39.97,26.22,1.3,143.14,Card,Returned,East
1046,735,2025-12-03,220,Home,3,242.67,9.64,1.22,4.8,652.88,Cash,Completed,South
1047,375,2025-10-20,240,Electronics,3,175.95,5.38,21.34,5.17,933.31,Card,Returned,West
1048,699,2025-02-07,112,Home,4,184.92,13.48,29.86,13.36,151.98,Cash,Pending,North
1049,876,2025-11-09,217,Electronics,1,227.53,44.76,2.56,10.32,237.48,UPI,Pending,South
1050,259,2025-04-12,198,Home,3,121.39,0.25,9.88,14.8,-43.25,Card,Completed,East
1050,259,2025-04-12,198,Home,3,121.39,0.25,9.88,14.8,-43.25,Card,Completed,East
1052,416,2026-05-14,115,Home,1,90.25,22.85,29.04,3.37,599.53,UPI,Returned,North
1053,463,2025-07-25,173,Books,4,174.36,34.59,24.84,8.13,368.01,Cash,Pending,North
1054,484,2025-05-17,135,Books,5,151.15,44.86,15.12,15.81,803.64,Cash,Pending,South
1055,527,2026-03-04,243,Books,2,209.46,7.78,3.5,15.41,599.29,UPI,Completed,West
1056,389,2025-03-01,101,Home,2,124.69,38.68,11.45,3.53,24.62,Cash,Pending,South
1057,309,2025-02-16,100,Books,3,42.09,33.96,14.08,6.86,718.19,UPI,Pending,West
1058,122,2025-12-27,230,Books,5,36.25,7.15,25.6,1.44,773.11,Cash,Pending,North
1059,15,2025-06-06,225,Home,2,259.13,48.03,28.24,2.7,216.22,Card,Pending,North
1059,15,2025-06-06,225,Home,2,259.13,48.03,28.24,2.7,216.22,Card,Pending,North
1061,44,2025-03-27,109,Electronics,5,138.93,29.46,27.51,0.79,183.1,Cash,Completed,South
1062,649,2025-05-18,230,Electronics,5,125.78,25.38,7.18,7.41,868.13,Card,Pending,South
1063,82,2025-01-21,190,Home,5,21.65,5.23,7.1,4.01,249.32,Cash,Cancelled,East
1064,529,2025-01-26,252,Home,4,78.37,6.04,4.4,9.09,607.31,UPI,Returned,East
1065,198,2025-01-06,260,Home,5,106.27,25.01,20.88,6.35,812.59,UPI,Pending,East
1066,74,2025-11-24,112,Books,5,87.11,21.06,7.31,19.82,52.44,Card,Cancelled,West
1067,788,2025-06-29,138,Electronics,3,189.93,12.38,21.49,3.79,665.54,Cash,Pending,West
1068,80,2026-01-31,239,Home,1,206.95,14.3,11.51,14.82,310.4,Cash,Cancelled,North
1069,285,2025-07-31,202,Books,3,243.36,36.87,20.72,5.3,359.65,UPI,Cancelled,West
1070,439,2025-10-12,284,Electronics,4,232.75,30.1,14.62,8.64,266.3,Cash,Cancelled,East
1071,763,2026-02-15,139,Home,1,163.19,23.13,4.22,5.6,220.38,UPI,Returned,South
1072,756,2026-02-04,146,Books,5,158.36,34.14,18.76,19.72,974.98,UPI,Returned,North
1073,120,2025-09-16,104,Home,4,81.29,40.31,26.75,8.7,803.08,Cash,Completed,South
1074,442,2025-11-15,195,Electronics,4,198.81,2.59,25.69,9.07,813.44,Card,Returned,South
1075,30,2026-05-01,126,Books,2,242.06,34.11,11.63,2.02,61.6,Cash,Cancelled,North
1076,444,2026-05-05,277,Home,2,22.47,22.04,5.76,16.97,460.6,UPI,Returned,North
1077,960,2026-04-23,217,Books,3,277.92,29.98,10.05,18.86,599.82,UPI,Completed,East
1078,149,2025-10-28,173,Books,2,256.61,22.27,17.17,15.46,681.98,Card,Cancelled,East
1079,1007,2025-01-04,170,Electronics,4,192.1,21.44,17.92,19.47,870.6,Cash,Returned,North
1080,470,2025-01-19,134,Electronics,4,180.13,37.41,7.98,18.06,131.95,Cash,Pending,South
1081,563,2025-12-21,204,Home,5,269.81,47.35,26.91,17.83,32.91,Card,Completed,North
1082,661,2025-08-18,266,Home,4,191.66,1.67,23.1,16.34,867.28,Card,Pending,East
1083,334,2025-09-20,119,Home,3,90.2,11.1,25.07,6.77,90.19,Cash,Pending,East
1084,151,2025-06-18,183,Books,3,85.62,29.39,18.89,9.79,318.59,Cash,Completed,North
1085,644,2026-03-26,236,Home,3,94.1,47.51,5.69,8.23,709.34,Card,Pending,West
1086,716,2026-02-03,124,Books,2,205.15,37.64,18.35,15.55,694.72,Card,Cancelled,North
1087,234,2025-05-22,128,Books,4,191.55,18.12,23.3,8.11,876.89,Card,Pending,North
1088,336,2026-01-19,272,Books,4,16.25,37.68,28.35,18.01,44.71,Card,Cancelled,West
1089,874,2025-05-03,299,Home,1,68.78,32.05,18.83,13.66,508.17,UPI,Pending,South
1090,722,2025-11-18,241,Books,4,279.89,10.04,16.26,6.9,628.02,Card,Completed,East
1091,655,2025-05-03,295,Electronics,1,129.23,24.36,22.7,6.43,510.17,Card,Returned,East
1092,592,2025-09-01,265,Home,5,120.53,26.65,21.26,12.67,999.95,UPI,Cancelled,North
1093,223,2026-04-13,255,Home,1,204.75,5.79,19.35,16.29,304.55,UPI,Returned,West
1094,472,2025-01-30,265,Home,3,129.51,35.93,9.6,3.92,386.8,Card,Completed,North
1095,133,2025-01-10,208,Home,2,277.05,47.58,9.08,14.79,823.2,Card,Completed,East
1096,794,2025-05-02,226,Electronics,4,163.56,42.12,3.97,17.54,661.28,UPI,Returned,North
1097,405,2026-01-11,295,Home,2,128.03,34.97,9.02,18.56,174.75,UPI,Returned,North
1098,563,2026-02-25,142,Home,5,132.51,1.5,16.25,5.68,-29.69,Cash,Completed,West
1099,41,2025-03-10,268,Electronics,4,38.45,5.58,11.49,6.74,679.91,Card,Cancelled,West
1100,339,2025-11-16,153,Books,4,53.95,39.66,10.19,17.2,682.04,UPI,Cancelled,West
1101,921,2025-11-29,260,Books,4,205.61,48.76,25.45,0.97,644.46,UPI,Returned,South
1102,660,2025-03-09,269,Electronics,4,19.24,29.39,6.51,9.13,519.12,Cash,Cancelled,East
1103,320,2025-11-10,235,Books,4,35.98,20.21,19.25,14.9,344.84,UPI,Completed,South
1104,790,2025-04-08,254,Home,3,161.44,0.47,2.86,7.07,945.78,Cash,Returned,West
1105,390,2026-01-12,202,Electronics,1,199.44,44.1,16.12,10.18,493.52,UPI,Pending,West
1106,723,2026-02-01,131,Electronics,4,71.77,14.28,11.67,6.57,654.39,UPI,Pending,East
1107,355,2026-05-12,244,Electronics,5,24.57,31.46,7.08,16.03,31.08,UPI,Pending,West
1108,103,2025-11-25,166,Electronics,2,62.17,34.99,20.02,15.65,425.73,Cash,Returned,South
1109,675,2026-02-15,133,Electronics,2,139.59,33.84,24.75,14.52,344.88,Cash,Pending,North
1110,579,2025-08-04,142,Electronics,5,25.92,44.74,9.46,12.27,922.45,UPI,Completed,West
1111,618,2025-03-27,171,Books,2,18.89,33.6,25.06,3.38,758.33,Card,Cancelled,North
1112,457,2025-04-05,172,Books,3,296.87,0.1,20.1,14.63,,UPI,Returned,West
1113,941,2025-01-05,194,Books,1,169.18,5.0,29.85,16.56,-34.65,Cash,Completed,South
1114,726,2025-04-01,182,Home,4,154.71,35.94,1.02,13.66,768.53,UPI,Returned,South
1115,570,2025-09-06,279,Home,1,195.49,9.72,8.48,19.11,688.68,Cash,Returned,East
1116,549,2025-09-18,270,Books,5,109.96,43.96,4.37,11.04,146.14,Card,Cancelled,South
1117,1,2025-05-02,123,Books,3,281.66,22.75,1.94,9.38,155.88,Cash,Completed,South
1118,381,2025-02-10,205,Books,2,155.23,25.45,15.97,3.85,531.79,Cash,Completed,East
1119,384,2025-09-01,272,Books,1,173.18,48.49,4.8,14.7,-8.82,UPI,Pending,West
1120,691,2025-06-06,197,Electronics,5,161.82,39.01,27.0,3.11,297.11,Card,Completed,East
1121,1005,2025-01-10,231,Home,4,105.49,20.76,18.9,14.92,644.54,UPI,Pending,South
1122,298,2025-02-13,216,Electronics,3,233.38,10.71,28.75,15.03,712.7,Cash,Pending,East
1123,454,2025-01-08,297,Electronics,3,38.99,13.48,25.72,7.5,99.69,UPI,Cancelled,North
1124,412,2025-09-20,275,Home,3,88.69,41.54,16.53,10.27,610.06,UPI,Completed,West
1125,993,2026-01-24,152,Home,1,136.71,10.72,5.24,9.17,311.94,Card,Returned,West
1126,510,2026-03-27,298,Home,5,14.53,16.1,5.02,3.97,-7.42,UPI,Pending,East
1127,102,2026-03-04,271,Home,5,78.95,29.51,11.25,6.63,622.54,Cash,Returned,South
1128,973,2026-02-04,189,Home,3,279.23,36.9,8.1,10.35,589.23,UPI,Returned,North
1129,419,2026-01-19,179,Books,4,101.17,2.6,9.23,5.37,246.21,UPI,Returned,South
1130,969,2025-12-10,101,Home,5,54.91,47.33,26.83,2.67,738.18,UPI,Cancelled,East
1131,545,2025-12-12,287,Books,1,243.5,49.24,17.04,16.74,790.41,Card,Completed,West
1132,183,2025-11-14,190,Electronics,4,87.56,42.58,8.39,10.4,444.6,Cash,Returned,North
1133,680,2025-12-01,185,Books,1,116.81,22.12,3.94,2.94,119.15,Cash,Pending,West
1134,642,2025-07-15,245,Home,1,268.39,21.93,8.42,5.35,564.87,Cash,Cancelled,North
1135,590,2026-02-14,138,Electronics,5,46.08,15.92,14.38,10.05,,UPI,Pending,East
1135,590,2026-02-14,138,Electronics,5,46.08,15.92,14.38,10.05,,UPI,Pending,East
1137,455,2025-11-19,258,Electronics,4,270.53,22.83,25.32,19.04,334.6,Cash,Cancelled,East
1138,896,2025-04-14,269,Home,2,191.27,44.1,21.36,11.31,186.8,Card,Cancelled,South
1139,785,2025-12-03,117,Home,4,148.11,16.78,14.72,16.21,355.11,Cash,Completed,West
1140,901,2026-03-20,123,Books,2,150.3,45.45,10.33,18.7,69.1,UPI,Returned,West
1141,986,2026-02-18,228,Electronics,3,280.45,36.3,19.51,9.3,696.86,UPI,Completed,East
1142,220,2025-09-15,129,Electronics,1,239.28,49.03,4.19,4.59,484.17,Card,Returned,East
1143,931,2025-07-16,257,Books,3,45.66,32.47,11.95,6.24,538.37,Card,Returned,West
1144,525,2025-06-02,157,Books,4,211.26,21.55,5.08,4.0,605.96,Card,Completed,West
1145,976,2025-08-12,240,Electronics,1,280.94,4.86,16.96,17.81,361.76,Card,Cancelled,North
1146,226,2025-02-03,176,Electronics,4,297.35,19.04,17.08,17.27,541.78,Cash,Returned,North
1147,380,2025-10-21,189,Electronics,5,113.4,25.82,21.03,6.89,605.11,UPI,Completed,South
1148,752,2025-11-02,214,Home,1,188.86,32.78,28.08,7.5,578.38,Card,Completed,East
1149,335,2026-02-03,196,Electronics,4,168.59,20.76,5.75,2.42,537.45,Card,Returned,East
1150,548,2026-04-10,133,Electronics,2,272.38,46.53,7.48,10.22,630.0,UPI,Returned,West
1151,50,2026-01-22,187,Home,3,249.07,13.2,20.2,8.61,376.41,UPI,Completed,East
1152,584,2026-02-14,182,Home,4,55.29,17.96,17.39,12.51,563.62,Card,Completed,East
1153,640,2026-03-21,222,Home,3,194.6,19.41,7.04,7.54,,Cash,Completed,South
1154,760,2026-03-05,131,Home,2,21.24,2.39,13.99,18.54,427.48,Cash,Cancelled,South
1155,174,2025-10-12,230,Electronics,2,200.01,42.74,19.66,6.01,988.96,Cash,Returned,North
1156,963,2025-03-05,125,Electronics,3,232.0,6.17,29.39,9.22,505.69,UPI,Cancelled,West
1156,963,2025-03-05,125,Electronics,3,232.0,6.17,29.39,9.22,505.69,UPI,Cancelled,West
1158,162,2025-09-21,147,Books,3,283.42,41.1,22.47,11.33,559.89,Card,Pending,West
1159,140,2025-06-03,186,Electronics,4,250.47,49.7,21.6,7.51,491.2,UPI,Completed,East
1160,226,2025-05-09,129,Electronics,2,147.4,32.84,23.21,11.14,80.68,UPI,Completed,West
1161,754,2025-07-31,187,Home,4,219.75,30.17,5.68,14.87,834.43,Cash,Completed,West
1162,697,2025-05-20,264,Books,5,244.81,32.36,17.11,16.5,777.05,Card,Pending,South
1163,403,2025-12-04,208,Electronics,3,224.08,15.88,4.32,14.36,911.04,UPI,Pending,East
1164,658,2025-07-19,177,Books,4,149.24,41.7,20.82,9.71,339.02,Cash,Cancelled,South
1165,277,2025-12-20,284,Home,3,7.67,20.5,26.68,1.4,836.8,UPI,Pending,North
1166,310,2025-10-19,107,Electronics,2,201.52,16.46,19.81,17.34,519.28,UPI,Completed,East
1167,37,2025-06-24,123,Home,2,22.88,14.91,12.77,19.39,927.69,Card,Completed,South
1168,398,2026-05-08,128,Electronics,4,126.43,29.47,8.39,5.31,247.09,Cash,Completed,South
1168,398,2026-05-08,128,Electronics,4,126.43,29.47,8.39,5.31,247.09,Cash,Completed,South
1170,450,2025-01-21,277,Books,2,218.2,29.45,7.93,7.61,268.89,Card,Pending,West
1171,524,2026-01-03,182,Electronics,3,241.66,35.85,19.91,17.31,151.68,Cash,Returned,North
1172,58,2026-03-02,177,Electronics,3,48.83,7.51,1.67,4.05,-32.46,UPI,Pending,East
1173,720,2025-01-23,137,Electronics,3,51.78,48.28,9.68,1.61,361.71,UPI,Completed,North
1174,157,2026-03-15,176,Home,2,119.13,8.38,24.1,11.07,47.07,Card,Returned,South
1175,559,2026-04-14,149,Books,2,139.44,19.13,28.79,1.37,761.75,Cash,Completed,East
1176,774,2025-04-17,131,Electronics,2,292.71,29.95,21.9,18.83,718.48,Cash,Returned,South
1177,505,2025-01-14,117,Home,1,203.62,43.08,4.69,4.91,898.75,Cash,Returned,South
1178,409,2025-04-17,266,Electronics,4,230.35,44.89,23.96,17.88,220.02,UPI,Returned,East
1179,931,2025-01-31,202,Electronics,2,81.18,30.79,23.76,6.69,857.38,Cash,Completed,North
1180,135,2025-04-07,273,Electronics,4,31.55,41.02,13.21,14.45,356.3,Card,Returned,West
1181,135,2025-09-21,120,Electronics,1,167.86,17.7,23.82,11.52,625.12,Cash,Cancelled,East
1182,35,2026-04-05,117,Books,3,299.67,40.32,19.45,12.48,1.57,Card,Pending,West
1182,35,2026-04-05,117,Books,3,299.67,40.32,19.45,12.48,1.57,Card,Pending,West
1184,601,2026-02-04,287,Electronics,3,97.92,26.68,25.82,1.96,,Cash,Returned,South
1185,769,2026-01-17,244,Home,5,141.58,1.96,4.23,6.4,853.23,Cash,Completed,North
1186,798,2025-01-31,130,Home,3,170.94,27.58,2.18,13.21,224.88,Card,Completed,West
1187,475,2025-10-10,228,Home,1,27.77,43.28,23.07,6.37,707.05,Cash,Pending,South
1188,39,2025-07-16,226,Home,2,239.4,36.74,11.55,0.02,566.55,Card,Completed,East
1189,400,2026-02-17,267,Electronics,4,99.63,42.03,23.34,14.94,92.48,Card,Pending,North
1190,495,2026-04-28,170,Electronics,4,22.89,32.57,26.65,3.16,374.6,Cash,Pending,South
1191,41,2025-07-27,193,Home,2,143.51,7.88,3.67,12.06,440.45,UPI,Completed,West
1192,56,2025-08-24,191,Electronics,1,21.6,3.51,24.8,0.34,144.72,Card,Cancelled,West
1193,510,2025-01-22,269,Home,1,20.39,45.73,25.92,14.6,,UPI,Completed,North
1194,787,2026-04-14,224,Electronics,4,214.94,31.67,13.52,5.04,644.49,Card,Returned,North
1195,259,2025-05-29,203,Electronics,5,243.94,0.1,9.23,9.77,621.77,Card,Cancelled,East
1196,26,2025-04-01,232,Home,3,74.97,30.14,28.96,17.8,136.37,Card,Completed,West
1197,488,2025-08-20,134,Home,3,261.17,34.87,13.73,8.44,378.35,UPI,Returned,West
1198,87,2026-01-13,208,Home,3,27.01,26.18,3.88,19.71,219.65,Cash,Returned,East
1199,945,2025-07-21,258,Electronics,2,186.13,20.01,28.46,15.23,292.1,Cash,Pending,North
1200,405,2025-04-12,108,Home,4,101.51,9.66,1.94,5.63,421.63,UPI,Cancelled,North
1201,885,2025-11-24,128,Books,5,191.55,49.79,18.7,10.29,735.45,Card,Pending,East
1202,611,2025-10-01,102,Home,2,131.58,41.22,26.2,4.72,251.34,Card,Completed,East
1203,739,2025-10-27,236,Home,4,218.09,26.81,7.11,6.66,910.91,UPI,Pending,North
1204,44,2025-01-25,198,Home,2,222.32,38.92,8.14,11.49,451.54,Cash,Pending,South
1205,157,2026-01-19,234,Electronics,4,163.22,16.04,1.25,12.61,111.58,UPI,Returned,South
1206,294,2025-07-26,191,Home,4,26.71,16.45,24.16,18.77,3.3,UPI,Cancelled,North
1207,316,2025-09-26,202,Books,3,80.32,17.56,10.32,19.58,629.49,Card,Pending,West
1208,548,2025-06-07,158,Books,2,114.78,46.88,28.52,3.99,295.39,Card,Cancelled,West
1209,843,2026-02-22,213,Electronics,3,99.22,39.68,14.96,11.37,90.42,Card,Cancelled,West
1210,722,2025-01-22,144,Books,5,229.85,45.81,1.3,18.52,-0.93,Cash,Returned,South
1211,586,2025-04-26,106,Home,5,135.21,5.88,3.36,19.05,784.52,UPI,Pending,East
1212,738,2025-12-12,234,Home,2,152.44,28.5,6.12,13.49,583.01,Cash,Pending,South
1213,275,2026-02-25,210,Electronics,2,88.04,41.39,5.18,5.56,821.77,Card,Returned,East
1214,7,2025-03-19,197,Books,1,260.16,31.41,11.44,0.33,634.66,UPI,Pending,North
1214,7,2025-03-19,197,Books,1,260.16,31.41,11.44,0.33,634.66,UPI,Pending,North
1216,88,2025-08-01,257,Electronics,2,42.97,17.45,20.59,6.78,540.56,UPI,Completed,South
1217,931,2026-02-01,104,Books,2,54.01,31.25,15.39,6.61,361.87,UPI,Cancelled,North
1218,12,2025-05-21,237,Home,5,211.15,30.03,2.36,1.28,298.54,UPI,Pending,North
1219,158,2025-08-08,299,Books,1,276.93,13.07,19.96,1.27,867.07,Card,Pending,South
1220,320,2025-06-06,277,Home,2,230.81,0.95,24.96,15.05,681.19,Cash,Returned,North
1221,940,2025-06-06,183,Electronics,2,211.87,49.97,14.94,1.04,182.97,UPI,Cancelled,South
1221,940,2025-06-06,183,Electronics,2,211.87,49.97,14.94,1.04,182.97,UPI,Cancelled,South
1223,398,2026-01-19,136,Books,2,273.54,40.26,16.16,13.25,290.52,UPI,Cancelled,East
1224,147,2025-07-24,253,Electronics,3,91.94,8.12,29.63,14.49,511.91,Card,Returned,South
1225,885,2025-11-07,190,Books,1,32.85,12.06,9.2,12.42,128.16,Cash,Pending,North
1226,282,2025-08-23,159,Home,3,154.92,40.97,27.56,16.27,139.8,UPI,Completed,West
1227,216,2025-09-06,275,Home,3,103.9,49.8,29.53,5.62,429.03,UPI,Pending,West
1227,216,2025-09-06,275,Home,3,103.9,49.8,29.53,5.62,429.03,UPI,Pending,West
1229,85,2025-08-26,157,Books,1,225.78,24.48,19.89,10.62,423.57,Cash,Pending,South
1230,563,2025-06-09,260,Home,2,242.22,40.33,15.88,18.8,459.45,Card,Pending,North
1231,501,2025-09-13,246,Books,5,241.76,37.37,6.58,15.87,,Cash,Cancelled,South
1232,211,2026-02-20,172,Electronics,4,146.11,37.48,24.87,1.61,798.55,Card,Pending,South
1233,743,2025-09-10,118,Electronics,3,288.47,49.2,4.57,15.37,635.78,Card,Pending,South
1234,857,2025-11-20,187,Electronics,5,15.89,5.17,21.84,19.57,620.77,Cash,Returned,South
1235,960,2025-10-27,154,Home,3,5.87,13.2,1.14,19.75,575.17,UPI,Pending,East
1236,575,2026-02-09,217,Home,3,219.19,26.52,18.89,12.98,756.83,Card,Cancelled,North
1236,575,2026-02-09,217,Home,3,219.19,26.52,18.89,12.98,756.83,Card,Cancelled,North
1238,994,2026-05-03,106,Electronics,1,265.23,38.25,8.59,12.73,827.23,Cash,Completed,West
1239,464,2025-06-12,263,Home,1,173.83,29.28,12.16,8.06,333.29,UPI,Returned,North
1240,734,2026-05-01,266,Books,3,45.94,14.73,25.46,3.4,603.18,Cash,Returned,East
1241,820,2026-04-14,161,Electronics,4,122.95,13.56,4.69,7.97,155.73,Card,Cancelled,West
1242,511,2025-12-09,238,Home,4,211.81,3.38,26.77,2.28,,Cash,Completed,East
1243,634,2025-04-30,143,Books,5,298.4,15.78,18.81,13.29,440.85,Card,Pending,East
1244,63,2025-07-19,223,Books,4,262.41,17.55,23.13,14.18,953.51,UPI,Cancelled,South
1245,403,2026-02-27,171,Books,1,259.28,8.93,23.92,16.6,377.46,Cash,Cancelled,East
1246,457,2025-02-19,208,Home,5,247.93,3.29,8.01,17.79,518.62,Cash,Returned,North
1247,675,2025-05-16,246,Electronics,2,203.55,39.41,2.45,18.48,,Cash,Cancelled,West
1248,347,2025-09-06,186,Electronics,4,235.19,2.69,27.2,0.89,219.78,UPI,Returned,East
1249,576,2025-03-26,154,Books,2,14.67,39.74,3.12,6.35,537.96,UPI,Completed,West
1250,770,2026-05-07,124,Home,2,5.5,28.86,21.82,15.9,159.69,Cash,Completed,North
1251,125,2025-06-11,239,Books,1,152.01,6.86,13.72,5.51,737.85,UPI,Cancelled,East
1252,682,2025-03-03,185,Books,1,65.46,47.68,16.44,5.07,445.87,UPI,Cancelled,West
1253,258,2025-07-05,184,Books,2,18.73,48.86,9.32,16.51,980.14,Card,Returned,East
1254,737,2026-02-13,299,Books,2,166.8,29.49,24.02,11.14,334.61,Card,Completed,North
1255,47,2025-08-29,277,Electronics,2,98.16,15.87,24.46,3.73,734.64,UPI,Completed,East
1256,572,2025-01-15,166,Home,2,130.89,4.44,24.93,0.66,-49.8,Card,Cancelled,East
1257,401,2025-04-17,103,Home,1,72.63,7.07,2.03,13.36,697.64,UPI,Pending,West
1258,247,2025-07-24,100,Books,4,138.68,48.15,19.0,15.22,631.71,UPI,Cancelled,West
1259,234,2025-09-04,146,Electronics,1,22.88,35.48,9.85,14.15,398.1,Card,Pending,East
1260,591,2025-02-21,123,Electronics,3,67.56,5.42,24.99,19.02,377.59,Cash,Pending,South
1261,921,2025-02-13,129,Home,2,125.53,23.98,17.0,18.59,146.65,Cash,Completed,West
1262,244,2026-01-19,120,Books,3,55.49,26.15,10.9,5.35,433.02,Card,Pending,West
1263,22,2025-02-16,224,Home,3,7.6,46.44,7.87,9.74,330.89,Cash,Completed,North
1264,266,2025-05-30,249,Books,3,254.36,36.16,22.1,5.01,51.01,Cash,Cancelled,North
1265,470,2025-03-24,204,Home,5,182.93,27.9,22.54,17.94,458.55,UPI,Cancelled,West
1266,280,2025-03-05,179,Books,3,88.35,32.19,3.53,6.08,,UPI,Cancelled,East
1267,288,2025-05-23,278,Electronics,2,22.93,20.83,10.23,17.21,602.65,Cash,Pending,West
1268,353,2025-09-22,282,Home,4,244.3,27.23,18.42,14.16,725.76,Card,Completed,East
1269,855,2025-04-20,149,Books,2,44.42,29.67,29.25,8.67,618.28,UPI,Returned,North
1270,619,2026-02-09,256,Home,4,201.71,47.4,5.59,1.86,171.75,UPI,Pending,East
1271,120,2026-04-02,172,Electronics,3,8.4,17.83,9.61,10.84,378.37,UPI,Pending,East
1272,319,2025-08-22,202,Electronics,5,188.13,19.78,9.34,6.08,425.54,UPI,Completed,West
1273,878,2025-02-28,248,Home,2,94.06,33.13,21.88,7.14,431.1,Card,Cancelled,North
1274,1000,2025-05-16,172,Electronics,4,41.52,34.95,5.79,4.63,964.6,Card,Pending,North
1275,63,2026-02-01,230,Electronics,4,173.32,31.7,5.23,3.68,747.77,Card,Returned,North
1276,81,2025-02-15,147,Books,4,141.63,45.5,26.2,16.84,796.59,Card,Completed,North
1277,380,2025-07-13,237,Books,1,227.44,30.26,20.07,12.65,79.23,Card,Completed,South
1278,902,2025-04-11,163,Home,4,25.97,24.13,11.81,15.64,949.14,UPI,Cancelled,South
1279,675,2025-02-03,147,Books,4,104.68,48.37,22.95,3.42,760.72,UPI,Cancelled,East
1280,545,2026-03-29,129,Electronics,1,100.48,3.65,21.84,11.2,230.89,UPI,Returned,South
1281,515,2025-04-19,193,Electronics,1,84.74,29.49,14.76,13.93,644.17,Cash,Returned,West
1282,932,2026-01-16,180,Books,4,99.25,43.73,2.67,14.08,381.65,Card,Cancelled,North
1283,508,2025-04-04,277,Home,4,32.0,2.17,17.39,2.55,85.83,Cash,Returned,North
1284,181,2025-03-06,174,Electronics,3,198.83,21.29,12.39,17.77,60.91,Card,Returned,South
1285,786,2026-04-23,184,Electronics,1,175.82,17.28,26.52,18.43,145.04,Card,Returned,West
1286,611,2026-05-11,142,Books,5,20.59,11.77,27.54,9.36,-37.26,UPI,Pending,North
1287,821,2025-10-16,165,Electronics,1,99.33,32.37,14.77,0.91,210.6,Card,Returned,East
1288,237,2025-03-19,176,Home,3,96.64,3.01,17.79,16.76,,Cash,Cancelled,North
1289,474,2025-08-20,280,Home,2,175.81,37.59,19.39,9.77,27.61,UPI,Cancelled,East
1290,568,2025-10-27,196,Electronics,4,173.26,8.22,12.24,2.72,625.22,Cash,Pending,West
1291,610,2026-02-02,244,Books,5,82.29,46.57,23.91,3.52,685.06,Cash,Completed,East
1292,616,2025-09-28,285,Books,1,202.24,0.79,29.24,16.71,73.57,Card,Returned,West
1293,166,2025-07-17,142,Books,3,229.29,26.8,6.02,9.41,786.54,UPI,Cancelled,South
1294,290,2025-02-11,111,Electronics,4,107.24,11.34,1.62,2.56,446.67,Cash,Completed,South
1295,752,2025-12-07,294,Books,4,228.36,5.97,18.9,2.2,149.42,Card,Pending,North
1296,361,2026-01-04,214,Home,1,96.0,8.81,19.49,8.99,742.9,Cash,Pending,East
1297,458,2026-04-07,246,Home,3,229.12,10.05,1.52,1.16,579.28,Card,Cancelled,West
1298,595,2026-03-29,145,Electronics,4,138.88,26.66,14.48,3.04,679.2,UPI,Returned,East
1299,462,2025-06-06,161,Electronics,2,68.83,39.18,20.07,4.2,,UPI,Cancelled,South
1300,163,2026-04-19,246,Electronics,2,6.81,34.81,21.61,10.22,-39.31,UPI,Returned,East
1301,622,2025-04-25,169,Home,4,50.52,2.58,24.29,18.62,785.78,UPI,Pending,East
1302,81,2025-01-25,240,Home,2,24.26,39.3,5.47,17.33,640.63,Card,Cancelled,South
1303,725,2026-04-08,281,Home,3,87.08,13.23,20.05,13.75,739.57,UPI,Cancelled,West
1304,259,2025-05-21,211,Books,5,164.26,42.38,11.62,4.13,125.67,Cash,Cancelled,North
1305,530,2025-05-19,285,Electronics,5,52.95,29.18,17.43,9.02,424.23,UPI,Pending,North
1306,612,2025-05-09,187,Books,2,89.48,7.59,2.89,1.54,816.91,UPI,Pending,South
1307,612,2025-12-29,229,Home,1,124.54,35.85,29.02,11.6,924.88,UPI,Completed,West
1308,394,2025-10-14,106,Home,1,177.81,9.88,25.57,9.54,562.68,UPI,Pending,North
1309,663,2025-10-31,130,Books,5,249.05,30.16,15.72,1.12,939.5,UPI,Completed,West
1310,50,2025-01-04,142,Electronics,2,209.87,41.82,22.5,12.61,479.67,Card,Returned,West
1311,119,2025-06-08,178,Home,5,132.63,45.67,26.04,19.92,-42.17,UPI,Cancelled,East
1312,3,2025-06-17,124,Electronics,1,163.84,27.13,3.54,16.51,228.78,Card,Pending,North
1313,855,2025-01-12,214,Electronics,2,194.16,15.02,26.34,3.51,498.25,Cash,Completed,East
1314,172,2026-02-03,101,Electronics,4,263.06,28.37,6.51,16.24,963.53,UPI,Pending,East
1315,226,2025-09-19,142,Books,3,46.29,5.96,14.32,16.04,412.04,UPI,Returned,East
1316,234,2025-01-13,262,Home,4,12.91,2.57,24.51,13.82,,Card,Completed,East
1317,116,2026-01-12,253,Books,3,38.95,16.38,4.02,7.71,698.13,Card,Pending,West
1318,605,2026-05-06,182,Electronics,5,45.38,47.93,28.59,5.5,682.65,Card,Returned,East
1319,128,2026-01-15,168,Home,2,132.89,29.15,11.07,5.36,658.42,UPI,Completed,West
1320,523,2025-07-29,175,Electronics,3,220.9,12.38,19.68,18.14,890.75,Card,Cancelled,South
1321,154,2026-05-12,227,Electronics,2,281.38,10.96,27.62,15.68,746.96,Cash,Pending,West
1322,713,2025-04-06,136,Books,2,84.36,7.74,20.28,12.59,46.66,UPI,Cancelled,West
1323,89,2026-02-26,115,Electronics,1,148.43,47.4,9.73,13.83,175.85,UPI,Cancelled,North
1324,257,2025-08-10,262,Electronics,4,210.51,46.22,24.32,0.54,,Card,Pending,West
1325,28,2025-05-03,252,Home,3,145.72,37.63,28.77,5.22,457.02,UPI,Completed,East
1326,499,2026-02-08,163,Books,1,271.85,28.71,8.16,7.03,251.01,Card,Cancelled,West
1327,406,2025-04-01,141,Books,2,152.86,28.57,25.77,15.09,95.86,UPI,Pending,East
1328,169,2025-02-23,238,Home,2,206.84,26.63,1.22,2.14,-23.37,Card,Completed,North
1329,98,2026-02-28,110,Books,5,222.69,44.68,10.34,10.73,357.98,UPI,Returned,West
1330,375,2025-12-05,259,Books,2,200.41,16.42,2.71,16.0,21.96,Cash,Cancelled,North
1331,760,2026-05-12,288,Books,2,214.22,8.97,26.76,17.38,481.09,UPI,Returned,North
1332,725,2026-03-07,207,Electronics,1,257.93,44.13,19.03,5.35,962.51,Cash,Cancelled,North
1333,783,2026-03-30,290,Electronics,1,203.33,3.56,5.02,7.64,496.35,Cash,Cancelled,South
1333,783,2026-03-30,290,Electronics,1,203.33,3.56,5.02,7.64,496.35,Cash,Cancelled,South
1335,929,2025-01-29,168,Home,4,202.33,26.76,21.39,11.49,345.27,Cash,Completed,West
1336,40,2025-03-26,210,Home,3,83.08,27.72,20.42,16.98,863.22,Cash,Returned,South
1337,280,2026-05-03,165,Home,1,93.6,24.31,23.17,12.42,494.08,UPI,Completed,North
1338,886,2025-10-08,227,Electronics,1,35.1,36.46,7.35,5.04,648.69,Cash,Returned,South
1339,510,2025-10-02,202,Electronics,2,271.78,33.62,18.17,16.17,407.55,Cash,Returned,West
1340,829,2025-06-19,107,Electronics,3,267.36,9.43,11.52,8.78,276.8,UPI,Completed,East
1341,1008,2025-12-31,269,Home,1,85.86,9.01,2.13,10.16,234.62,UPI,Cancelled,East
1342,513,2025-05-01,290,Books,2,79.41,33.66,11.56,15.17,35.6,Cash,Returned,East
1343,680,2026-01-27,101,Home,2,237.26,23.88,21.54,10.37,671.35,Cash,Returned,East
1344,989,2025-04-08,228,Electronics,5,137.28,39.44,12.19,17.91,698.5,Cash,Cancelled,South
1345,1019,2025-03-13,103,Electronics,1,299.93,26.53,4.97,13.68,204.48,Cash,Completed,West
1346,409,2025-05-29,198,Electronics,2,226.13,46.91,17.17,16.56,191.66,Cash,Completed,South
1347,450,2025-09-03,169,Books,4,16.66,45.09,28.2,4.93,32.44,Cash,Completed,West
1347,450,2025-09-03,169,Books,4,16.66,45.09,28.2,4.93,32.44,Cash,Completed,West
1349,133,2025-04-14,244,Books,5,248.63,29.14,25.51,15.16,790.59,Cash,Completed,North
1350,399,2025-09-02,210,Home,2,150.45,27.35,17.12,7.03,359.94,UPI,Pending,East
1351,21,2026-01-25,282,Books,4,265.26,10.05,8.24,14.84,106.71,Card,Completed,West
1352,54,2025-05-23,198,Home,2,239.01,15.26,26.68,7.61,,Card,Completed,North
1353,898,2025-12-01,156,Books,2,162.62,3.61,13.78,6.14,489.43,UPI,Completed,East
1354,15,2025-11-24,283,Home,3,293.85,9.53,12.4,14.58,148.92,Card,Pending,East
1355,84,2025-04-14,243,Electronics,2,140.78,6.98,26.48,14.15,388.51,UPI,Completed,South
1356,715,2025-06-08,112,Home,2,117.37,0.91,13.91,15.44,42.8,UPI,Pending,East
1357,1018,2025-02-02,174,Home,2,23.43,45.13,24.72,8.32,842.29,Cash,Pending,East
1358,870,2026-02-09,218,Books,3,114.31,18.37,24.1,0.93,-40.2,Card,Pending,North
1359,235,2025-10-19,279,Home,1,204.91,34.58,22.42,14.82,,Card,Completed,West
1360,22,2026-03-17,223,Books,4,12.53,1.3,26.43,18.09,458.1,Card,Returned,North
1361,579,2025-11-06,219,Books,4,144.84,21.98,25.34,0.02,433.63,Cash,Completed,South
1362,893,2026-02-15,286,Home,1,122.14,28.55,19.89,0.97,-37.61,UPI,Completed,West
1363,795,2025-04-09,197,Home,3,166.32,6.84,5.49,9.49,-24.48,UPI,Cancelled,West
1364,132,2025-06-24,127,Books,1,78.87,1.26,23.16,11.1,353.82,Card,Cancelled,East
1365,129,2025-02-08,174,Books,4,178.79,34.36,27.63,4.17,315.06,Card,Cancelled,North
1366,122,2025-06-19,269,Home,2,26.04,33.53,3.2,19.85,893.4,UPI,Completed,South
1367,179,2025-11-03,203,Electronics,3,180.88,45.24,10.62,8.53,714.8,UPI,Returned,North
1368,458,2026-05-12,279,Electronics,3,84.97,3.66,8.21,17.67,395.14,Card,Completed,East
1369,53,2025-11-30,268,Home,5,83.69,48.36,22.53,8.67,410.71,UPI,Cancelled,West
1370,861,2025-01-12,112,Books,5,216.93,48.61,2.2,18.32,391.23,UPI,Completed,East
1371,411,2025-10-22,246,Electronics,1,89.7,49.94,2.25,4.91,280.03,UPI,Pending,South
1372,16,2026-01-21,156,Books,1,12.71,48.23,27.75,12.91,,UPI,Cancelled,East
1373,467,2026-03-19,207,Electronics,1,295.96,19.56,12.07,12.69,382.87,Cash,Completed,West
1374,781,2025-12-01,101,Electronics,3,205.1,38.14,20.49,7.19,481.66,Cash,Completed,West
1375,457,2025-01-30,212,Home,3,285.32,45.97,14.88,11.25,728.16,Cash,Returned,South
1376,143,2025-01-09,103,Electronics,2,202.47,38.41,3.69,11.85,960.85,Card,Cancelled,West
1377,728,2026-02-09,114,Electronics,2,99.5,20.06,7.24,17.3,277.04,Card,Cancelled,East
1377,728,2026-02-09,114,Electronics,2,99.5,20.06,7.24,17.3,277.04,Card,Cancelled,East
1379,206,2025-10-31,227,Electronics,4,10.72,17.73,20.03,11.04,336.69,UPI,Returned,West
1380,429,2025-01-18,222,Home,5,75.79,46.43,22.22,4.46,,UPI,Completed,South
1380,429,2025-01-18,222,Home,5,75.79,46.43,22.22,4.46,,UPI,Completed,South
1382,877,2025-02-24,127,Home,1,253.87,17.53,18.41,16.59,21.3,UPI,Returned,West
1383,519,2025-01-21,136,Home,3,241.65,6.2,1.42,0.04,311.31,Cash,Returned,East
1384,673,2025-01-12,253,Books,3,77.9,15.29,9.34,7.42,925.02,Cash,Returned,North
1385,583,2025-02-17,194,Electronics,5,231.2,30.46,29.04,5.45,381.42,UPI,Returned,South
1386,996,2026-05-04,255,Home,5,283.7,41.93,13.21,10.61,710.85,Card,Returned,North
1387,89,2025-01-11,146,Home,2,295.91,15.25,2.03,1.1,223.59,Card,Pending,North
1388,552,2025-09-23,114,Home,3,26.83,23.21,25.63,16.49,407.87,Cash,Cancelled,West
1389,948,2025-01-22,293,Home,1,217.15,17.78,24.31,8.47,664.44,Cash,Completed,East
1390,123,2025-06-01,163,Home,2,115.06,11.34,12.6,6.89,891.44,Card,Cancelled,East
1391,865,2025-03-13,280,Books,5,75.8,45.45,17.87,6.75,815.96,Card,Returned,South
1392,845,2025-08-09,266,Home,5,52.87,16.29,8.24,10.56,271.53,Card,Returned,West
1393,810,2025-07-25,177,Books,2,197.55,36.72,18.79,12.25,716.31,Card,Pending,West
1394,246,2025-09-16,219,Books,5,221.75,44.85,1.54,14.98,920.07,Card,Completed,North
1395,38,2026-01-07,196,Books,2,193.71,47.07,22.39,3.71,697.65,UPI,Cancelled,West
1396,965,2025-02-12,255,Home,2,190.9,0.04,14.99,16.2,126.75,UPI,Cancelled,North
1397,309,2025-10-31,111,Home,1,182.78,15.28,21.25,18.2,321.23,UPI,Completed,South
1398,1010,2025-06-17,173,Home,3,35.34,23.75,14.29,5.21,601.92,Card,Pending,North
1399,51,2026-01-27,200,Electronics,3,179.99,39.74,17.0,14.36,367.28,Card,Returned,West
1400,211,2025-08-26,118,Electronics,1,155.27,45.87,28.97,13.04,471.66,Card,Pending,East
1401,221,2025-02-15,106,Electronics,3,33.63,11.84,1.31,10.89,61.91,Card,Returned,North
1402,728,2025-04-16,163,Electronics,2,71.76,39.97,14.16,12.94,672.1,Cash,Returned,North
1403,840,2025-12-04,157,Books,5,138.27,5.55,7.36,3.05,865.63,UPI,Cancelled,North
1404,169,2025-10-06,194,Electronics,3,227.02,30.48,21.52,6.81,289.32,Card,Completed,East
1405,945,2025-10-16,275,Electronics,4,281.6,47.56,14.99,19.06,931.28,UPI,Returned,North
1406,661,2025-04-20,226,Books,3,168.82,24.32,28.91,6.32,445.71,Card,Cancelled,East
1407,661,2025-02-18,267,Home,2,204.2,45.53,12.77,13.81,22.95,Card,Returned,South
1408,14,2025-04-12,155,Home,2,40.0,26.25,27.1,5.29,163.93,UPI,Pending,South
1409,532,2026-03-29,120,Home,5,123.82,23.81,12.25,6.8,167.24,Cash,Returned,East
1410,643,2025-12-05,282,Electronics,2,36.66,29.63,19.43,12.76,696.02,Card,Completed,East
1411,198,2026-03-14,282,Books,4,139.27,34.12,9.91,5.81,868.17,Card,Cancelled,West
1412,22,2025-01-28,175,Books,4,116.15,44.31,15.08,12.71,675.47,Card,Pending,East
1413,45,2026-01-20,227,Electronics,3,231.82,0.03,26.09,0.44,416.91,UPI,Cancelled,East
1414,702,2026-05-04,135,Electronics,3,130.18,23.17,22.15,3.16,947.35,Cash,Pending,North
1415,432,2025-09-12,136,Home,2,123.84,6.63,1.97,0.93,608.82,UPI,Pending,North
1416,640,2025-05-16,177,Electronics,5,64.76,43.73,28.68,14.69,971.77,UPI,Returned,West
1417,858,2026-05-14,149,Home,2,9.59,34.01,16.76,14.23,937.7,Cash,Returned,North
1418,186,2025-04-12,300,Books,2,34.12,47.48,25.47,4.13,305.38,Cash,Completed,East
1419,678,2025-04-24,217,Home,3,138.99,43.57,5.21,10.48,49.06,UPI,Pending,North
1420,83,2025-01-23,163,Electronics,5,201.63,9.98,24.11,1.24,713.65,Card,Returned,East
1421,471,2025-12-20,289,Home,3,23.89,30.16,9.43,13.61,604.69,Card,Pending,West
1422,3,2026-05-05,132,Home,4,82.18,37.74,24.37,5.13,647.96,Cash,Cancelled,West
1423,822,2025-10-29,238,Electronics,1,202.82,4.44,3.67,14.71,426.82,Card,Cancelled,North
1424,718,2025-04-26,275,Electronics,5,104.88,33.65,23.35,5.52,874.45,UPI,Returned,South
1425,305,2026-03-27,279,Electronics,3,115.48,35.9,19.86,0.4,727.15,Cash,Completed,North
1426,935,2025-06-30,279,Electronics,4,210.93,0.58,2.72,13.02,837.66,Cash,Returned,West
1427,569,2026-04-27,256,Electronics,3,268.63,49.84,29.2,18.21,,Card,Completed,West
1428,483,2026-01-03,251,Books,3,179.39,12.1,25.91,13.55,841.71,Card,Completed,North
1429,609,2025-12-09,277,Books,4,121.2,7.27,4.76,18.49,361.0,Card,Completed,South
1430,129,2026-01-11,103,Home,4,98.35,34.78,12.83,19.86,985.33,Cash,Completed,East
1430,129,2026-01-11,103,Home,4,98.35,34.78,12.83,19.86,985.33,Cash,Completed,East
1432,684,2026-04-10,262,Books,1,236.03,16.89,18.19,9.53,878.27,UPI,Completed,North
1433,203,2025-08-07,267,Books,5,261.49,8.1,4.39,16.65,688.32,UPI,Pending,North
1434,480,2026-02-18,149,Books,2,225.82,27.39,15.74,14.48,189.85,Card,Pending,East
1435,931,2025-04-08,295,Electronics,3,244.42,30.47,13.31,17.29,-22.82,Cash,Returned,South
1436,429,2026-03-31,192,Home,3,281.3,12.96,12.53,7.21,118.85,UPI,Completed,South
1437,753,2025-05-22,196,Electronics,5,288.55,20.22,2.28,5.65,187.11,UPI,Returned,South
1438,496,2026-02-11,275,Books,1,82.13,11.91,23.17,15.06,918.8,UPI,Completed,East
1439,91,2026-03-11,276,Home,5,161.35,44.76,21.13,19.46,726.97,Cash,Pending,South
1440,992,2026-03-17,108,Home,3,103.83,3.14,11.29,5.02,911.0,Cash,Cancelled,North
1441,949,2025-11-06,220,Home,3,198.84,31.01,4.26,8.28,993.09,Card,Cancelled,North
1442,826,2025-08-14,202,Books,5,120.87,10.8,11.0,8.47,224.51,UPI,Cancelled,South
1443,256,2025-01-02,127,Electronics,4,19.81,36.0,20.72,2.72,718.75,UPI,Pending,North
1444,469,2026-01-03,258,Home,4,106.91,6.03,13.25,8.52,,Cash,Returned,West
1444,469,2026-01-03,258,Home,4,106.91,6.03,13.25,8.52,,Cash,Returned,West
1446,177,2026-02-15,214,Home,1,30.54,42.37,15.2,14.47,433.64,UPI,Cancelled,West
1447,295,2025-02-11,233,Books,2,112.03,6.53,13.97,5.69,28.61,Cash,Cancelled,East
1448,605,2025-02-01,133,Home,1,293.5,48.48,18.18,14.66,436.5,Cash,Cancelled,East
1449,176,2025-08-27,104,Books,1,250.29,45.92,6.08,11.86,233.9,Cash,Pending,South
1450,601,2025-10-16,230,Home,2,63.2,41.76,5.14,2.8,845.22,Cash,Cancelled,South
1451,494,2026-05-04,283,Electronics,2,203.48,7.34,24.4,16.69,869.65,UPI,Cancelled,South
1452,376,2025-10-29,297,Books,2,270.73,29.93,27.44,18.62,352.81,Cash,Cancelled,South
1453,586,2025-03-16,202,Books,2,38.7,4.41,3.32,8.04,376.82,Cash,Pending,North
1454,576,2026-02-04,262,Electronics,3,21.25,5.09,15.45,18.24,95.29,UPI,Pending,West
1455,899,2025-02-20,182,Books,4,137.75,0.28,20.73,19.6,574.61,Cash,Cancelled,South
1456,364,2026-03-10,266,Home,1,196.5,47.51,16.58,5.2,649.03,UPI,Returned,East
1457,397,2025-04-10,267,Electronics,5,66.99,39.7,28.57,5.51,-16.27,Card,Returned,North
1458,602,2025-11-05,273,Home,2,213.02,10.84,18.72,14.98,101.46,Card,Cancelled,West
1459,539,2025-03-14,168,Electronics,4,181.66,27.67,6.76,12.84,940.26,Card,Pending,West
1460,1006,2025-03-01,141,Electronics,4,18.49,40.77,5.25,16.0,827.11,Card,Completed,North
1461,496,2025-02-07,254,Home,2,210.54,23.34,14.06,0.26,340.78,Cash,Returned,West
1462,146,2025-08-15,109,Home,4,113.41,19.22,6.38,6.84,230.4,Card,Pending,South
1463,914,2025-09-24,139,Books,2,35.93,40.51,27.54,2.36,909.5,UPI,Returned,East
1464,923,2026-01-01,282,Books,5,27.33,7.3,25.17,2.0,942.22,Card,Completed,South
1465,310,2025-05-05,115,Books,4,93.94,32.81,23.86,8.94,25.47,Cash,Returned,North
1466,842,2025-10-30,196,Electronics,5,228.77,27.84,20.43,15.09,657.08,Card,Returned,North
1467,733,2026-02-26,233,Books,3,147.69,15.99,20.78,3.72,399.53,UPI,Cancelled,South
1468,29,2026-01-01,180,Electronics,3,12.95,33.6,29.55,17.89,341.08,UPI,Pending,West
1469,750,2025-04-16,281,Books,1,166.48,19.14,2.96,2.99,538.53,UPI,Cancelled,East
1470,671,2026-05-09,282,Electronics,3,40.04,41.34,18.8,3.4,983.14,UPI,Completed,West
1470,671,2026-05-09,282,Electronics,3,40.04,41.34,18.8,3.4,983.14,UPI,Completed,West
1472,950,2025-12-15,265,Electronics,1,202.05,20.51,13.21,5.67,211.6,Cash,Completed,North
1473,990,2025-07-03,144,Home,3,80.09,11.36,20.54,19.49,249.71,Cash,Pending,West
1474,662,2025-01-12,191,Books,3,142.43,31.64,8.4,15.4,258.56,UPI,Completed,North
1475,995,2025-03-17,251,Electronics,4,50.33,14.36,29.53,17.47,,Cash,Returned,North
1476,318,2025-03-14,199,Electronics,2,52.03,42.92,1.34,10.47,689.31,UPI,Completed,East
1477,454,2026-01-20,249,Books,4,89.29,42.55,8.87,14.02,355.31,Card,Pending,East
1478,955,2025-09-23,192,Electronics,3,213.4,10.38,26.68,18.24,212.63,Cash,Completed,North
1479,51,2025-05-25,278,Books,1,260.75,34.35,5.92,8.83,826.64,UPI,Cancelled,West
1480,771,2026-05-03,201,Electronics,2,185.54,1.61,25.68,6.16,336.42,UPI,Pending,North
1481,56,2025-01-03,170,Books,5,82.68,30.12,22.27,6.03,252.16,Card,Completed,North
1482,919,2025-03-28,126,Electronics,3,9.53,35.33,12.0,5.64,186.36,Cash,Pending,East
1483,526,2025-08-26,174,Books,4,258.38,29.39,6.59,10.52,15.43,Card,Pending,North
1484,461,2026-02-19,166,Electronics,4,267.86,46.2,20.57,4.34,637.65,UPI,Completed,South
1485,425,2025-02-04,226,Electronics,2,224.95,22.97,23.46,18.9,24.71,Card,Cancelled,South
1486,830,2025-10-30,154,Electronics,3,145.55,42.34,23.28,10.31,336.06,Card,Pending,North
1487,341,2025-06-20,275,Books,2,109.73,32.96,17.55,10.63,,Card,Returned,West
1488,234,2025-10-19,176,Home,2,193.77,4.18,22.62,2.07,881.27,Card,Returned,East
1489,865,2025-07-25,120,Books,4,107.24,47.46,5.8,5.03,99.71,UPI,Returned,West
1490,52,2025-01-11,132,Home,1,209.02,39.91,17.33,15.54,626.34,Cash,Cancelled,South
1491,295,2025-11-01,223,Electronics,4,32.1,31.36,17.61,10.66,128.17,Cash,Returned,South
1492,266,2025-03-21,175,Electronics,3,124.04,45.5,18.46,2.02,306.31,Cash,Returned,South
1493,385,2025-07-26,265,Electronics,1,107.6,43.36,1.02,12.95,334.9,UPI,Returned,East
1494,606,2025-12-20,195,Home,3,63.01,22.89,28.34,9.58,761.81,UPI,Pending,East
1495,947,2025-11-23,178,Books,1,262.5,20.49,24.81,1.93,349.77,Cash,Completed,South
1496,52,2025-04-17,241,Home,4,91.3,23.3,8.34,17.09,861.58,UPI,Pending,North
1497,427,2025-11-25,134,Home,1,84.95,15.3,24.0,15.73,130.6,Card,Cancelled,West
1498,769,2025-06-14,151,Electronics,4,292.13,17.37,14.39,10.32,-19.51,UPI,Completed,East
1498,769,2025-06-14,151,Electronics,4,292.13,17.37,14.39,10.32,-19.51,UPI,Completed,East
1500,9,2025-06-27,123,Electronics,5,267.6,39.6,21.15,7.09,,UPI,Completed,West
1501,158,2026-05-01,183,Books,2,241.22,16.49,21.38,7.04,189.11,Cash,Returned,South
1502,985,2025-04-19,194,Electronics,4,268.05,38.96,22.43,18.14,709.72,UPI,Pending,West
1503,399,2025-01-31,109,Books,5,252.23,30.69,21.13,10.09,527.36,UPI,Cancelled,East
1504,399,2026-02-18,281,Books,1,238.15,9.93,28.49,13.05,804.48,UPI,Cancelled,North
1505,922,2026-02-05,154,Electronics,5,15.94,12.67,9.1,19.76,913.14,Cash,Completed,North
1506,122,2025-07-03,230,Home,1,234.95,7.41,28.33,9.11,327.66,Cash,Pending,East
1507,598,2025-05-11,297,Electronics,3,203.77,25.17,2.85,10.95,,UPI,Pending,South
1508,433,2025-03-11,140,Books,3,63.37,39.49,1.88,11.52,747.18,Cash,Cancelled,East
1509,253,2025-10-12,233,Home,2,273.4,32.16,22.51,18.41,585.16,UPI,Pending,East
1510,929,2025-05-02,259,Electronics,1,237.76,4.75,12.24,15.66,742.86,UPI,Completed,South
1511,659,2026-01-28,290,Books,1,211.82,33.89,26.23,0.94,168.74,Cash,Cancelled,North
1512,486,2025-10-02,178,Home,4,21.49,9.75,1.98,15.79,469.16,Card,Completed,North
1513,198,2026-05-14,170,Home,2,133.04,49.48,9.42,0.45,687.02,Cash,Cancelled,West
1514,443,2025-09-14,239,Home,3,248.01,0.76,6.54,5.17,969.94,Cash,Completed,South
1515,583,2025-11-15,208,Books,2,189.49,14.32,2.02,10.44,639.81,UPI,Cancelled,South
1516,587,2026-04-24,295,Home,4,64.2,34.05,10.74,11.6,699.46,UPI,Pending,South
1517,644,2026-03-07,160,Books,1,212.95,7.55,1.28,18.73,61.31,Card,Pending,North
1518,126,2025-10-10,285,Electronics,5,261.49,29.73,24.76,16.65,151.61,Card,Cancelled,East
1519,106,2026-03-07,292,Electronics,4,106.85,5.39,26.72,2.17,192.47,Card,Returned,East
1520,214,2025-11-01,136,Home,3,298.21,27.73,8.97,5.86,856.36,Cash,Cancelled,East
1521,803,2025-03-02,241,Electronics,5,187.02,17.53,27.34,3.11,,Cash,Returned,North
1522,68,2025-03-03,187,Home,5,141.42,11.82,24.17,14.29,,Card,Pending,East
1523,681,2025-06-14,176,Home,4,46.51,0.73,14.82,6.94,680.8,Card,Cancelled,East
1524,607,2025-07-26,207,Home,5,297.65,26.72,19.06,10.37,635.73,Cash,Cancelled,South
1525,917,2025-08-17,258,Electronics,2,101.97,9.42,20.74,14.7,506.89,UPI,Cancelled,East
1526,471,2025-11-18,187,Electronics,1,33.12,0.53,25.05,10.64,73.11,Cash,Cancelled,East
1527,874,2025-01-23,134,Books,4,28.28,8.62,15.85,3.64,493.6,UPI,Returned,West
1528,369,2026-03-03,235,Home,2,111.61,19.51,11.46,18.73,233.18,Cash,Pending,North
1529,587,2025-11-05,258,Electronics,4,258.84,47.29,26.91,2.76,948.32,UPI,Completed,West
1530,388,2025-04-13,196,Home,2,198.32,17.18,28.09,18.39,246.78,UPI,Returned,West
1531,61,2026-03-15,226,Home,1,171.01,45.96,23.54,14.87,442.73,UPI,Completed,West
1532,793,2025-05-23,156,Home,2,31.75,49.02,14.08,2.95,,UPI,Completed,East
1533,562,2025-05-13,298,Home,5,69.81,34.55,11.91,11.14,352.06,Cash,Pending,West
1533,562,2025-05-13,298,Home,5,69.81,34.55,11.91,11.14,352.06,Cash,Pending,West
1535,317,2025-07-23,131,Electronics,5,33.3,3.33,2.63,12.92,,Cash,Completed,South
1536,33,2025-11-06,230,Books,2,208.4,13.6,10.48,11.61,611.61,UPI,Returned,North
1537,853,2025-04-05,115,Home,2,259.45,35.27,13.39,15.69,202.83,Cash,Cancelled,West
1538,215,2025-10-28,214,Books,4,163.35,40.81,7.09,10.22,725.92,UPI,Cancelled,North
1539,925,2026-04-17,272,Books,3,247.49,24.55,11.93,15.38,437.8,Card,Cancelled,South
1540,991,2025-01-01,175,Electronics,1,52.1,47.96,26.61,16.74,524.67,UPI,Cancelled,South
1541,479,2025-05-06,300,Home,1,285.11,46.07,21.63,1.75,496.97,Card,Returned,North
1542,927,2025-06-27,126,Home,1,25.07,31.9,15.44,12.42,587.94,UPI,Pending,North
1543,985,2025-05-11,130,Electronics,2,206.01,5.32,14.24,18.8,438.91,Card,Returned,South
1544,226,2025-04-26,276,Home,4,294.88,2.54,10.62,11.76,212.45,Cash,Cancelled,North
1545,676,2025-12-18,271,Electronics,5,234.92,34.37,5.12,6.18,717.24,Cash,Pending,South
1546,560,2025-09-24,147,Electronics,4,96.55,8.43,8.53,5.86,84.66,Cash,Completed,West
1547,355,2025-12-06,131,Books,1,150.15,36.35,17.62,11.23,-46.56,Card,Cancelled,East
1548,938,2025-02-13,176,Books,4,181.43,31.34,8.83,5.05,829.65,Cash,Cancelled,East
1548,938,2025-02-13,176,Books,4,181.43,31.34,8.83,5.05,829.65,Cash,Cancelled,East
1550,562,2025-10-23,216,Books,3,98.76,0.01,7.69,13.2,,UPI,Pending,East
1551,234,2025-10-09,168,Home,1,212.58,11.38,20.79,14.32,9.97,UPI,Returned,East
1552,505,2026-03-10,226,Electronics,1,81.57,35.81,14.33,2.99,23.86,Card,Returned,South
1553,476,2025-07-15,247,Books,2,282.22,49.91,24.71,9.56,704.94,UPI,Returned,South
1554,130,2025-10-01,171,Home,2,208.23,8.31,24.41,4.0,128.64,Card,Cancelled,East
1555,288,2025-07-01,291,Home,1,5.61,17.26,10.53,2.52,-10.4,UPI,Returned,West
1556,339,2025-12-18,177,Books,5,158.93,35.63,4.33,6.29,,UPI,Returned,West
1557,38,2025-03-21,234,Home,5,236.83,18.13,21.19,17.36,982.04,Card,Completed,South
1558,541,2026-01-28,179,Electronics,4,148.45,22.34,12.76,15.2,90.33,UPI,Returned,South
1559,72,2025-04-22,299,Electronics,5,126.71,31.53,14.88,13.31,643.3,Card,Returned,South
1560,889,2025-06-11,161,Home,1,89.22,27.05,24.48,2.34,939.18,Card,Pending,South
1561,881,2025-02-16,157,Books,1,167.7,28.38,21.46,9.24,497.39,Card,Pending,North
1562,663,2025-07-11,294,Books,3,237.84,22.97,14.69,16.44,832.78,Card,Cancelled,South
1563,27,2026-01-27,208,Home,1,292.1,33.29,10.47,4.06,293.89,Card,Pending,West
1564,192,2025-11-13,253,Books,3,114.09,26.15,26.92,18.03,556.9,Card,Completed,East
1565,308,2025-11-29,295,Books,3,47.29,39.17,23.61,16.06,283.62,UPI,Returned,West
1566,807,2025-10-16,158,Electronics,4,218.66,42.77,4.76,6.37,641.09,Card,Cancelled,East
1567,73,2025-02-25,127,Electronics,5,100.31,28.52,14.35,14.21,368.04,Cash,Cancelled,South
1568,238,2026-04-23,248,Home,2,250.91,36.0,28.18,0.36,703.02,Cash,Completed,East
1569,813,2026-04-03,172,Books,5,178.17,26.6,10.37,4.61,448.75,Cash,Completed,South
1570,48,2025-01-19,150,Books,3,173.07,22.77,17.85,6.22,654.1,Cash,Returned,North
1571,584,2025-10-28,126,Home,5,218.31,18.02,17.77,18.9,734.61,UPI,Pending,East
1572,547,2025-07-22,248,Books,2,243.27,38.13,8.94,11.81,526.74,Cash,Completed,South
1573,817,2025-05-12,119,Electronics,2,178.39,14.83,7.88,14.52,996.62,UPI,Pending,West
1574,672,2025-04-03,204,Home,5,206.45,13.39,2.15,16.64,511.29,Cash,Returned,West
1575,1018,2025-08-04,191,Home,5,44.07,34.43,9.46,10.87,839.94,Card,Pending,West
1576,759,2025-12-08,279,Electronics,4,32.91,44.43,20.74,2.59,107.78,Card,Completed,South
1577,50,2025-02-02,148,Home,5,190.98,36.76,20.36,4.41,133.54,UPI,Completed,West
1578,578,2025-12-18,176,Electronics,5,146.34,6.31,16.31,3.42,673.5,UPI,Cancelled,South
1579,329,2025-04-28,247,Electronics,4,263.03,17.87,21.45,2.22,,Card,Cancelled,South
1580,25,2025-04-14,133,Home,5,61.58,40.44,11.37,13.34,161.79,Cash,Returned,East
1581,137,2025-05-20,284,Home,5,77.05,6.4,21.71,4.24,377.7,Card,Returned,South
1582,651,2025-02-28,201,Home,4,224.29,39.03,12.01,19.07,993.38,Cash,Returned,South
1583,772,2026-03-29,283,Home,4,157.32,11.67,25.53,5.81,62.64,UPI,Cancelled,South
1584,648,2026-05-14,163,Electronics,3,200.99,23.05,2.62,18.69,270.62,Card,Completed,West
1585,1001,2025-01-08,238,Electronics,3,29.81,40.32,16.74,17.24,436.51,Cash,Cancelled,South
1586,135,2025-02-25,111,Home,1,55.16,8.56,6.42,11.11,762.48,Cash,Completed,South
1587,67,2025-07-21,233,Home,2,149.88,4.33,21.12,5.02,-48.97,UPI,Cancelled,West
1588,223,2026-03-12,235,Home,5,95.93,36.89,27.98,7.61,927.02,Card,Returned,South
1589,216,2025-08-03,227,Home,3,221.81,0.43,4.54,18.15,698.05,Cash,Completed,South
1590,67,2026-04-21,100,Books,4,50.6,28.35,10.91,16.3,,Cash,Pending,North
1591,595,2025-05-13,137,Books,4,160.19,45.63,28.58,3.76,290.03,UPI,Returned,South
1592,966,2026-04-26,129,Electronics,4,230.42,0.87,9.36,9.11,39.06,Cash,Completed,South
1593,513,2025-09-06,131,Electronics,3,287.86,21.07,15.59,17.7,,Cash,Cancelled,South
1594,845,2025-11-21,252,Home,5,160.74,17.89,17.08,0.05,875.02,UPI,Pending,West
1595,529,2026-04-08,287,Home,3,233.87,18.05,8.82,13.44,410.17,Card,Pending,South
1596,489,2025-04-17,227,Electronics,5,172.54,3.32,9.72,2.37,279.33,Card,Pending,North
1597,954,2025-07-26,256,Electronics,3,215.38,5.14,7.38,10.0,26.49,UPI,Pending,South
1598,238,2026-04-18,165,Home,2,291.52,16.87,22.77,17.42,59.64,Card,Pending,West
1599,893,2025-08-13,262,Home,3,127.26,28.0,20.44,8.74,678.74,Card,Returned,West
1600,459,2025-05-10,151,Home,1,291.85,11.45,27.93,13.53,590.83,Cash,Cancelled,South
1601,432,2025-05-10,293,Home,5,15.91,36.97,25.48,17.44,441.77,Card,Completed,West
1602,92,2026-01-03,149,Home,2,95.16,46.29,6.32,0.91,87.55,Cash,Pending,East
1603,842,2025-04-22,143,Home,5,165.98,8.46,1.1,15.91,227.34,Cash,Pending,North
1604,501,2025-11-07,252,Books,2,205.9,24.84,25.05,7.53,796.16,UPI,Cancelled,West
1605,347,2025-03-28,179,Books,3,163.6,12.74,14.32,1.55,663.41,UPI,Completed,South
1606,690,2026-02-16,203,Books,5,52.4,21.44,10.92,18.73,474.26,Card,Cancelled,South
1607,947,2025-03-13,178,Books,5,157.62,2.38,19.43,11.0,715.91,Card,Completed,West
1608,337,2025-05-31,220,Electronics,3,275.76,17.33,20.97,16.82,316.5,UPI,Completed,West
1609,452,2025-10-12,199,Electronics,4,220.73,8.54,17.26,5.35,601.43,Cash,Completed,South
1610,275,2025-10-04,206,Electronics,3,238.23,8.68,15.31,8.73,-30.89,Card,Pending,West
1611,111,2025-01-25,184,Home,2,20.85,3.76,5.85,19.43,949.46,Cash,Cancelled,East
1612,181,2025-01-15,131,Books,5,290.61,10.7,15.48,5.79,439.21,Card,Cancelled,East
1613,526,2025-07-11,269,Books,4,150.78,18.79,22.83,9.32,200.45,Card,Pending,South
1614,1005,2025-09-12,106,Home,4,86.62,40.76,28.2,6.99,991.45,UPI,Cancelled,East
1615,470,2025-09-10,198,Electronics,2,287.69,26.14,8.78,0.46,319.56,UPI,Cancelled,West
1616,471,2026-01-07,135,Home,4,153.65,31.48,6.42,16.88,577.89,Cash,Cancelled,North
1617,1013,2025-02-05,272,Home,5,141.02,21.43,21.64,1.27,130.27,UPI,Cancelled,North
1618,1002,2026-02-07,203,Electronics,2,26.23,22.68,28.8,13.14,503.1,Cash,Cancelled,North
1618,1002,2026-02-07,203,Electronics,2,26.23,22.68,28.8,13.14,503.1,Cash,Cancelled,North
1620,845,2026-02-02,217,Electronics,4,187.61,49.89,13.48,4.37,439.39,Cash,Pending,North
1621,903,2025-07-11,180,Home,2,140.68,28.01,1.62,6.38,702.5,Cash,Completed,West
1622,722,2026-01-14,232,Electronics,1,193.41,15.28,17.47,9.47,618.1,Card,Completed,East
1623,77,2025-05-26,232,Electronics,4,212.45,49.56,4.92,14.13,623.86,UPI,Cancelled,South
1624,68,2026-02-08,103,Home,3,201.99,38.61,5.16,6.64,673.72,UPI,Completed,North
1625,859,2025-07-31,149,Electronics,2,22.91,16.71,23.87,17.24,434.61,UPI,Returned,North
1626,537,2025-10-06,215,Books,5,139.19,33.06,7.94,17.34,,Card,Completed,South
1627,298,2025-11-23,130,Books,1,140.61,37.71,7.03,19.99,449.21,UPI,Returned,North
1628,333,2025-06-09,266,Books,5,69.22,46.05,7.68,14.82,582.84,Cash,Pending,South
1629,1008,2025-03-24,185,Home,5,179.26,41.14,25.96,11.04,117.35,UPI,Pending,East
1630,963,2026-02-26,261,Home,4,28.51,39.29,7.04,9.88,388.52,Cash,Cancelled,South
1631,486,2025-01-26,210,Home,1,268.33,26.35,4.56,9.73,292.8,UPI,Returned,South
1632,326,2025-03-01,173,Home,2,24.57,0.03,29.49,9.55,643.67,Card,Pending,North
1633,592,2025-06-03,195,Electronics,2,103.67,39.83,11.38,9.89,514.22,Card,Completed,South
1634,97,2026-01-20,153,Electronics,3,274.58,26.76,12.08,8.79,814.22,UPI,Returned,North
1635,365,2026-01-07,114,Books,5,247.36,27.66,1.94,16.66,923.58,Card,Completed,East
1636,514,2025-01-24,258,Books,3,88.05,46.21,19.4,3.58,790.03,Cash,Cancelled,West
1637,23,2025-07-14,163,Books,1,22.44,47.01,3.51,19.14,439.79,UPI,Completed,East
1638,772,2026-02-09,258,Home,4,254.2,28.24,21.91,6.15,598.8,UPI,Returned,East
1639,473,2025-05-30,186,Electronics,1,115.44,41.03,18.97,12.67,824.61,UPI,Cancelled,East
1640,567,2025-09-24,205,Home,5,66.11,4.1,14.9,11.96,709.02,Cash,Pending,South
1641,477,2025-12-22,287,Home,3,287.0,20.19,29.25,2.97,978.71,UPI,Returned,West
1642,834,2025-04-20,186,Home,2,116.22,4.07,27.08,10.34,706.95,Card,Returned,East
1643,377,2025-01-05,233,Books,5,218.89,33.18,29.47,14.1,402.59,Cash,Cancelled,North
1644,513,2025-08-17,227,Home,2,207.18,33.0,5.41,12.35,-44.01,Cash,Cancelled,East
1645,659,2025-04-07,213,Home,4,64.68,31.56,4.83,16.92,-49.0,Cash,Cancelled,South
1646,747,2025-11-08,241,Books,5,181.85,20.44,14.77,16.0,,Cash,Cancelled,West
1647,255,2025-01-15,224,Home,3,184.27,41.04,12.14,6.07,786.46,Cash,Returned,West
1648,615,2026-02-20,207,Home,1,259.07,43.68,24.6,7.22,-46.48,Cash,Pending,East
1649,226,2025-06-23,291,Home,4,163.07,32.16,3.02,9.64,166.18,UPI,Completed,South
1650,276,2025-06-28,100,Home,2,224.88,18.75,23.27,9.14,484.12,UPI,Pending,West
1651,973,2025-10-04,190,Home,2,256.58,25.81,25.19,13.52,740.9,Cash,Pending,East
1652,729,2025-09-16,269,Books,5,262.62,8.45,17.55,15.71,6.59,Card,Cancelled,West
1653,378,2025-06-04,158,Electronics,5,34.1,8.57,10.53,18.79,125.77,Cash,Returned,South
1654,822,2025-06-11,296,Home,1,62.8,1.22,14.41,1.03,481.26,Cash,Completed,East
1655,584,2025-09-02,103,Home,2,182.17,41.32,12.87,17.66,300.57,Card,Returned,South
1656,135,2025-08-10,207,Home,2,26.1,40.04,17.2,19.0,195.25,Card,Pending,West
1657,193,2025-09-14,170,Electronics,2,47.98,27.98,29.84,13.34,110.19,Cash,Pending,East
1658,124,2025-01-17,205,Home,4,286.93,36.93,6.33,1.57,890.7,Card,Returned,North
1659,580,2025-03-14,231,Home,2,42.39,35.27,7.24,1.27,513.74,Cash,Completed,South
1660,606,2025-05-31,219,Books,5,245.81,49.74,6.22,4.48,929.48,UPI,Pending,East
1661,237,2025-05-22,113,Electronics,3,233.99,9.73,1.58,9.99,857.28,Cash,Returned,West
1662,419,2025-08-01,206,Home,5,272.21,14.05,17.96,6.8,-41.9,Card,Completed,South
1663,173,2025-07-08,184,Home,4,187.13,31.92,2.57,9.4,409.72,Cash,Completed,West
1664,241,2026-04-17,170,Books,2,192.34,40.96,14.82,13.28,558.21,UPI,Pending,East
1665,468,2025-08-23,256,Electronics,3,276.57,14.89,18.62,10.43,90.69,UPI,Pending,West
1666,61,2026-02-09,194,Electronics,4,271.95,36.61,12.17,18.17,761.0,Cash,Cancelled,West
1667,885,2025-04-13,114,Books,1,81.48,32.28,27.15,4.39,851.02,Card,Returned,South
1668,244,2026-02-23,163,Books,2,202.2,10.23,16.8,1.14,757.59,UPI,Pending,South
1669,233,2025-02-17,110,Electronics,5,246.2,22.63,2.0,9.6,51.51,UPI,Completed,East
1670,679,2025-12-03,109,Electronics,3,183.35,15.81,13.13,19.97,200.23,Card,Returned,North
1671,603,2025-08-05,211,Books,1,18.36,36.7,27.58,18.53,76.88,Card,Returned,South
1672,370,2026-04-04,270,Electronics,1,53.6,22.07,20.38,2.79,104.87,UPI,Cancelled,East
1673,65,2025-02-11,101,Electronics,1,68.73,46.84,6.97,3.5,125.41,Cash,Cancelled,South
1674,843,2025-07-28,209,Electronics,5,145.47,17.63,24.37,1.36,393.39,UPI,Completed,North
1675,146,2025-06-29,171,Books,3,248.07,23.78,26.1,11.69,880.84,Card,Returned,South
1676,688,2025-04-04,240,Home,2,150.81,27.18,26.28,11.37,677.31,UPI,Completed,East
1677,920,2025-01-02,106,Home,1,275.03,29.4,10.76,14.67,341.53,Card,Pending,North
1678,248,2025-05-14,115,Home,5,272.14,37.7,17.73,14.24,,Cash,Completed,South
1679,502,2026-04-11,135,Books,1,161.43,11.16,24.2,18.14,900.53,UPI,Cancelled,East
1680,113,2025-05-18,246,Home,2,267.84,7.01,25.23,0.59,182.97,Card,Returned,West
1681,693,2025-06-11,243,Electronics,1,278.98,19.67,18.92,3.21,639.7,Cash,Completed,East
1682,982,2025-02-02,131,Home,2,278.44,20.96,25.26,19.75,803.16,UPI,Cancelled,West
1683,587,2026-03-11,128,Electronics,2,220.53,0.94,6.73,17.69,8.63,Cash,Cancelled,East
1684,216,2025-11-14,228,Electronics,2,136.03,48.03,13.17,2.75,164.18,Cash,Cancelled,North
1685,333,2025-04-01,238,Home,2,12.9,27.06,20.06,8.61,715.77,Card,Cancelled,South
1686,853,2025-08-03,127,Electronics,4,52.17,2.31,20.68,16.42,263.17,Card,Pending,North
1687,407,2025-01-17,157,Electronics,2,10.66,9.32,4.68,15.43,444.2,UPI,Cancelled,South
1688,240,2025-03-16,113,Books,2,55.11,37.74,27.38,1.37,-11.82,UPI,Completed,North
1689,50,2025-02-01,192,Electronics,4,14.53,31.9,24.8,12.97,406.68,Card,Returned,East
1690,626,2026-03-14,275,Books,1,203.61,2.27,27.51,4.25,878.92,UPI,Returned,North
1691,261,2025-09-05,245,Books,4,299.02,43.07,12.35,14.39,538.43,UPI,Completed,West
1692,301,2025-12-16,195,Electronics,5,7.79,37.38,17.55,5.47,492.43,Card,Completed,South
1693,34,2025-04-04,275,Electronics,5,170.36,22.71,13.19,4.18,340.9,Cash,Completed,South
1694,61,2026-02-05,268,Books,4,95.86,36.16,25.33,3.35,552.96,UPI,Cancelled,North
1695,105,2026-01-10,192,Electronics,5,255.85,7.53,17.7,4.58,895.29,Cash,Pending,West
1696,675,2026-04-05,122,Books,3,79.16,8.56,6.77,3.11,-8.57,Card,Completed,North
1697,601,2026-03-18,207,Home,5,130.77,16.78,3.21,1.19,595.56,UPI,Pending,West
1698,50,2026-01-22,265,Home,1,48.57,11.49,16.23,10.19,162.15,UPI,Completed,South
1699,863,2025-02-03,130,Home,2,178.68,18.96,26.61,15.92,652.82,Cash,Returned,West
1700,713,2025-03-25,276,Home,5,164.25,29.89,18.97,6.5,386.24,Cash,Completed,South
1701,901,2026-01-22,159,Books,2,141.41,48.7,23.13,2.81,727.53,Cash,Cancelled,North
1702,754,2026-03-30,269,Books,1,95.93,4.71,27.58,9.36,992.9,Cash,Returned,North
1703,811,2025-05-21,125,Electronics,5,169.78,46.79,3.62,15.47,275.85,Card,Cancelled,North
1704,201,2025-11-21,210,Home,5,61.3,37.42,12.71,12.9,758.7,Cash,Completed,East
1705,446,2025-09-22,294,Electronics,2,239.43,38.16,13.98,19.6,792.48,Cash,Completed,North
1706,873,2025-09-20,277,Books,5,276.06,31.58,28.18,15.39,484.6,Cash,Cancelled,North
1707,546,2025-01-12,158,Electronics,3,71.56,34.65,17.03,6.53,427.53,Cash,Returned,North
1707,546,2025-01-12,158,Electronics,3,71.56,34.65,17.03,6.53,427.53,Cash,Returned,North
1707,546,2025-01-12,158,Electronics,3,71.56,34.65,17.03,6.53,427.53,Cash,Returned,North
1710,405,2025-07-21,186,Electronics,2,93.44,11.2,23.1,4.79,4.8,Card,Completed,North
1710,405,2025-07-21,186,Electronics,2,93.44,11.2,23.1,4.79,4.8,Card,Completed,North
1710,405,2025-07-21,186,Electronics,2,93.44,11.2,23.1,4.79,4.8,Card,Completed,North
1713,292,2025-11-21,184,Electronics,3,98.6,49.98,9.43,11.7,134.61,Card,Returned,North
1714,609,2025-02-21,252,Electronics,4,270.25,2.06,16.53,3.36,899.55,Card,Pending,West
1715,840,2025-06-07,137,Home,3,186.63,32.6,19.15,0.85,521.04,Cash,Cancelled,West
1716,221,2025-09-25,223,Electronics,3,18.42,41.67,23.42,9.24,347.23,Card,Cancelled,West
1717,491,2025-09-02,168,Home,4,58.37,44.78,22.88,18.66,,Cash,Returned,South
1718,612,2025-06-24,187,Books,3,92.64,8.11,12.76,1.05,799.24,UPI,Cancelled,South
1719,479,2025-02-02,237,Books,2,110.4,31.47,15.06,8.48,355.22,UPI,Returned,South
1720,970,2025-10-19,177,Electronics,2,153.31,40.14,19.49,1.83,263.39,UPI,Completed,East
1721,621,2025-01-02,254,Books,1,249.08,38.67,24.94,12.31,405.17,Cash,Cancelled,South
1722,80,2026-04-30,198,Books,5,80.32,2.08,6.98,2.67,251.4,Cash,Returned,South
1723,1000,2026-02-04,117,Home,2,82.43,47.71,6.68,18.88,237.23,Cash,Returned,South
1724,13,2026-04-19,298,Home,1,237.94,14.72,23.23,16.86,,Card,Returned,East
1725,854,2025-06-18,182,Books,5,25.58,33.83,26.02,18.73,883.25,Card,Cancelled,East
1726,589,2025-03-01,204,Home,3,134.56,25.42,29.65,10.41,995.75,UPI,Returned,East
1727,800,2025-06-22,221,Books,2,267.34,10.58,14.3,7.61,147.24,Cash,Cancelled,West
1727,800,2025-06-22,221,Books,2,267.34,10.58,14.3,7.61,147.24,Cash,Cancelled,West
1729,426,2025-07-10,158,Electronics,2,269.24,37.75,8.07,14.25,234.74,UPI,Cancelled,East
1730,648,2026-03-03,267,Books,5,57.84,1.33,17.12,3.45,156.16,Card,Pending,South
1731,992,2025-05-27,171,Books,4,131.61,23.3,25.73,6.2,693.23,Card,Returned,South
1732,746,2025-02-23,106,Books,1,278.48,30.99,2.04,6.2,798.6,UPI,Cancelled,North
1733,164,2025-06-25,271,Home,1,136.63,23.53,26.91,13.19,168.12,Cash,Pending,North
1734,670,2025-05-19,248,Electronics,4,98.1,41.52,5.24,14.99,286.08,Cash,Completed,East
1735,511,2025-07-06,141,Home,1,177.19,9.52,27.92,2.82,520.96,UPI,Completed,North
1736,905,2025-08-26,108,Books,5,271.79,0.15,12.65,6.71,,UPI,Completed,North
1737,525,2025-08-09,150,Electronics,1,264.83,15.22,10.95,10.14,195.45,Cash,Returned,West
1738,398,2025-06-18,122,Books,1,165.52,45.0,7.77,6.66,396.9,UPI,Cancelled,North
1738,398,2025-06-18,122,Books,1,165.52,45.0,7.77,6.66,396.9,UPI,Cancelled,North
1740,993,2025-10-17,179,Home,1,62.94,47.6,7.38,17.79,94.56,Cash,Cancelled,South
1741,773,2025-02-16,142,Electronics,4,101.96,40.48,9.19,17.98,,Card,Returned,East
1742,421,2025-04-29,116,Books,5,75.94,3.96,12.71,0.69,32.93,Card,Returned,North
1743,647,2025-06-26,108,Electronics,4,56.47,42.86,18.86,3.72,395.31,Cash,Cancelled,North
1744,262,2026-02-22,256,Home,1,45.57,48.66,17.13,13.75,245.21,Card,Pending,South
1745,211,2025-09-26,183,Electronics,1,51.02,49.3,29.36,3.72,914.49,UPI,Cancelled,East
1746,630,2025-09-14,198,Electronics,2,231.69,30.44,2.25,14.92,588.77,UPI,Completed,North
1747,478,2026-03-16,138,Home,5,174.7,24.05,26.13,4.45,910.43,Cash,Completed,North
1748,241,2025-07-26,173,Home,3,17.09,49.55,19.51,3.85,943.36,UPI,Cancelled,South
1749,390,2025-11-25,295,Electronics,4,22.28,16.85,24.47,11.82,401.29,Card,Cancelled,East
1750,299,2025-04-18,203,Home,1,148.24,11.09,17.44,7.99,698.91,UPI,Pending,North
1750,299,2025-04-18,203,Home,1,148.24,11.09,17.44,7.99,698.91,UPI,Pending,North
1752,71,2025-07-02,175,Books,2,167.02,37.6,22.79,9.85,427.28,UPI,Completed,North
1753,116,2025-04-13,213,Home,1,107.46,30.54,25.76,8.28,688.23,Cash,Completed,North
1754,720,2025-12-15,189,Electronics,4,146.82,6.75,15.18,17.82,137.89,Card,Pending,North
1755,593,2025-05-27,275,Home,3,8.64,21.6,10.38,4.59,951.87,Cash,Completed,North
1756,488,2025-08-30,188,Books,3,77.66,29.38,21.04,19.01,197.36,Card,Pending,East
1757,244,2025-03-06,169,Home,3,17.16,10.06,28.12,7.01,33.62,Card,Returned,East
1758,270,2025-11-17,159,Books,2,44.52,11.21,1.11,16.99,8.02,Card,Cancelled,South
1759,565,2025-07-10,294,Books,2,99.82,12.35,6.57,16.19,,Card,Cancelled,West
1760,722,2026-01-16,102,Home,2,85.31,10.02,17.41,7.34,580.5,UPI,Completed,South
1761,807,2026-04-19,289,Home,3,236.44,36.99,11.6,5.61,454.71,Cash,Completed,South
1762,20,2026-02-25,245,Electronics,4,91.32,48.48,5.42,3.71,,UPI,Pending,West
1763,201,2025-07-28,133,Books,3,251.54,7.0,11.54,16.87,275.46,Card,Completed,South
1764,353,2026-02-24,282,Books,5,51.84,49.88,9.02,16.85,408.79,Card,Returned,East
1765,539,2025-01-13,245,Home,3,111.01,12.06,26.85,16.18,703.46,Card,Returned,West
1766,456,2025-01-16,105,Home,2,208.88,6.95,26.5,12.05,-40.78,Card,Returned,North
1767,81,2026-03-23,263,Electronics,4,269.26,11.99,27.69,10.64,178.95,Card,Completed,North
1768,745,2025-12-20,287,Home,5,216.16,48.79,21.51,11.48,675.57,Cash,Cancelled,East
1769,50,2025-06-24,155,Books,5,51.39,40.96,14.95,16.78,732.29,Card,Completed,South
1770,840,2025-03-10,266,Books,3,7.3,33.83,25.15,12.5,115.89,Card,Returned,East
1771,289,2025-08-23,230,Books,5,216.21,10.87,22.35,4.81,443.38,UPI,Pending,West
1772,478,2025-10-31,132,Books,1,243.73,38.48,20.7,10.3,-5.25,Card,Completed,South
1773,902,2026-02-01,105,Home,5,188.9,31.57,28.31,1.01,268.29,UPI,Completed,West
1774,191,2025-09-19,215,Books,2,124.11,21.63,28.6,3.05,187.33,UPI,Pending,South
1775,149,2025-02-02,179,Home,5,228.62,7.8,5.35,19.51,996.73,UPI,Completed,North
1776,494,2025-01-24,199,Home,4,271.07,42.37,8.3,6.36,341.05,Cash,Completed,East
1777,969,2026-05-13,151,Home,2,62.1,0.29,5.12,2.29,-24.8,UPI,Pending,West
1778,753,2025-04-10,253,Electronics,2,286.74,31.58,14.24,16.12,585.05,UPI,Pending,West
1779,77,2026-02-24,258,Home,1,242.05,3.94,20.4,19.26,157.33,Card,Returned,South
1780,736,2025-10-01,288,Books,4,143.09,37.18,1.45,3.67,583.64,Card,Pending,South
1781,407,2025-04-08,261,Home,5,256.1,48.77,15.12,16.12,249.66,Card,Returned,South
1782,346,2025-12-21,219,Books,4,174.4,15.98,12.16,6.67,191.29,Card,Completed,West
1783,700,2026-03-04,269,Home,1,232.29,32.08,7.09,19.01,447.76,Card,Cancelled,North
1784,609,2026-01-24,102,Books,4,84.84,44.0,1.59,19.08,120.86,Cash,Pending,West
1785,203,2025-06-18,117,Electronics,2,204.82,46.75,23.19,0.42,302.45,Card,Completed,West
1786,959,2026-04-23,231,Electronics,5,267.0,18.58,27.95,10.98,,Card,Cancelled,East
1787,566,2025-08-22,110,Electronics,1,292.97,22.72,5.24,2.53,921.27,UPI,Returned,East
1788,455,2025-04-18,260,Books,3,52.15,28.08,7.92,15.46,667.61,Card,Cancelled,North
1789,780,2025-10-05,286,Books,1,47.58,33.03,8.07,16.38,737.58,Card,Returned,West
1790,161,2026-05-06,271,Home,1,49.55,6.68,17.13,16.9,248.0,Card,Returned,West
1790,161,2026-05-06,271,Home,1,49.55,6.68,17.13,16.9,248.0,Card,Returned,West
1792,674,2026-03-11,277,Books,5,71.93,23.21,8.85,7.66,88.64,Card,Completed,South
1793,361,2026-04-10,282,Electronics,5,258.75,9.32,6.39,18.41,438.19,Cash,Returned,North
1794,306,2026-03-18,240,Electronics,1,265.85,35.34,24.5,7.77,952.78,Card,Pending,West
1795,220,2025-11-12,163,Electronics,5,164.1,25.72,27.99,6.47,280.88,UPI,Completed,East
1795,220,2025-11-12,163,Electronics,5,164.1,25.72,27.99,6.47,280.88,UPI,Completed,East
1797,831,2025-08-26,102,Electronics,2,266.77,14.71,27.73,12.52,20.43,Cash,Completed,West
1798,705,2025-11-11,244,Books,3,215.55,41.39,19.97,10.48,-27.9,UPI,Completed,West
1799,346,2025-02-28,258,Electronics,2,6.95,0.83,6.97,12.09,855.45,Card,Cancelled,West
1800,403,2025-04-30,114,Electronics,1,165.67,43.51,19.82,12.19,902.73,Cash,Completed,West
1801,267,2025-01-12,120,Home,4,295.0,22.31,24.92,7.25,420.65,Card,Returned,South
1802,778,2025-03-08,288,Home,2,26.47,25.7,18.76,12.9,625.21,UPI,Pending,East
1803,334,2026-01-30,204,Books,1,122.76,39.65,2.24,11.06,692.03,Card,Cancelled,West
1804,416,2025-04-29,254,Home,4,11.7,4.51,15.27,14.51,-31.8,UPI,Completed,North
1805,410,2026-02-15,196,Books,5,75.21,35.49,20.54,15.64,410.04,UPI,Completed,East
1806,953,2026-03-26,155,Books,4,127.28,1.15,20.1,9.81,3.4,Cash,Returned,East
1807,479,2025-08-04,171,Books,1,239.15,24.68,21.33,2.92,651.08,UPI,Pending,North
1808,191,2026-02-18,294,Home,3,175.3,41.09,12.69,18.5,71.56,Cash,Cancelled,East
1809,371,2025-08-10,224,Electronics,3,75.13,26.43,26.21,3.52,365.88,Cash,Returned,South
1810,791,2025-01-08,223,Home,4,50.66,42.56,13.94,6.07,,UPI,Cancelled,West
1811,43,2025-11-01,163,Home,2,263.39,15.0,8.16,8.55,497.3,Cash,Pending,West
1812,214,2025-08-05,224,Books,5,217.08,20.14,2.76,4.43,176.82,Card,Returned,West
1812,214,2025-08-05,224,Books,5,217.08,20.14,2.76,4.43,176.82,Card,Returned,West
1814,85,2025-03-09,178,Home,5,52.07,39.19,17.24,17.2,692.95,UPI,Completed,East
1815,200,2025-06-14,259,Home,4,13.29,15.83,23.18,15.34,284.65,Card,Returned,North
1816,627,2025-11-22,250,Electronics,4,21.54,45.67,23.3,16.67,360.02,UPI,Pending,East
1817,125,2026-01-22,191,Books,3,67.44,42.3,13.14,15.04,562.79,Card,Pending,West
1818,479,2025-03-01,232,Books,5,128.49,12.77,15.61,7.68,812.98,Cash,Pending,West
1818,479,2025-03-01,232,Books,5,128.49,12.77,15.61,7.68,812.98,Cash,Pending,West
1820,599,2025-08-26,277,Electronics,2,240.97,14.68,5.65,9.09,96.2,Card,Pending,West
1821,658,2025-04-10,284,Books,2,212.04,6.37,15.58,0.04,815.09,Cash,Cancelled,South
1822,925,2025-10-02,148,Home,5,253.11,1.25,5.16,2.61,362.98,Card,Cancelled,East
1823,577,2025-12-12,250,Books,5,24.02,24.17,26.06,3.57,740.45,UPI,Pending,East
1824,787,2025-07-18,109,Home,2,15.23,42.36,16.05,16.57,406.08,Cash,Cancelled,West
1825,722,2025-09-15,161,Electronics,5,15.72,39.97,24.89,16.77,926.04,Card,Returned,North
1826,801,2025-12-11,297,Books,5,156.5,0.66,26.65,9.23,932.89,Cash,Cancelled,East
1827,599,2025-10-18,218,Home,3,21.57,27.87,12.11,13.28,521.47,UPI,Cancelled,South
1828,301,2026-04-21,297,Books,4,165.79,49.49,12.27,11.29,625.97,Card,Pending,North
1829,265,2025-09-15,265,Home,4,51.54,46.46,29.85,17.7,584.52,Card,Returned,North
1830,697,2025-11-11,131,Electronics,4,129.07,23.77,27.01,8.98,118.57,Cash,Returned,South
1831,396,2025-05-06,241,Electronics,2,86.42,10.67,21.44,17.35,900.0,Cash,Completed,South
1832,50,2025-11-10,153,Electronics,3,203.6,38.4,16.58,16.53,633.76,Cash,Returned,West
1833,419,2025-06-18,263,Home,2,107.27,11.01,24.05,7.95,950.81,Card,Cancelled,South
1833,419,2025-06-18,263,Home,2,107.27,11.01,24.05,7.95,950.81,Card,Cancelled,South
1835,811,2025-01-05,229,Electronics,3,41.96,0.54,14.99,19.96,318.46,UPI,Returned,West
1836,1005,2025-07-03,124,Books,5,135.69,24.45,10.39,18.59,172.65,Cash,Pending,North
1837,290,2026-01-16,148,Home,5,89.61,5.42,27.56,11.71,406.35,Card,Cancelled,South
1838,676,2025-04-11,296,Electronics,4,85.26,41.99,23.27,5.95,849.15,Card,Pending,South
1839,603,2025-04-01,235,Home,5,81.46,48.89,21.87,17.39,401.15,Card,Cancelled,North
1840,217,2025-01-29,293,Home,5,183.1,10.32,29.3,16.61,931.08,Cash,Cancelled,North
1841,270,2026-01-03,163,Electronics,4,81.51,49.3,24.06,3.56,29.11,Cash,Completed,South
1842,706,2025-06-08,130,Books,5,228.18,39.86,14.17,12.4,350.71,Card,Completed,West
1843,860,2025-11-18,169,Electronics,1,197.45,18.38,24.73,7.09,53.52,Cash,Returned,North
1844,156,2025-07-27,172,Home,1,243.05,35.31,12.42,4.24,107.03,Cash,Cancelled,South
1845,398,2025-04-12,200,Books,2,14.73,30.02,20.28,16.91,729.41,Card,Completed,West
1846,159,2025-11-09,292,Home,1,128.87,10.82,1.84,1.12,589.1,Card,Pending,West
1847,726,2026-03-24,282,Electronics,5,30.35,25.89,3.68,1.41,803.11,Cash,Pending,West
1848,391,2026-05-05,244,Electronics,1,92.21,0.52,12.71,4.24,630.66,Cash,Cancelled,East
1849,394,2025-05-22,151,Books,4,55.37,12.55,19.49,8.74,609.29,Card,Returned,North
1850,440,2026-04-02,133,Books,4,210.91,3.65,17.34,2.92,893.54,UPI,Completed,West
1851,658,2025-07-08,153,Books,1,117.02,47.44,25.96,18.88,19.02,Card,Completed,North
1852,735,2025-12-02,110,Home,2,180.67,18.42,24.35,19.8,26.54,UPI,Returned,South
1853,61,2025-04-13,156,Home,5,138.67,45.59,28.57,2.42,622.3,Card,Pending,North
1854,501,2026-05-16,181,Books,2,104.26,27.61,1.27,13.14,-43.55,Card,Returned,West
1854,501,2026-05-16,181,Books,2,104.26,27.61,1.27,13.14,-43.55,Card,Returned,West
1856,868,2026-02-14,287,Electronics,3,253.06,43.02,7.09,12.95,393.94,Card,Cancelled,East
1857,813,2025-11-17,174,Home,4,268.74,10.98,9.12,0.56,160.42,Cash,Completed,West
1858,491,2025-09-17,152,Electronics,4,85.43,18.18,3.3,19.96,-46.27,UPI,Completed,East
1859,404,2025-02-21,117,Home,4,88.51,22.0,2.74,11.48,755.06,Card,Completed,East
1860,743,2026-02-11,269,Home,3,99.97,32.84,4.25,8.35,510.74,UPI,Completed,East
1861,194,2025-07-24,202,Home,2,96.1,6.21,22.84,3.36,808.84,Cash,Cancelled,North
1862,198,2025-02-12,293,Home,2,281.28,7.11,1.27,5.7,,UPI,Returned,East
1863,451,2025-01-08,221,Electronics,1,71.37,8.2,9.39,12.53,762.38,Card,Completed,East
1864,914,2025-08-30,106,Home,4,224.1,9.64,6.94,14.43,183.67,UPI,Cancelled,West
1865,584,2025-10-19,197,Home,3,68.38,34.55,25.54,10.19,26.63,Card,Completed,West
1866,465,2025-03-14,120,Books,1,213.22,47.24,11.0,1.94,286.01,Cash,Returned,West
1867,1011,2025-10-19,122,Electronics,4,51.88,29.17,16.51,4.58,187.18,Card,Completed,East
1868,199,2025-09-06,138,Home,5,207.87,44.67,17.27,7.29,305.89,Cash,Cancelled,South
1869,587,2025-11-07,297,Books,4,139.12,49.63,5.57,0.76,355.1,Cash,Pending,South
1870,147,2026-04-14,177,Home,2,295.8,29.76,4.93,6.22,712.34,Cash,Returned,North
1871,942,2026-02-25,274,Home,5,233.53,2.78,26.34,16.03,-47.24,UPI,Returned,East
1872,628,2025-11-26,104,Books,5,103.36,4.34,28.14,18.16,-6.98,Cash,Pending,East
1873,479,2025-07-19,246,Home,3,135.17,27.22,26.07,14.52,147.69,Cash,Pending,East
1874,548,2025-06-30,104,Books,1,214.16,12.78,28.63,1.4,,Cash,Cancelled,East
1875,393,2025-07-20,125,Books,2,267.27,33.6,17.01,9.31,528.3,Cash,Pending,South
1876,579,2025-09-21,142,Electronics,4,243.95,25.17,18.64,14.85,460.12,Card,Cancelled,West
1877,630,2025-01-04,181,Electronics,1,215.2,5.67,19.36,0.4,407.28,UPI,Pending,South
1878,570,2025-05-15,287,Electronics,4,20.14,11.77,6.88,9.99,568.43,UPI,Returned,West
1879,42,2025-06-29,123,Books,2,139.62,46.26,15.73,17.42,376.46,Card,Returned,East
1880,656,2025-12-19,223,Books,2,61.7,29.51,5.98,9.62,213.42,Card,Completed,East
1881,655,2026-03-02,127,Home,4,11.95,24.93,13.26,13.75,743.3,UPI,Cancelled,East
1882,1008,2025-07-15,239,Electronics,4,233.54,20.73,9.97,4.46,941.18,Card,Cancelled,West
1883,746,2026-05-08,290,Books,1,105.26,44.99,8.43,19.37,652.99,UPI,Cancelled,South
1884,312,2025-12-27,269,Books,2,192.75,14.03,22.8,4.02,461.18,Cash,Cancelled,North
1885,895,2025-06-16,235,Electronics,3,158.63,45.17,5.23,2.78,-39.16,UPI,Returned,North
1886,570,2025-12-28,299,Books,2,262.94,25.83,11.6,15.05,159.05,Cash,Cancelled,East
1887,323,2026-02-27,226,Home,3,222.42,37.93,15.65,7.74,603.29,Card,Cancelled,West
1888,369,2025-09-17,263,Electronics,1,211.0,29.23,9.0,14.4,299.04,Cash,Pending,East
1889,602,2025-05-10,240,Home,2,172.01,39.56,5.63,1.08,544.32,Cash,Pending,South
1890,515,2025-10-27,113,Electronics,4,20.44,10.36,23.22,0.41,394.97,Cash,Returned,West
1890,515,2025-10-27,113,Electronics,4,20.44,10.36,23.22,0.41,394.97,Cash,Returned,West
1892,667,2025-03-06,187,Electronics,5,286.98,5.05,12.07,13.86,807.03,Card,Pending,East
1893,578,2026-02-11,225,Books,4,266.95,33.64,28.29,19.17,64.12,UPI,Cancelled,West
1894,830,2025-04-19,162,Home,4,49.78,7.76,1.15,5.0,,UPI,Returned,North
1895,104,2025-03-17,155,Books,1,170.84,39.16,29.88,3.28,193.84,Card,Cancelled,West
1896,564,2026-03-20,236,Home,1,25.31,36.39,25.02,3.68,774.5,Cash,Completed,North
1897,929,2026-01-23,235,Electronics,4,16.16,7.49,1.56,8.94,846.1,Card,Returned,North
1898,812,2026-03-02,175,Electronics,1,214.8,29.14,15.52,10.19,735.44,Cash,Completed,South
1899,221,2025-03-02,281,Home,3,247.11,43.77,13.96,4.29,505.7,Cash,Pending,South
1900,94,2025-04-05,123,Home,3,146.74,21.26,12.42,18.19,907.97,Card,Returned,South
1901,538,2026-02-28,102,Electronics,2,95.47,42.79,24.02,5.24,,Card,Returned,South
1902,70,2025-08-10,295,Home,4,59.26,38.7,28.7,3.02,418.84,Cash,Pending,North
1903,480,2025-03-04,161,Books,5,247.25,6.84,28.34,3.52,885.58,UPI,Returned,North
1904,262,2025-12-24,130,Books,5,49.44,15.58,29.36,14.15,29.77,Cash,Pending,West
1905,306,2025-12-12,162,Electronics,1,171.99,18.88,22.76,7.75,717.0,UPI,Completed,South
1906,11,2025-02-28,190,Home,3,10.97,26.53,4.64,16.93,421.59,Cash,Completed,East
1907,831,2025-08-12,113,Books,1,28.1,4.64,27.86,7.52,929.57,Card,Returned,West
1908,185,2025-01-01,225,Home,3,217.1,26.19,21.87,19.95,660.51,Cash,Cancelled,West
1909,718,2026-02-11,295,Books,1,283.97,6.91,20.49,18.9,217.54,UPI,Cancelled,South
1910,672,2025-05-24,108,Home,3,246.7,16.77,16.5,12.06,514.05,UPI,Pending,East
1911,495,2025-01-02,235,Books,4,135.48,40.16,28.28,3.45,724.32,Card,Completed,West
1912,370,2025-04-20,258,Electronics,5,241.11,18.29,19.94,4.27,,Cash,Completed,East
1913,439,2025-08-27,219,Books,1,271.43,23.1,14.39,2.72,355.01,Card,Cancelled,East
1914,873,2026-04-30,137,Electronics,2,101.32,8.01,19.52,9.33,789.86,Card,Returned,West
1915,510,2025-02-02,130,Books,3,35.15,35.77,5.78,17.9,923.44,Card,Pending,East
1916,35,2026-02-18,237,Electronics,5,149.36,7.93,4.68,10.67,729.94,UPI,Pending,South
1917,925,2025-03-28,252,Home,3,263.83,32.83,23.45,7.9,985.38,Card,Pending,East
1918,711,2025-11-29,121,Electronics,2,211.44,42.07,28.81,1.78,645.57,UPI,Cancelled,East
1919,972,2025-08-24,155,Electronics,4,275.97,33.07,15.46,7.88,611.7,Card,Pending,East
1920,179,2026-02-15,199,Electronics,2,117.56,3.67,16.48,6.01,33.41,Cash,Pending,East
1921,170,2026-01-26,171,Books,3,195.35,3.1,26.18,19.53,121.34,UPI,Cancelled,North
1922,230,2025-04-04,113,Books,5,187.74,34.94,26.92,0.1,686.88,Card,Returned,East
1923,46,2025-03-31,109,Electronics,1,182.81,19.01,20.43,0.3,426.11,Card,Completed,North
1924,473,2025-12-18,108,Books,3,288.1,39.38,16.68,19.7,370.54,Card,Cancelled,South
1925,296,2025-12-09,111,Books,5,222.96,49.23,20.19,5.92,9.08,Card,Completed,North
1926,498,2025-01-24,117,Electronics,1,68.98,5.14,3.93,11.4,276.57,Cash,Pending,North
1927,983,2025-12-01,260,Electronics,4,109.81,0.55,29.56,14.06,,Cash,Cancelled,East
1928,849,2026-01-18,272,Home,3,44.0,42.67,24.01,14.93,598.39,Cash,Completed,South
1929,241,2026-03-12,166,Home,5,64.75,17.75,20.15,0.58,921.87,Cash,Completed,North
1930,81,2025-09-10,270,Books,3,225.02,8.17,11.94,14.46,410.36,Card,Completed,West
1931,950,2025-04-10,258,Books,3,212.59,28.5,17.69,3.2,177.26,Cash,Cancelled,North
1932,824,2026-01-24,220,Electronics,2,114.91,19.31,28.04,1.58,909.71,UPI,Completed,West
1933,249,2025-02-25,225,Electronics,2,216.47,3.77,11.02,12.45,690.18,UPI,Completed,South
1934,783,2025-07-01,299,Home,4,290.82,22.32,24.56,1.32,768.68,UPI,Returned,East
1935,408,2025-09-26,267,Home,1,252.23,37.62,22.18,10.57,300.84,Card,Completed,South
1936,6,2026-03-12,197,Books,1,29.15,32.91,23.24,12.47,304.64,UPI,Cancelled,South
1937,381,2025-07-31,165,Electronics,5,220.72,12.57,27.37,3.09,987.29,UPI,Pending,West
1938,544,2025-10-23,234,Electronics,2,236.19,24.13,10.91,3.56,685.64,Cash,Returned,West
1939,287,2025-02-22,130,Home,3,145.75,23.14,4.1,14.6,627.21,UPI,Returned,North
1940,425,2025-04-02,144,Electronics,1,78.81,19.86,2.91,3.01,750.1,Cash,Completed,North
1941,897,2026-01-07,106,Books,2,105.74,45.11,20.12,3.18,971.14,Card,Cancelled,West
1942,854,2026-03-16,175,Books,3,289.54,30.31,28.54,7.35,932.92,Card,Pending,West
1943,855,2025-04-09,283,Electronics,1,294.68,20.45,23.08,15.1,825.13,Card,Completed,South
1944,682,2025-10-27,231,Home,1,141.2,11.5,25.62,0.78,632.71,Cash,Cancelled,West
1945,740,2025-09-29,123,Electronics,1,113.38,24.0,17.78,14.6,527.01,Card,Completed,North
1946,855,2025-10-18,264,Electronics,1,272.9,13.33,24.64,17.1,93.85,UPI,Pending,East
1946,855,2025-10-18,264,Electronics,1,272.9,13.33,24.64,17.1,93.85,UPI,Pending,East
1946,855,2025-10-18,264,Electronics,1,272.9,13.33,24.64,17.1,93.85,UPI,Pending,East
1949,613,2025-08-07,272,Books,3,168.2,42.97,17.41,5.41,380.24,Card,Returned,West
1950,582,2025-08-09,101,Electronics,2,5.99,21.49,19.3,5.24,69.6,Card,Completed,West
1951,842,2025-12-01,114,Home,2,227.55,18.59,6.82,4.14,393.72,Card,Completed,East
1952,661,2025-04-23,175,Books,4,90.42,41.7,21.83,6.86,557.19,Card,Cancelled,North
1953,965,2026-03-28,131,Electronics,2,93.19,39.41,19.38,10.82,270.69,UPI,Completed,East
1954,129,2026-02-11,101,Electronics,2,85.86,19.08,17.11,11.49,181.56,Card,Cancelled,North
1955,800,2025-08-16,228,Electronics,5,138.01,21.51,15.46,0.61,131.12,Cash,Cancelled,East
1956,800,2026-04-24,248,Books,1,18.74,15.48,1.32,18.42,343.58,Card,Cancelled,South
1957,192,2026-04-17,260,Electronics,5,94.84,29.74,13.24,4.26,-14.03,Card,Cancelled,West
1958,916,2026-05-01,176,Home,3,223.94,47.36,26.18,16.51,342.07,UPI,Pending,East
1959,174,2025-09-25,276,Books,2,299.87,46.75,28.02,5.6,651.5,UPI,Completed,North
1959,174,2025-09-25,276,Books,2,299.87,46.75,28.02,5.6,651.5,UPI,Completed,North
1961,823,2025-08-15,283,Electronics,2,141.8,12.82,9.63,2.68,272.29,Card,Returned,North
1962,788,2026-04-09,135,Electronics,2,12.35,31.87,18.8,0.15,125.08,UPI,Completed,West
1963,190,2025-01-13,229,Home,4,56.35,42.26,25.85,3.64,834.12,Card,Returned,North
1964,2,2025-03-19,284,Home,3,246.24,13.3,3.8,12.57,136.1,Cash,Pending,East
1965,385,2025-11-17,129,Electronics,1,294.16,11.51,13.58,10.14,639.64,Cash,Completed,North
1966,428,2025-10-16,167,Home,1,173.91,10.84,16.56,7.12,829.61,Cash,Returned,East
1967,398,2025-10-28,176,Home,2,6.48,37.42,13.52,2.63,195.81,UPI,Cancelled,South
1968,578,2025-04-27,135,Electronics,1,155.79,22.22,2.51,3.9,835.07,Card,Cancelled,West
1969,935,2025-08-06,260,Home,4,248.78,48.08,9.33,15.49,813.27,UPI,Returned,West
1970,655,2025-11-18,131,Books,4,280.31,6.05,15.79,11.42,474.06,UPI,Returned,North
1971,689,2025-04-05,139,Books,1,10.88,4.83,17.43,5.88,351.53,Cash,Pending,East
1972,679,2025-11-03,191,Home,1,179.85,36.29,15.07,10.29,325.88,Card,Cancelled,West
1973,501,2026-03-01,300,Electronics,4,71.99,13.85,3.98,2.99,490.19,UPI,Cancelled,West
1973,501,2026-03-01,300,Electronics,4,71.99,13.85,3.98,2.99,490.19,UPI,Cancelled,West
1975,591,2025-08-19,220,Home,4,79.24,16.39,16.85,2.77,-38.43,UPI,Completed,East
1976,760,2026-02-27,253,Books,1,246.83,41.03,1.67,12.45,-38.69,UPI,Returned,North
1977,902,2025-12-18,172,Home,3,192.74,8.16,19.29,14.94,10.09,Card,Returned,West
1978,146,2025-10-29,112,Books,5,295.02,2.84,4.25,11.26,274.75,UPI,Completed,West
1979,454,2025-04-08,284,Books,4,285.81,26.44,17.68,11.57,885.13,Cash,Pending,East
1980,68,2025-12-24,256,Electronics,4,130.12,29.23,9.6,15.6,480.25,UPI,Returned,West
1981,785,2026-02-07,274,Books,5,190.54,13.95,13.09,15.45,764.27,Card,Pending,North
1981,785,2026-02-07,274,Books,5,190.54,13.95,13.09,15.45,764.27,Card,Pending,North
1983,629,2025-10-06,130,Home,4,5.25,20.24,8.78,16.28,,Cash,Pending,North
1984,1012,2025-05-27,148,Home,2,64.5,10.79,26.79,4.04,701.51,UPI,Cancelled,East
1985,756,2025-02-24,236,Books,3,217.29,24.44,20.51,13.7,870.81,UPI,Completed,North
1986,1005,2025-01-02,191,Home,2,167.91,40.49,15.53,7.87,928.2,Card,Completed,North
1987,443,2025-02-14,264,Electronics,2,29.95,9.62,26.7,19.12,365.05,UPI,Pending,West
1988,364,2025-07-15,136,Home,1,254.09,23.84,15.08,0.87,273.0,Card,Completed,East
1989,622,2025-10-29,146,Home,4,54.97,17.64,22.93,8.93,849.15,Cash,Returned,South
1990,21,2025-07-26,201,Home,5,228.55,45.22,13.57,14.85,128.71,UPI,Pending,North
1991,427,2025-02-12,197,Books,3,231.3,5.65,2.91,0.74,167.0,Card,Cancelled,South
1991,427,2025-02-12,197,Books,3,231.3,5.65,2.91,0.74,167.0,Card,Cancelled,South
1993,494,2025-11-02,192,Books,2,130.86,40.22,11.43,12.64,827.27,Card,Completed,North
1993,494,2025-11-02,192,Books,2,130.86,40.22,11.43,12.64,827.27,Card,Completed,North
1995,140,2025-12-06,221,Electronics,3,210.25,21.44,19.66,11.65,436.25,UPI,Cancelled,East
1996,412,2025-09-26,140,Electronics,2,18.37,32.16,21.02,0.1,552.74,UPI,Pending,East
1997,441,2025-10-08,118,Books,5,281.43,46.78,22.22,3.84,809.59,Cash,Cancelled,West
1998,245,2025-01-14,148,Books,4,275.16,29.71,1.15,5.61,493.42,Cash,Completed,East
1999,837,2025-04-30,237,Electronics,5,179.37,41.34,17.07,16.82,47.99,Cash,Returned,East
2000,333,2026-01-05,129,Books,5,139.29,11.08,19.29,14.13,956.33,UPI,Returned,North
2001,764,2025-01-19,154,Home,3,24.51,7.9,7.26,13.21,267.24,Cash,Cancelled,North
2002,117,2025-11-07,275,Electronics,5,215.81,38.83,18.25,11.54,411.62,UPI,Completed,West
2003,768,2025-06-23,157,Electronics,4,179.03,32.92,14.1,0.89,,Card,Returned,East
2004,639,2025-04-25,290,Electronics,4,148.21,23.37,8.63,14.34,109.0,UPI,Returned,West
2005,872,2026-01-04,263,Home,1,293.62,31.18,12.83,19.67,170.82,Card,Pending,South
2006,884,2026-02-16,232,Home,1,52.33,28.32,13.59,7.7,731.81,Card,Returned,West
2007,362,2025-09-05,190,Home,2,148.65,39.6,3.57,5.63,255.43,Cash,Cancelled,South
2008,1008,2025-01-27,136,Books,5,165.86,44.33,24.2,17.66,601.65,UPI,Completed,North
2008,1008,2025-01-27,136,Books,5,165.86,44.33,24.2,17.66,601.65,UPI,Completed,North
2010,198,2025-03-23,193,Books,4,101.77,22.15,5.94,10.62,10.04,Cash,Pending,South
2011,552,2026-01-24,152,Home,4,133.08,42.65,15.67,16.61,214.55,Cash,Returned,North
2012,444,2025-12-17,174,Electronics,4,121.19,9.37,25.94,8.4,175.91,Cash,Completed,East
2013,852,2026-04-16,186,Books,3,43.5,48.14,10.84,5.25,332.81,UPI,Returned,South
2014,648,2025-03-17,108,Books,4,265.58,37.16,9.94,10.38,748.26,UPI,Completed,West
2015,613,2025-10-19,233,Books,5,205.68,21.39,3.87,13.12,,UPI,Completed,North
2016,560,2025-01-12,240,Books,4,200.22,8.84,23.7,10.88,337.98,Card,Cancelled,West
2017,641,2026-01-23,208,Home,2,155.05,45.62,13.56,4.23,785.48,Cash,Completed,North
2018,365,2026-03-19,290,Home,2,27.68,37.87,27.76,19.89,163.76,Card,Completed,South
2019,771,2025-10-26,141,Home,1,30.32,26.01,11.5,16.05,96.56,UPI,Returned,South
2020,77,2025-02-25,203,Books,5,124.22,41.23,1.11,16.54,376.79,Card,Pending,South
2021,326,2025-12-02,146,Electronics,4,81.4,28.94,23.87,14.84,261.42,Card,Cancelled,South
2022,529,2025-07-30,139,Books,1,95.79,4.51,13.52,10.71,301.48,Card,Completed,West
2023,907,2025-08-17,263,Home,2,41.78,43.82,13.7,19.72,,Cash,Completed,North
2024,409,2025-12-05,145,Home,5,58.51,19.42,9.05,6.74,679.04,Card,Cancelled,West
2025,849,2026-04-13,254,Electronics,2,135.54,47.17,15.66,4.95,975.36,Cash,Completed,South
2026,789,2025-02-22,296,Home,2,174.51,11.07,9.3,11.34,653.12,UPI,Cancelled,North
2027,38,2026-01-24,147,Home,5,19.82,5.92,4.93,7.86,631.51,Card,Cancelled,East
2028,939,2026-04-24,286,Electronics,5,122.53,22.15,11.42,5.61,17.54,Card,Completed,West
2029,240,2025-05-18,294,Home,5,78.04,27.58,26.26,10.54,638.1,UPI,Returned,South
2030,192,2025-07-09,234,Home,2,30.32,13.55,5.48,19.83,,Cash,Returned,West
2031,21,2025-05-24,130,Electronics,2,40.56,31.42,7.7,11.29,2.39,Card,Completed,East
2032,454,2025-05-19,149,Books,4,256.64,21.94,13.37,19.93,812.28,Card,Returned,East
2033,807,2025-04-27,117,Electronics,2,152.2,8.57,7.52,0.51,519.19,UPI,Cancelled,North
2034,28,2026-02-09,190,Electronics,3,174.11,3.82,4.9,7.28,-44.45,UPI,Returned,South
2035,392,2025-06-03,219,Books,5,39.48,14.21,16.56,11.58,38.84,Card,Cancelled,East
2036,896,2026-04-06,238,Electronics,2,228.57,12.29,2.35,6.85,-13.6,Cash,Pending,West
2037,454,2026-03-27,298,Electronics,1,57.35,6.37,24.1,4.54,530.97,Card,Cancelled,North
2038,512,2025-12-13,283,Home,5,172.26,48.64,5.49,5.74,476.8,Card,Pending,South
2039,280,2025-06-14,183,Electronics,1,91.21,23.82,6.6,12.44,185.48,UPI,Pending,North
2040,617,2025-11-04,127,Home,4,238.11,2.64,16.49,10.05,553.44,Cash,Returned,East
2041,1007,2025-10-05,113,Books,4,183.62,9.69,28.31,16.33,72.96,UPI,Returned,West
2041,1007,2025-10-05,113,Books,4,183.62,9.69,28.31,16.33,72.96,UPI,Returned,West
2043,916,2025-06-17,208,Books,3,277.37,36.63,14.34,0.13,-44.91,Card,Pending,North
2044,492,2025-05-24,133,Books,4,152.5,20.18,10.38,6.91,-8.11,UPI,Returned,North
2045,65,2025-01-05,297,Electronics,1,169.67,12.1,4.71,15.22,733.16,Cash,Returned,East
2046,92,2026-03-30,191,Home,4,269.52,36.41,21.57,9.0,930.75,Cash,Cancelled,West
2047,882,2025-07-11,155,Electronics,4,150.12,13.01,24.84,17.64,152.84,Card,Cancelled,East
2048,650,2025-11-08,243,Home,5,147.71,45.61,15.41,15.18,31.38,UPI,Returned,North
2049,809,2025-08-31,255,Books,2,292.14,38.48,6.43,3.25,545.82,Cash,Completed,East
2050,453,2026-02-25,136,Home,2,188.04,10.89,19.08,16.41,221.87,Card,Pending,West
2051,202,2025-01-31,228,Books,1,61.64,6.44,29.04,16.91,188.42,Card,Completed,South
2052,196,2025-09-14,260,Books,3,233.9,6.84,26.38,5.15,469.47,Cash,Cancelled,South
2053,972,2025-03-03,135,Home,4,49.44,47.17,23.96,9.88,639.25,Card,Pending,East
2054,104,2026-04-04,179,Books,3,42.72,25.53,27.7,7.1,488.79,UPI,Completed,North
2055,697,2025-09-08,224,Books,1,241.35,32.08,6.75,6.53,425.68,UPI,Completed,East
2056,583,2025-11-24,155,Home,4,213.58,32.0,19.85,19.0,498.62,Cash,Pending,South
2057,574,2025-12-23,216,Electronics,2,12.55,44.29,17.84,11.79,448.86,Cash,Pending,West
2058,353,2025-09-27,275,Books,3,210.14,20.33,9.12,0.55,607.16,Card,Pending,North
2059,844,2025-05-07,190,Electronics,2,116.84,8.34,7.7,9.76,,Cash,Returned,South
2060,886,2025-06-17,201,Electronics,3,36.76,0.07,27.39,12.19,33.64,Card,Returned,South
2061,86,2025-06-30,121,Home,2,33.99,8.42,24.1,6.5,,Cash,Cancelled,East
2062,895,2026-01-08,126,Electronics,2,42.69,10.09,11.2,18.65,308.89,Card,Pending,East
2063,503,2026-02-13,287,Books,2,38.64,47.96,27.16,6.7,352.74,UPI,Pending,North
2064,892,2025-08-16,224,Electronics,2,69.83,10.53,25.58,13.51,317.99,UPI,Cancelled,South
2065,145,2025-11-26,169,Home,2,288.09,44.66,5.9,6.75,396.45,Cash,Cancelled,North
2066,357,2025-05-06,204,Books,4,164.47,21.79,6.49,10.29,391.34,Card,Pending,North
2067,363,2025-09-04,172,Books,1,238.31,24.65,14.46,11.39,906.41,Card,Returned,North
2068,57,2025-05-23,282,Electronics,1,283.55,9.22,7.39,2.91,84.82,Card,Cancelled,South
2069,584,2026-02-26,187,Electronics,5,18.22,37.07,26.65,1.3,609.7,UPI,Cancelled,West
2070,396,2026-02-18,189,Home,4,299.3,27.87,5.74,10.36,359.98,Cash,Cancelled,West
2071,311,2025-04-25,171,Books,5,57.39,44.76,24.01,13.52,344.19,Cash,Pending,South
2072,738,2025-04-28,260,Electronics,3,198.52,33.66,10.8,13.95,884.78,Cash,Completed,South
2073,853,2025-04-09,256,Home,1,245.13,44.44,27.9,16.48,824.35,Card,Cancelled,North
2074,295,2026-01-13,123,Electronics,5,281.98,38.08,17.23,11.51,60.14,Cash,Completed,East
2075,988,2025-03-23,108,Electronics,4,195.63,12.23,23.81,12.57,144.22,Cash,Pending,West
2076,759,2025-02-13,243,Home,1,10.17,40.56,11.2,9.37,-4.62,Card,Returned,East
2077,911,2026-03-14,129,Home,3,245.39,42.81,29.49,15.96,364.92,UPI,Returned,North
2078,740,2025-12-02,153,Books,3,235.53,11.01,5.19,1.64,808.31,Card,Cancelled,North
2079,51,2025-03-23,144,Home,4,245.68,30.43,22.23,18.4,4.03,UPI,Cancelled,East
2080,464,2025-08-29,299,Books,4,104.68,36.68,24.68,7.79,755.41,Cash,Pending,North
2081,993,2025-06-26,164,Home,1,77.98,32.03,18.91,0.59,319.6,Cash,Pending,West
2082,251,2025-07-28,223,Books,4,134.79,41.2,8.42,7.61,210.21,Card,Returned,South
2083,712,2025-10-06,297,Electronics,5,116.42,40.77,2.26,15.13,977.67,Cash,Completed,South
2084,324,2026-01-15,286,Books,2,5.72,15.58,29.87,13.1,417.62,Cash,Returned,North
2085,212,2025-06-24,210,Books,3,19.38,34.83,27.11,14.07,409.75,Cash,Cancelled,North
2086,360,2025-09-19,192,Electronics,5,174.39,2.32,4.37,9.26,378.59,Card,Completed,West
2087,440,2025-10-23,270,Home,4,241.73,36.65,14.7,16.35,446.59,UPI,Returned,West
2088,479,2025-10-13,224,Books,2,166.6,33.93,17.55,2.73,286.35,Card,Returned,East
2089,749,2026-02-21,192,Books,1,109.87,48.27,22.53,5.32,-1.7,Cash,Cancelled,West
2090,675,2025-07-13,142,Home,3,96.0,3.99,10.89,8.43,373.63,UPI,Completed,East
2091,771,2025-01-03,173,Home,2,185.39,24.15,28.85,10.75,873.13,Cash,Returned,East
2092,841,2025-06-26,252,Home,5,172.15,24.66,2.89,4.41,421.77,UPI,Completed,East
2093,901,2025-03-01,246,Books,1,175.55,20.29,11.65,5.74,,Card,Completed,South
2094,113,2025-03-16,147,Home,2,92.43,48.63,16.64,2.58,,Cash,Completed,South
2095,1018,2025-01-17,176,Home,5,182.59,40.16,23.55,3.56,199.48,Card,Pending,West
2096,34,2025-07-04,111,Home,4,263.71,19.68,26.87,7.46,413.93,Cash,Pending,East
2097,106,2026-04-10,219,Home,5,208.47,37.47,22.54,0.22,729.54,Cash,Cancelled,East
2098,448,2025-11-29,132,Electronics,3,228.28,13.26,27.29,9.04,368.47,Cash,Cancelled,West
2099,988,2025-06-27,257,Books,3,246.61,9.96,1.62,6.67,586.88,UPI,Returned,North
2100,166,2025-11-10,101,Books,3,265.49,46.11,26.25,16.55,298.12,UPI,Completed,North
2101,846,2025-06-12,164,Electronics,1,8.84,32.65,4.71,9.89,912.19,UPI,Returned,East
2102,103,2025-02-22,228,Electronics,4,115.87,44.47,27.7,13.27,641.77,UPI,Pending,East
2103,755,2026-03-12,243,Home,5,222.41,32.72,16.85,13.29,498.08,Cash,Cancelled,West
2104,433,2025-11-13,213,Books,4,221.17,2.44,4.26,7.08,694.61,UPI,Pending,East
2105,312,2025-02-15,106,Books,5,273.3,19.73,23.26,15.95,,Cash,Pending,South
2106,709,2026-05-02,132,Home,3,26.08,39.84,3.71,19.34,624.53,UPI,Completed,East
2107,457,2025-06-15,219,Home,1,290.52,17.38,19.45,11.29,862.3,Card,Cancelled,East
2108,597,2026-01-27,156,Books,1,81.04,45.82,21.98,11.67,715.01,Card,Cancelled,West
2109,127,2025-10-26,270,Books,4,254.2,2.24,12.66,9.3,333.81,Card,Completed,East
2110,62,2026-01-22,201,Electronics,3,184.07,20.62,22.99,8.45,671.57,Card,Cancelled,North
2111,705,2026-01-12,227,Electronics,3,22.05,3.42,1.64,14.72,,Cash,Completed,East
2112,151,2026-01-08,205,Home,2,144.31,32.73,14.46,14.27,637.32,Cash,Pending,North
2113,580,2025-04-30,107,Electronics,4,57.9,0.84,5.89,13.01,997.86,UPI,Returned,West
2114,443,2025-02-17,220,Home,1,144.54,38.16,4.27,4.51,410.65,Cash,Pending,South
2115,538,2025-11-03,103,Books,4,96.58,10.45,9.04,0.37,62.02,Cash,Returned,South
2116,611,2025-11-20,204,Books,2,165.45,22.44,10.11,8.11,135.3,Cash,Completed,North
2117,245,2026-02-24,119,Electronics,5,233.66,12.79,9.61,18.83,970.88,Card,Completed,West
2118,286,2025-11-20,247,Books,2,187.47,14.35,16.37,2.03,932.45,Cash,Cancelled,West
2119,804,2025-02-21,234,Books,5,221.64,30.0,16.34,19.2,627.66,Cash,Completed,North
2120,534,2026-01-11,201,Books,3,155.12,19.04,10.06,12.55,130.17,Cash,Returned,South
2121,373,2025-04-12,227,Books,2,39.06,3.16,23.61,15.87,700.76,Card,Completed,West
2122,712,2025-11-01,218,Electronics,3,12.96,36.9,21.29,2.96,673.82,Card,Cancelled,West
2123,895,2025-01-27,119,Home,1,15.09,46.28,8.2,6.01,19.82,Cash,Returned,East
2124,64,2026-04-25,247,Electronics,5,173.03,39.11,23.5,11.2,-48.25,Cash,Returned,East
2125,163,2025-03-18,189,Books,2,16.72,29.13,29.68,15.8,329.54,Cash,Pending,North
2126,740,2025-09-01,145,Electronics,3,227.03,9.99,26.81,13.05,770.66,Card,Cancelled,West
2127,707,2025-03-04,107,Home,3,247.26,9.78,5.11,18.82,0.26,UPI,Completed,North
2128,290,2025-03-31,231,Home,4,225.05,47.63,20.46,5.62,,UPI,Returned,South
2129,795,2025-01-25,178,Electronics,5,83.92,2.79,18.61,5.14,783.62,Card,Completed,East
2130,342,2025-01-04,274,Books,5,203.17,0.66,24.01,2.37,12.38,Card,Cancelled,South
2131,946,2025-05-06,290,Home,1,102.22,22.37,22.51,3.74,858.81,Card,Completed,East
2132,270,2025-11-11,253,Books,4,27.13,42.11,27.83,13.21,349.87,Card,Cancelled,North
2133,324,2026-04-17,159,Home,5,131.64,38.8,2.04,19.36,702.63,Card,Completed,South
2134,402,2026-02-22,221,Electronics,5,34.53,10.35,16.39,5.43,-40.71,Cash,Pending,East
2135,718,2025-11-01,282,Books,3,252.65,25.46,5.85,0.72,583.2,UPI,Pending,East
2135,718,2025-11-01,282,Books,3,252.65,25.46,5.85,0.72,583.2,UPI,Pending,East
2137,137,2025-07-13,265,Books,3,268.55,40.37,14.88,9.49,519.29,Cash,Returned,West
2138,508,2025-01-18,270,Books,4,98.98,37.63,13.64,13.82,-49.4,UPI,Cancelled,South
2139,733,2025-04-20,293,Electronics,1,13.26,15.68,4.47,18.29,553.85,Cash,Cancelled,West
2140,278,2025-05-13,116,Home,5,128.31,44.0,25.67,19.79,,Cash,Returned,South
2141,376,2026-02-01,136,Electronics,1,207.12,1.84,4.35,7.76,122.46,Cash,Pending,North
2142,400,2025-01-02,147,Electronics,1,194.51,33.73,2.86,7.42,571.07,Cash,Completed,West
2143,745,2025-06-02,219,Home,4,110.89,25.43,26.21,7.31,476.1,Card,Returned,South
2144,310,2025-08-27,242,Home,2,64.49,11.34,14.95,18.99,532.66,Cash,Cancelled,North
2145,277,2025-03-17,230,Electronics,1,258.57,37.94,16.86,0.22,,Cash,Completed,North
2146,854,2025-08-10,213,Electronics,5,282.07,3.8,18.32,12.64,302.07,UPI,Returned,East
2147,720,2026-05-10,143,Home,1,64.19,42.69,10.52,4.74,562.31,Cash,Cancelled,East
2148,366,2025-05-22,298,Home,2,150.71,46.37,13.19,9.6,853.74,Cash,Cancelled,West
2149,480,2025-05-18,108,Home,5,270.42,23.97,10.58,10.16,632.1,UPI,Pending,South
2150,486,2025-07-13,225,Books,2,5.51,42.62,19.93,8.6,173.36,Cash,Pending,West
2151,604,2025-11-20,155,Electronics,3,37.45,35.02,29.31,9.06,543.31,UPI,Completed,East
2152,487,2026-03-09,260,Books,1,166.32,16.58,15.08,5.09,961.6,UPI,Returned,West
2153,588,2026-03-27,226,Home,4,247.14,34.25,2.16,15.11,896.46,UPI,Pending,South
2154,81,2025-09-23,281,Electronics,3,256.81,33.3,10.04,15.35,992.58,UPI,Cancelled,East
2155,363,2025-02-19,248,Home,2,49.87,19.84,22.74,19.18,619.81,Card,Completed,South
2156,764,2025-09-21,295,Books,2,230.28,30.85,13.57,2.52,200.91,Cash,Cancelled,East
2157,11,2025-05-31,186,Books,4,132.89,19.32,9.41,8.07,452.82,Card,Completed,North
2158,552,2025-10-12,209,Home,2,69.99,47.99,3.0,12.03,-43.27,UPI,Pending,East
2159,590,2026-03-16,219,Home,1,63.68,40.75,15.74,6.53,122.11,Cash,Completed,North
2160,341,2025-10-17,295,Books,2,163.55,30.7,29.37,17.33,379.11,Card,Returned,South
2161,428,2025-02-03,259,Home,2,13.65,26.81,14.41,2.65,225.36,Cash,Returned,East
2162,252,2026-01-05,210,Electronics,1,243.9,18.81,13.61,12.87,468.17,Cash,Returned,North
2163,441,2025-02-12,213,Electronics,5,64.72,45.3,6.41,12.01,642.58,Card,Cancelled,North
2164,288,2026-02-20,265,Books,2,98.68,30.03,19.52,13.51,679.58,Card,Completed,West
2165,843,2026-01-08,218,Electronics,1,291.32,27.67,24.38,14.94,175.66,Card,Completed,East
2166,487,2026-02-28,125,Home,3,99.37,30.08,27.56,14.76,731.32,Card,Cancelled,North
2166,487,2026-02-28,125,Home,3,99.37,30.08,27.56,14.76,731.32,Card,Cancelled,North
2168,233,2025-08-19,189,Home,5,115.21,6.8,5.46,13.45,86.79,UPI,Completed,West
2169,661,2025-12-18,284,Books,1,196.41,44.66,12.98,2.04,492.17,Cash,Completed,North
2170,159,2026-01-29,129,Electronics,2,258.48,5.79,9.7,14.36,228.66,UPI,Completed,West
2171,812,2025-04-18,155,Home,5,231.03,3.36,15.26,10.75,23.31,Card,Returned,South
2172,42,2025-05-27,103,Home,2,55.87,11.93,28.48,4.34,118.38,Card,Pending,South
2173,139,2025-01-25,259,Home,4,214.99,14.98,6.15,7.34,,Cash,Pending,West
2174,1019,2025-12-31,129,Electronics,3,23.61,16.69,21.57,16.05,157.35,UPI,Pending,East
2175,952,2025-07-14,165,Electronics,5,276.21,32.93,3.43,13.25,71.11,UPI,Cancelled,North
2176,461,2025-01-10,222,Books,5,257.7,9.5,27.7,11.59,-10.86,Card,Completed,East
2177,469,2026-02-25,256,Books,1,103.82,41.66,6.53,8.59,472.28,Cash,Pending,South
2178,167,2025-02-02,174,Books,2,221.29,0.52,4.4,1.85,313.99,Card,Completed,South
2179,288,2025-11-08,176,Home,5,240.83,17.92,2.56,7.29,33.33,Cash,Pending,West
2180,33,2026-04-25,289,Home,1,197.95,8.4,27.86,2.07,674.23,UPI,Pending,West
2181,749,2025-07-03,245,Home,2,165.19,17.1,9.7,2.08,808.91,Card,Pending,North
2182,805,2025-03-31,221,Books,5,101.51,5.66,8.99,10.06,374.59,Cash,Completed,North
2183,756,2025-11-29,206,Home,3,71.94,9.99,9.1,2.07,715.92,Card,Cancelled,South
2184,320,2025-09-04,110,Home,3,79.99,12.23,8.87,17.52,52.21,Card,Completed,East
2185,421,2025-10-28,238,Books,1,261.37,37.44,14.09,18.43,377.19,UPI,Pending,West
2186,729,2025-10-14,179,Books,5,115.74,26.88,18.88,17.38,61.47,UPI,Pending,East
2187,349,2025-06-20,241,Electronics,3,174.35,4.98,25.22,18.45,513.02,UPI,Pending,West
2188,598,2025-03-29,238,Electronics,2,45.88,23.23,15.27,16.63,757.92,Cash,Pending,South
2189,605,2026-04-04,132,Books,3,6.82,13.31,22.86,1.15,-28.32,Card,Cancelled,South
2190,961,2025-12-04,221,Home,1,185.84,46.83,17.7,10.99,,UPI,Returned,North
2191,265,2026-03-23,142,Home,1,77.02,0.63,4.77,2.23,952.77,UPI,Pending,East
2192,506,2025-05-23,187,Books,1,101.09,38.1,30.0,18.52,397.31,Cash,Completed,West
2193,798,2026-01-14,254,Books,3,187.5,19.34,7.57,18.88,22.83,UPI,Pending,North
2194,781,2025-01-02,113,Electronics,1,159.46,28.04,17.49,19.21,526.9,Cash,Returned,North
2195,377,2026-01-02,126,Home,1,296.94,31.42,10.58,5.05,293.89,UPI,Returned,West
2196,839,2025-09-04,192,Home,4,275.94,18.73,1.79,14.31,574.56,UPI,Cancelled,South
2197,8,2026-01-06,122,Books,2,172.85,28.68,29.14,19.88,111.09,Card,Returned,South
2198,425,2025-11-18,234,Electronics,2,118.37,1.07,1.64,5.09,2.89,Cash,Returned,South
2199,677,2025-09-14,176,Electronics,1,61.77,25.05,6.39,15.09,680.13,Cash,Returned,South
2200,679,2025-08-20,271,Books,1,9.66,10.06,7.29,8.88,-2.81,UPI,Completed,South
2201,33,2025-05-22,212,Books,5,289.49,14.94,11.33,11.93,987.87,Card,Completed,North
2202,73,2025-06-29,117,Home,5,242.26,42.38,3.52,5.01,953.85,Card,Completed,South
2203,591,2025-10-22,124,Home,1,11.35,6.33,13.65,16.47,95.35,UPI,Completed,East
2204,111,2025-03-10,220,Home,5,226.43,10.19,16.35,0.4,,UPI,Pending,South
2205,751,2025-09-02,217,Books,2,154.68,33.11,18.87,19.23,786.4,Cash,Pending,East
2206,864,2026-03-19,254,Electronics,5,208.81,9.78,24.36,19.18,435.73,Card,Pending,North
2207,620,2025-01-18,288,Books,2,85.21,39.56,19.39,10.44,579.55,UPI,Completed,South
2208,528,2026-02-28,129,Electronics,2,156.03,28.31,19.4,10.09,74.35,Card,Completed,East
2209,902,2025-05-03,228,Home,4,199.58,10.64,20.94,18.36,500.07,Card,Returned,North
2210,496,2025-06-08,112,Electronics,2,28.87,26.09,16.67,18.23,903.86,Cash,Completed,South
2211,707,2025-07-07,139,Electronics,4,282.11,22.05,24.89,17.5,473.27,UPI,Cancelled,South
2212,637,2025-09-01,154,Electronics,4,167.1,34.06,25.41,11.95,108.78,Card,Cancelled,South
2213,717,2025-11-07,144,Home,4,262.69,34.82,4.35,19.58,731.83,UPI,Completed,North
2214,642,2026-05-13,132,Home,1,159.92,49.77,24.26,1.94,551.02,Card,Pending,West
2215,471,2025-07-29,109,Electronics,2,239.5,8.63,17.3,5.27,552.45,Cash,Cancelled,North
2215,471,2025-07-29,109,Electronics,2,239.5,8.63,17.3,5.27,552.45,Cash,Cancelled,North
2217,935,2025-07-03,200,Home,2,227.76,19.93,26.26,11.93,864.07,Cash,Returned,South
2217,935,2025-07-03,200,Home,2,227.76,19.93,26.26,11.93,864.07,Cash,Returned,South
2219,208,2025-02-08,263,Books,1,101.08,21.52,9.49,1.29,386.37,UPI,Returned,East
2220,670,2025-12-12,185,Home,4,7.76,18.22,25.4,11.48,147.17,Cash,Completed,West
2221,120,2025-05-11,169,Home,4,65.16,2.69,7.82,4.03,708.3,UPI,Cancelled,West
2222,626,2025-10-01,259,Electronics,1,145.04,23.22,26.03,13.43,724.89,Cash,Completed,North
2223,794,2025-03-10,170,Home,1,171.11,16.3,11.39,1.57,,UPI,Pending,West
2224,316,2025-05-16,207,Books,3,41.44,20.52,23.39,8.71,148.66,Card,Cancelled,South
2225,372,2026-05-11,158,Books,4,13.7,15.22,7.17,3.96,653.18,Card,Cancelled,West
2226,672,2025-12-24,276,Electronics,4,227.15,20.17,26.69,7.65,388.13,Card,Cancelled,North
2227,563,2026-03-15,237,Electronics,3,214.82,30.24,16.26,7.34,,Cash,Completed,East
2228,926,2026-02-16,182,Books,1,205.74,35.91,10.43,17.59,346.67,Card,Completed,East
2229,969,2025-06-14,176,Books,2,272.26,36.37,15.99,13.61,62.66,Card,Pending,South
2230,281,2026-02-25,203,Electronics,2,117.65,32.09,1.14,17.47,241.12,Cash,Pending,East
2231,395,2025-04-27,216,Home,1,157.76,8.21,12.87,15.76,254.73,Card,Completed,West
2232,99,2026-02-15,297,Electronics,1,99.29,36.08,4.62,17.04,962.91,Card,Cancelled,South
2233,753,2025-12-28,242,Electronics,4,242.18,24.46,21.7,12.07,359.82,UPI,Completed,North
2234,999,2026-04-13,247,Electronics,3,124.29,22.63,2.18,10.01,796.76,Card,Completed,West
2235,390,2026-05-02,228,Electronics,1,222.84,47.84,10.74,1.39,864.51,Card,Completed,East
2236,398,2025-12-19,261,Home,3,22.68,31.01,29.53,8.07,-22.17,Card,Cancelled,West
2237,987,2025-08-10,258,Books,3,189.26,23.37,24.31,6.42,36.98,Card,Completed,South
2238,1012,2025-11-18,238,Home,1,151.48,26.76,17.53,17.71,444.98,Cash,Returned,East
2239,504,2026-03-27,195,Home,2,122.85,9.46,23.11,19.15,308.91,Card,Pending,South
2240,110,2025-03-28,282,Home,4,15.65,32.4,10.75,3.63,242.01,Card,Cancelled,South
2241,920,2025-05-10,257,Electronics,1,152.4,7.16,27.86,5.88,488.08,Cash,Pending,East
2242,566,2026-03-15,296,Home,4,61.29,48.02,6.41,15.31,822.73,Cash,Cancelled,East
2243,818,2025-12-06,290,Books,1,234.5,25.56,28.04,9.16,806.72,UPI,Returned,North
2244,285,2025-01-12,243,Electronics,3,53.89,0.34,10.57,1.02,761.89,UPI,Returned,South
2245,444,2026-03-10,173,Home,5,13.65,4.44,4.99,7.22,-49.03,UPI,Completed,East
2246,255,2025-09-21,156,Electronics,3,196.58,2.56,15.67,11.14,295.63,Cash,Completed,South
2247,647,2025-06-07,238,Books,3,245.91,33.17,12.3,1.75,815.77,UPI,Returned,North
2248,13,2026-02-15,211,Electronics,4,102.47,29.88,11.5,11.28,,Card,Returned,East
2249,454,2025-04-06,198,Electronics,1,114.1,40.28,22.04,13.0,888.52,Cash,Cancelled,South
2250,877,2026-05-12,282,Books,2,235.49,47.55,16.27,4.82,,UPI,Cancelled,South
2251,811,2025-04-09,191,Home,1,81.11,39.81,11.64,15.45,234.61,UPI,Pending,West
2252,873,2025-10-28,171,Books,1,249.17,18.8,3.34,8.45,631.3,Card,Completed,South
2253,756,2026-02-07,190,Electronics,1,299.25,45.09,2.42,1.28,635.04,Card,Pending,East
2254,727,2025-06-24,125,Home,3,95.46,26.88,15.66,19.77,844.97,Cash,Pending,South
2255,72,2025-05-09,154,Electronics,2,51.25,43.56,13.56,7.65,928.04,UPI,Cancelled,West
2256,410,2025-04-06,238,Home,5,205.92,11.44,13.9,9.66,478.78,Cash,Cancelled,North
2257,828,2025-06-09,245,Home,2,276.58,25.25,6.25,0.12,-33.21,Card,Returned,West
2258,384,2026-03-19,202,Home,4,128.52,31.9,17.4,14.92,370.38,Card,Pending,West
2259,329,2025-11-21,246,Books,4,160.83,43.58,17.89,14.43,548.67,Cash,Returned,West
2260,55,2025-01-01,198,Books,3,116.13,4.94,8.26,14.64,437.3,Cash,Completed,East
2261,221,2025-05-10,180,Books,2,177.68,28.06,15.2,2.66,282.3,Cash,Cancelled,West
2262,273,2026-02-05,293,Electronics,4,142.3,8.9,1.12,2.05,101.84,Card,Completed,West
2263,740,2025-05-01,282,Electronics,3,236.69,35.76,15.63,16.37,25.49,Card,Pending,North
2264,950,2026-03-23,189,Books,3,253.01,8.34,15.07,16.92,172.79,Cash,Returned,South
2265,187,2025-03-02,276,Home,3,55.78,10.83,11.55,13.64,1.21,Card,Pending,West
2266,415,2025-02-02,178,Books,3,5.4,48.68,27.54,17.83,703.93,UPI,Cancelled,East
2267,547,2026-01-13,274,Electronics,1,163.73,26.95,29.84,9.3,510.8,Card,Pending,South
2268,356,2025-10-03,192,Electronics,4,211.73,31.78,21.93,1.76,826.77,Cash,Completed,South
2269,815,2025-09-15,291,Books,5,91.58,13.14,6.66,10.58,285.77,UPI,Cancelled,East
2270,987,2026-03-09,104,Books,3,145.07,15.48,21.42,10.4,270.85,UPI,Completed,South
2271,737,2025-11-30,171,Books,5,13.79,49.4,26.94,2.97,229.46,UPI,Returned,North
2272,637,2025-02-27,188,Home,2,214.05,13.81,22.33,3.78,,Cash,Returned,West
2273,96,2026-04-30,219,Home,4,11.97,1.11,19.06,6.29,-47.92,UPI,Returned,South
2274,442,2025-11-12,186,Books,2,299.45,46.04,12.34,4.77,956.71,Card,Cancelled,East
2275,1001,2026-02-08,206,Home,3,269.75,13.18,5.28,7.49,643.22,Card,Cancelled,North
2276,961,2025-10-22,118,Home,3,64.73,45.32,21.28,15.73,,Card,Cancelled,West
2277,171,2026-04-29,287,Home,1,197.62,31.62,11.75,16.17,582.24,Card,Returned,North
2278,61,2026-04-16,155,Books,2,186.4,23.52,25.06,16.43,258.54,UPI,Completed,West
2279,122,2025-02-09,292,Electronics,2,211.39,25.99,7.69,13.27,825.22,Card,Completed,East
2280,391,2026-05-16,259,Home,3,81.29,4.55,10.66,4.64,276.39,UPI,Completed,South
2281,613,2025-07-12,138,Electronics,1,268.77,48.63,29.42,3.82,330.3,UPI,Returned,West
2282,470,2025-05-20,245,Books,5,40.86,30.22,24.95,6.79,805.17,UPI,Cancelled,East
2283,745,2026-02-06,203,Books,4,38.27,41.47,5.17,16.53,459.61,Cash,Completed,North
2284,555,2025-08-13,148,Electronics,1,182.97,47.32,4.49,17.83,327.35,Cash,Completed,West
2285,294,2025-12-08,297,Electronics,1,119.41,35.46,9.64,18.13,369.59,Card,Completed,West
2286,68,2025-07-19,256,Electronics,4,177.48,37.28,18.62,4.7,607.95,UPI,Returned,West
2287,792,2025-10-05,270,Home,2,85.24,38.16,25.78,17.28,516.61,UPI,Returned,East
2288,616,2025-11-14,251,Electronics,4,283.04,38.61,18.69,18.04,953.64,UPI,Cancelled,East
2289,990,2025-01-02,232,Electronics,4,142.47,36.72,1.75,0.16,654.78,Card,Cancelled,West
2290,322,2026-03-30,197,Home,3,282.97,13.55,12.4,3.54,207.23,Card,Returned,North
2291,1016,2025-03-28,293,Electronics,4,213.45,9.69,13.29,0.92,716.3,Card,Completed,East
2292,202,2025-06-02,169,Home,1,114.47,23.63,16.6,7.78,781.2,UPI,Returned,South
2293,838,2025-03-24,257,Books,3,257.45,21.74,15.59,11.74,60.01,UPI,Pending,East
2294,546,2025-01-29,296,Home,1,23.05,12.5,14.12,8.62,445.33,Cash,Returned,West
2295,972,2025-12-24,268,Electronics,1,99.38,48.59,25.43,17.53,420.2,UPI,Cancelled,North
2296,690,2026-01-04,247,Electronics,1,79.17,13.3,29.62,15.59,534.17,Cash,Returned,North
2297,113,2025-07-05,216,Electronics,4,30.34,41.23,13.1,10.74,135.15,Cash,Cancelled,West
2298,91,2026-05-12,221,Books,4,116.42,36.11,7.98,6.62,93.09,Card,Completed,North
2299,887,2025-12-26,122,Home,3,36.81,39.76,3.94,12.87,138.27,Card,Completed,West
2300,456,2026-02-07,299,Books,4,280.77,44.15,13.78,19.67,994.02,Cash,Pending,South
2301,819,2025-05-01,133,Home,5,132.82,6.72,13.86,6.52,523.23,Card,Cancelled,West
2302,319,2025-05-23,294,Books,4,120.29,17.82,11.24,7.89,59.38,Cash,Pending,East
2303,607,2025-08-31,133,Electronics,4,202.44,15.44,15.15,6.15,799.3,Card,Pending,West
2304,585,2025-08-22,169,Books,3,183.38,39.53,23.39,1.72,133.06,Card,Pending,North
2305,964,2025-02-26,260,Books,2,48.89,13.83,22.0,5.05,558.15,UPI,Cancelled,North
2306,172,2026-03-26,230,Books,1,123.71,30.45,26.64,1.24,985.01,Card,Pending,North
2307,988,2025-11-13,265,Home,1,115.88,4.67,19.22,16.14,183.6,Card,Pending,North
2308,567,2025-06-22,189,Home,2,56.19,15.48,12.42,4.14,995.68,Cash,Pending,East
2309,808,2026-05-15,200,Home,3,198.53,13.3,11.35,16.5,,UPI,Cancelled,West
2310,48,2026-04-22,241,Electronics,3,19.66,32.13,24.51,0.15,525.94,Cash,Completed,East
2311,859,2025-12-21,280,Home,3,28.47,13.48,19.57,17.83,565.08,Card,Cancelled,South
2311,859,2025-12-21,280,Home,3,28.47,13.48,19.57,17.83,565.08,Card,Cancelled,South
2313,1002,2025-02-04,224,Electronics,3,55.68,40.57,13.46,1.87,989.36,UPI,Returned,North
2314,490,2025-09-09,213,Books,3,232.54,19.22,28.91,8.22,727.04,Cash,Pending,North
2315,832,2026-02-02,217,Home,3,173.17,2.64,22.38,3.1,89.05,UPI,Pending,West
2316,376,2025-06-14,275,Books,1,229.58,20.55,8.49,7.65,260.86,Cash,Returned,West
2317,53,2025-01-29,249,Home,5,179.44,0.04,6.29,7.07,887.36,UPI,Returned,North
2318,99,2025-06-11,195,Home,3,93.1,43.81,27.71,0.82,-25.3,Card,Completed,East
2319,40,2025-11-19,124,Books,5,250.32,30.92,20.23,2.58,585.62,Card,Returned,East
2320,778,2025-04-02,220,Electronics,4,15.55,45.67,26.67,15.03,420.4,UPI,Cancelled,North
2321,900,2025-11-27,282,Books,1,75.15,8.7,17.97,16.91,437.8,Cash,Completed,West
2322,827,2025-05-20,242,Home,4,28.74,42.46,5.34,2.85,434.45,Cash,Completed,South
2322,827,2025-05-20,242,Home,4,28.74,42.46,5.34,2.85,434.45,Cash,Completed,South
2324,870,2026-05-01,281,Home,1,16.66,44.47,6.33,19.17,948.08,Card,Cancelled,East
2325,424,2025-07-27,172,Electronics,2,35.33,7.56,9.58,15.89,325.05,Cash,Pending,South
2326,989,2026-01-26,120,Home,5,156.79,48.95,20.98,14.55,921.88,Card,Completed,South
2327,385,2026-02-10,240,Books,3,233.23,16.03,8.01,5.26,325.61,Cash,Returned,West
2328,471,2025-01-04,142,Books,4,71.61,49.02,6.24,10.05,289.67,Cash,Pending,South
2329,854,2025-07-16,230,Electronics,2,296.63,40.35,19.17,15.42,265.02,UPI,Returned,South
2330,870,2025-07-13,168,Home,3,219.15,21.09,21.97,16.79,812.79,Cash,Cancelled,East
2331,782,2025-01-15,269,Home,3,201.32,31.98,23.64,16.85,259.85,Card,Pending,East
2332,1011,2025-04-13,209,Books,1,42.55,31.42,5.37,0.78,561.09,Cash,Cancelled,West
2333,394,2025-05-24,112,Books,3,180.54,2.68,13.88,14.42,45.41,Card,Returned,East
2334,635,2025-05-10,116,Home,5,291.78,42.88,20.17,17.12,814.54,Cash,Pending,West
2335,463,2025-05-10,104,Home,3,174.04,13.32,12.65,18.53,268.29,Cash,Cancelled,North
2336,474,2025-04-01,116,Electronics,3,180.18,42.06,4.4,14.81,732.56,Card,Pending,West
2337,374,2025-11-23,235,Home,3,285.44,13.78,28.51,6.32,21.18,UPI,Cancelled,East
2338,966,2025-04-14,232,Home,2,135.43,38.7,14.22,13.11,,UPI,Returned,East
2339,965,2026-02-20,111,Books,5,209.68,10.28,15.75,11.55,747.38,Card,Returned,West
2340,368,2025-09-16,271,Books,4,180.59,44.39,28.09,11.6,271.27,Card,Cancelled,South
2341,808,2025-03-09,268,Electronics,3,9.09,13.74,23.39,17.16,826.9,Card,Pending,East
2342,392,2026-01-05,110,Home,3,206.43,5.02,26.03,0.77,903.5,Cash,Cancelled,South
2343,759,2025-03-10,298,Books,3,273.01,8.12,29.76,6.04,387.95,Cash,Pending,West
2344,731,2025-01-07,229,Home,2,246.17,10.14,9.05,17.03,246.91,Card,Cancelled,North
2345,708,2025-10-06,223,Books,1,245.57,17.52,27.38,16.61,423.48,UPI,Returned,South
2346,718,2025-07-15,128,Books,3,288.45,16.12,11.91,13.37,584.51,Card,Completed,North
2347,326,2025-03-23,206,Books,1,218.14,46.74,4.45,11.4,666.48,Cash,Returned,North
2348,398,2025-01-16,258,Books,4,167.36,34.01,9.6,14.72,941.98,UPI,Pending,North
2349,539,2025-11-25,132,Home,5,82.15,44.99,8.53,1.16,750.5,Card,Cancelled,South
2350,803,2026-01-30,218,Books,1,76.61,44.02,7.67,0.98,834.91,Card,Cancelled,East
2351,812,2025-02-16,260,Home,2,242.61,28.4,15.47,17.74,123.46,Cash,Completed,West
2352,766,2025-05-14,290,Electronics,1,144.53,1.39,21.08,1.72,804.13,Cash,Returned,South
2353,178,2026-02-01,226,Electronics,1,215.6,8.7,11.7,14.54,859.18,Cash,Returned,North
2354,646,2025-09-09,182,Electronics,4,198.35,5.88,4.75,3.76,855.93,Cash,Pending,West
2355,548,2025-02-10,233,Electronics,2,214.43,44.1,8.67,15.13,764.35,Card,Cancelled,North
2356,628,2025-04-12,278,Home,1,123.92,36.01,21.14,1.82,216.44,Card,Completed,West
2357,929,2025-04-14,229,Electronics,3,128.84,47.21,4.52,8.4,221.79,Card,Completed,North
2358,311,2026-05-06,187,Electronics,1,237.18,21.25,16.46,4.06,404.62,UPI,Returned,East
2359,268,2025-08-31,110,Home,2,136.57,35.85,22.66,1.94,-29.65,Card,Pending,North
2360,647,2025-09-24,273,Electronics,5,158.52,34.95,13.29,15.74,715.73,UPI,Cancelled,West
2361,831,2025-08-01,212,Home,5,261.76,20.77,15.67,13.78,408.41,Card,Pending,South
2362,31,2025-11-27,166,Electronics,3,179.19,43.43,9.59,5.85,617.79,Cash,Completed,East
2363,196,2026-01-23,137,Books,4,293.96,48.21,11.88,5.15,26.47,UPI,Returned,West
2364,884,2026-05-07,110,Books,1,31.47,2.05,8.16,0.7,808.45,Cash,Returned,South
2365,772,2026-04-19,271,Books,3,174.0,28.29,9.56,18.37,25.27,UPI,Cancelled,West
2365,772,2026-04-19,271,Books,3,174.0,28.29,9.56,18.37,25.27,UPI,Cancelled,West
2367,672,2026-03-20,255,Home,3,11.99,24.11,28.57,14.53,51.16,Card,Pending,West
2368,1010,2025-02-04,236,Books,1,84.39,9.55,15.57,6.44,-35.77,UPI,Returned,East
2369,288,2026-01-13,111,Books,5,211.24,44.96,26.66,17.57,770.36,Card,Pending,East
2370,595,2025-02-10,116,Books,1,8.22,32.54,8.63,9.47,51.25,Card,Pending,South
2371,544,2025-09-05,126,Electronics,4,172.58,31.94,1.84,6.13,463.03,UPI,Returned,North
2372,725,2026-04-20,211,Home,5,289.49,20.62,21.98,0.42,875.87,UPI,Completed,North
2372,725,2026-04-20,211,Home,5,289.49,20.62,21.98,0.42,875.87,UPI,Completed,North
2374,1017,2025-07-03,186,Home,2,199.7,24.99,14.02,16.96,700.52,Card,Pending,East
2375,732,2025-07-09,231,Home,1,249.12,5.28,22.57,19.4,785.03,Card,Pending,East
2376,857,2025-02-13,233,Books,2,156.3,38.01,18.83,13.23,798.68,UPI,Completed,West
2377,48,2025-02-25,290,Books,2,217.25,48.89,18.25,6.17,959.68,UPI,Pending,East
2378,11,2025-06-03,254,Home,5,275.05,13.11,8.64,15.63,586.51,Card,Returned,South
2379,884,2025-06-22,193,Books,4,18.71,34.72,7.85,15.08,457.44,UPI,Pending,West
2380,8,2026-03-09,102,Books,3,290.41,39.71,4.21,10.2,-0.39,Cash,Pending,East
2381,497,2026-02-20,297,Electronics,1,145.71,1.66,1.47,8.5,753.8,UPI,Cancelled,East
2382,790,2025-08-20,106,Electronics,5,257.76,33.66,11.91,10.02,99.01,Card,Cancelled,East
2383,31,2026-02-20,297,Books,5,185.15,18.49,12.12,12.66,,Cash,Completed,East
2384,935,2026-03-20,136,Books,5,197.79,36.46,10.59,4.45,938.93,Cash,Pending,North
2385,414,2025-06-16,182,Books,5,251.48,8.77,14.49,6.28,687.58,Cash,Pending,West
2386,101,2025-12-18,131,Books,3,212.72,8.67,7.57,6.89,,Card,Cancelled,North
2387,400,2026-05-04,108,Books,2,191.53,3.39,14.82,16.39,,Card,Completed,West
2388,233,2025-11-22,282,Books,2,223.95,31.03,18.53,1.73,-5.82,UPI,Completed,West
2389,471,2026-01-17,294,Home,2,40.04,39.64,4.77,2.89,821.31,Cash,Returned,East
2390,844,2025-06-08,185,Home,4,32.89,14.37,18.95,1.87,-16.93,Cash,Completed,West
2391,780,2026-01-19,300,Home,3,141.39,13.86,21.31,3.96,,UPI,Pending,West
2392,17,2025-04-28,299,Books,2,107.34,37.13,4.53,18.76,901.5,UPI,Cancelled,West
2393,878,2025-04-30,291,Home,1,278.9,35.92,3.79,1.94,21.46,UPI,Completed,East
2394,895,2025-08-20,119,Home,4,265.2,21.42,12.68,5.86,291.56,Card,Returned,East
2395,22,2025-06-14,241,Electronics,1,268.58,5.59,16.95,19.76,897.42,UPI,Returned,West
2396,583,2026-02-08,131,Books,1,204.7,34.91,19.57,6.82,669.42,UPI,Cancelled,West
2397,730,2025-05-04,250,Home,1,257.08,48.84,12.48,10.75,285.55,Cash,Pending,South
2398,542,2025-10-29,130,Electronics,5,11.47,45.77,29.96,17.74,728.94,Card,Completed,East
2399,647,2025-08-17,297,Books,4,12.01,16.24,17.58,10.49,283.6,Card,Completed,North
2400,648,2026-04-24,127,Electronics,4,46.83,31.72,24.72,10.32,120.33,Cash,Returned,East
2401,250,2026-01-26,242,Electronics,2,246.98,4.91,29.5,2.66,175.05,Card,Cancelled,East
2402,396,2025-07-27,185,Electronics,3,37.75,32.54,22.06,2.57,102.79,Cash,Completed,East
2403,460,2025-10-11,122,Books,4,274.58,15.61,10.65,19.83,874.28,Cash,Pending,South
2404,119,2025-01-03,177,Electronics,4,92.19,22.6,5.17,16.99,76.87,Cash,Completed,North
2405,739,2025-11-08,185,Home,5,278.5,15.86,8.99,16.46,972.26,UPI,Completed,East
2406,770,2025-06-17,192,Books,5,140.61,8.87,14.17,7.96,802.54,UPI,Cancelled,West
2407,803,2025-11-09,143,Books,1,79.97,20.24,1.74,9.43,589.99,UPI,Pending,South
2408,875,2025-12-10,295,Books,2,256.62,27.77,10.14,6.91,,Cash,Cancelled,West
2408,875,2025-12-10,295,Books,2,256.62,27.77,10.14,6.91,,Cash,Cancelled,West
2410,354,2025-03-12,283,Books,2,72.27,49.7,19.32,8.85,337.96,Cash,Cancelled,West
2411,574,2025-01-03,254,Electronics,4,142.52,24.11,13.81,2.9,452.44,Card,Pending,South
2412,889,2026-01-06,285,Electronics,2,178.09,31.32,10.34,10.54,339.93,Cash,Cancelled,West
2413,833,2025-03-14,138,Electronics,5,144.79,10.58,20.64,16.33,63.22,UPI,Cancelled,North
2414,678,2025-02-06,194,Home,5,29.63,27.87,28.43,0.01,,UPI,Completed,East
2415,812,2026-04-01,292,Electronics,1,276.88,46.57,14.17,4.59,990.72,Cash,Cancelled,East
2416,283,2025-04-07,148,Books,5,18.23,33.96,13.34,4.18,904.44,Card,Completed,North
2417,289,2025-10-13,237,Electronics,2,276.82,49.07,22.71,15.31,479.08,UPI,Pending,East
2418,211,2025-03-29,102,Electronics,5,238.84,37.02,12.24,8.02,757.74,UPI,Returned,North
2419,957,2025-05-12,178,Books,3,179.63,5.28,19.27,15.59,704.44,Cash,Pending,East
2420,405,2026-01-30,295,Electronics,4,7.82,36.48,9.61,2.32,-13.11,Card,Pending,East
2421,677,2025-07-04,170,Electronics,5,30.13,33.64,3.03,13.27,479.56,UPI,Pending,West
2422,843,2025-01-09,199,Home,4,81.91,0.54,15.22,11.24,984.54,Cash,Pending,West
2423,1015,2026-01-07,223,Books,3,129.45,41.8,29.87,14.26,30.45,Cash,Cancelled,West
2424,1015,2025-10-21,181,Electronics,4,227.42,15.61,7.13,12.39,767.44,Cash,Cancelled,North
2425,431,2025-01-06,203,Electronics,3,152.15,39.41,15.09,11.43,130.37,Cash,Pending,East
2426,859,2026-01-07,155,Home,3,215.89,49.41,3.93,15.53,413.68,UPI,Pending,North
2427,264,2025-04-08,187,Home,4,75.33,25.14,11.74,6.75,647.77,Card,Completed,North
2428,379,2025-04-27,139,Home,4,81.03,21.32,25.43,3.1,765.92,Cash,Completed,West
2429,96,2025-07-20,131,Electronics,2,243.26,29.18,4.53,7.07,644.16,Card,Cancelled,North
2430,238,2025-01-22,166,Electronics,1,209.11,16.79,7.22,3.96,,UPI,Completed,South
2431,503,2026-05-12,299,Electronics,5,269.39,24.47,18.23,4.04,20.87,Card,Pending,South
2432,639,2025-01-02,171,Home,1,84.06,38.17,13.48,10.89,911.88,Card,Pending,West
2433,871,2025-12-09,262,Electronics,5,278.02,6.29,26.52,3.98,114.59,UPI,Pending,East
2434,669,2025-09-04,146,Electronics,5,65.15,12.39,7.05,3.37,141.77,UPI,Returned,South
2435,294,2026-04-03,222,Electronics,1,108.34,48.9,11.71,9.01,414.26,Card,Pending,East
2436,750,2025-11-30,176,Home,5,136.02,0.23,29.09,9.8,501.15,Cash,Cancelled,North
2437,37,2025-04-01,139,Books,4,133.07,44.88,3.92,1.72,186.88,Card,Cancelled,North
2438,803,2025-12-27,144,Electronics,1,85.68,11.3,16.85,11.61,848.27,Card,Completed,East
2439,250,2025-04-15,188,Home,1,236.27,42.3,3.98,14.29,474.31,UPI,Completed,West
2440,449,2025-12-20,253,Books,5,278.9,38.66,4.85,10.3,815.59,Card,Pending,West
2441,577,2025-07-21,183,Books,2,281.97,38.78,14.64,19.62,897.32,Card,Completed,South
2442,695,2026-04-11,210,Books,2,156.13,34.89,19.83,17.48,984.19,Card,Returned,North
2443,966,2025-12-18,185,Electronics,3,225.02,47.03,15.09,15.88,437.39,Cash,Cancelled,South
2444,605,2025-04-23,162,Books,1,115.38,39.55,21.57,18.75,321.56,Card,Completed,North
2445,704,2025-09-14,202,Books,2,17.36,18.64,24.25,5.67,331.37,UPI,Completed,West
2446,563,2025-04-28,130,Electronics,2,29.87,8.69,13.55,6.03,255.97,Cash,Pending,West
2447,927,2026-02-16,107,Books,4,49.63,5.17,6.83,14.37,747.25,Cash,Cancelled,South
2448,140,2026-01-16,103,Electronics,4,228.79,29.84,9.42,17.96,52.55,Cash,Returned,West
2449,42,2026-01-25,108,Home,4,298.54,1.46,16.14,11.93,725.57,Card,Cancelled,North
2450,165,2026-02-11,133,Books,1,252.88,33.57,17.56,8.04,764.14,UPI,Returned,South
2451,995,2025-08-04,288,Electronics,2,47.49,22.87,7.74,18.47,23.02,Card,Completed,South
2452,554,2025-11-05,150,Electronics,5,203.51,24.54,7.55,4.76,473.26,UPI,Returned,North
2453,696,2025-12-08,106,Electronics,5,179.19,34.69,10.83,14.25,972.78,Card,Returned,South
2454,753,2025-03-15,217,Electronics,1,255.03,17.28,13.59,12.81,921.34,UPI,Returned,East
2455,796,2026-02-28,148,Electronics,3,293.96,46.13,22.69,11.55,511.67,UPI,Pending,South
2456,730,2026-01-10,171,Books,5,197.17,41.53,1.89,2.44,406.52,Card,Cancelled,North
2457,584,2025-06-02,189,Electronics,3,276.67,40.93,3.26,16.91,946.96,Card,Cancelled,East
2458,343,2025-03-17,254,Electronics,4,114.77,7.9,20.24,7.74,410.12,Card,Returned,East
2459,934,2025-10-23,177,Home,4,93.62,49.03,18.85,19.38,199.59,Card,Returned,South
2460,388,2026-04-04,182,Books,4,135.47,8.1,9.22,1.02,24.4,Cash,Returned,East
2461,817,2025-05-06,225,Electronics,1,219.02,29.96,6.36,3.87,800.56,Card,Cancelled,North
2462,866,2026-02-07,135,Books,3,29.65,19.11,27.37,18.0,400.38,Card,Returned,South
2463,73,2026-01-06,112,Electronics,4,292.02,8.35,8.13,12.12,883.19,Card,Returned,West
2464,78,2025-05-15,229,Electronics,3,22.97,46.83,13.06,14.8,492.76,Card,Pending,South
2465,554,2025-11-02,123,Electronics,2,249.74,28.17,15.0,8.09,21.06,UPI,Pending,South
2466,444,2025-01-04,265,Home,3,218.98,23.56,18.32,6.82,442.07,Card,Pending,North
2467,970,2025-03-04,272,Home,4,276.99,43.97,28.2,7.25,598.97,UPI,Pending,North
2468,548,2025-07-01,298,Books,5,213.51,15.79,6.55,4.61,260.99,UPI,Completed,West
2469,597,2025-07-01,262,Electronics,4,286.45,14.21,13.44,5.47,129.84,Card,Pending,North
2470,264,2026-01-17,187,Electronics,1,160.65,10.37,11.1,9.94,321.33,UPI,Returned,East
2471,124,2025-06-13,272,Books,4,263.15,29.1,9.39,11.67,907.91,Card,Completed,South
2472,246,2025-02-17,241,Books,3,126.89,15.07,25.78,1.92,939.33,Card,Returned,West
2473,168,2026-02-08,295,Electronics,1,161.79,38.18,10.95,6.51,828.52,Card,Pending,South
2474,90,2025-06-16,280,Books,5,64.2,38.16,16.42,5.06,,UPI,Pending,East
2475,997,2025-05-10,119,Electronics,2,44.52,18.36,13.0,5.42,425.4,Card,Completed,South
2476,31,2025-08-29,190,Electronics,1,80.59,10.2,19.35,8.83,46.13,UPI,Pending,South
2477,176,2025-06-29,138,Electronics,5,151.11,42.94,3.09,1.98,749.94,Card,Returned,West
2477,176,2025-06-29,138,Electronics,5,151.11,42.94,3.09,1.98,749.94,Card,Returned,West
2479,222,2025-11-30,168,Books,3,6.24,11.0,5.2,12.81,405.12,Cash,Completed,West
2480,129,2025-03-17,208,Home,1,68.87,20.59,17.16,3.08,320.16,Cash,Completed,North
2481,294,2025-05-08,127,Electronics,1,151.23,41.2,1.82,8.86,985.2,Card,Pending,North
2482,561,2026-01-25,169,Books,3,34.46,21.89,29.87,8.43,995.2,Card,Cancelled,West
2483,472,2025-04-02,246,Electronics,3,172.27,32.94,19.0,14.04,796.77,Card,Cancelled,South
2484,753,2026-02-28,283,Electronics,5,146.71,19.7,16.0,18.98,766.08,Card,Cancelled,East
2485,607,2025-03-25,233,Books,5,54.62,31.71,19.95,4.26,678.21,Cash,Cancelled,West
2486,3,2025-10-14,250,Home,3,93.66,39.85,25.96,12.32,878.16,Card,Returned,East
2487,31,2025-01-02,113,Books,3,103.32,27.81,19.83,16.54,249.57,Card,Returned,North
2488,700,2026-04-11,252,Books,4,138.28,15.31,17.84,5.13,301.14,Cash,Returned,East
2489,315,2025-08-06,207,Books,2,208.04,1.42,15.19,7.89,127.34,Cash,Returned,East
2490,416,2026-03-16,223,Electronics,5,120.59,18.7,3.18,13.72,99.91,Cash,Returned,East
2491,504,2025-12-12,232,Electronics,4,102.64,26.86,5.27,6.8,277.16,Card,Cancelled,West
2492,463,2025-04-06,118,Books,1,193.84,7.14,2.33,12.89,12.31,Card,Pending,West
2493,372,2026-04-20,284,Electronics,1,295.5,21.3,4.38,6.06,505.52,Cash,Completed,East
2494,464,2025-09-23,164,Home,3,161.39,39.49,20.75,18.77,32.33,Card,Returned,West
2495,598,2026-01-03,186,Books,4,164.72,20.9,18.44,14.59,931.16,Cash,Pending,West
2496,730,2025-12-29,177,Books,2,76.92,30.52,26.87,8.45,622.8,UPI,Cancelled,East
2497,74,2025-11-13,127,Home,4,20.1,10.86,27.05,17.0,93.82,Cash,Pending,South
2498,191,2025-11-29,247,Home,2,66.37,45.72,29.66,17.77,661.75,Card,Pending,West
2499,768,2026-02-14,171,Home,3,267.59,30.08,19.29,5.01,852.55,UPI,Cancelled,East
2500,539,2025-07-31,131,Books,2,266.18,34.72,3.4,1.61,786.82,Cash,Completed,East
2501,663,2025-02-03,282,Books,2,36.59,42.11,15.36,9.41,214.89,Card,Cancelled,North
2502,931,2025-07-30,176,Home,4,278.47,11.58,21.02,12.37,462.7,UPI,Cancelled,East
2503,522,2025-01-08,268,Books,4,219.02,38.84,24.36,16.45,436.53,Cash,Pending,West
2504,390,2026-01-26,234,Home,2,107.11,0.49,18.5,12.85,,Card,Returned,East
2505,119,2026-05-12,132,Books,3,123.6,26.33,18.14,1.88,190.74,Cash,Cancelled,South
2506,161,2025-06-25,169,Electronics,1,100.11,48.2,28.12,5.51,100.92,UPI,Completed,North
2507,260,2025-07-24,245,Books,5,160.49,40.97,6.38,5.51,,Cash,Cancelled,South
2508,1016,2026-03-27,205,Books,2,273.23,49.81,5.14,11.45,158.48,Card,Returned,West
2509,992,2026-04-28,257,Books,3,169.44,45.01,16.43,9.93,731.67,Cash,Pending,South
2510,84,2026-04-20,210,Electronics,1,216.86,15.9,19.86,2.7,57.18,Card,Returned,East
2511,151,2026-05-15,278,Books,4,166.14,48.26,29.42,12.37,88.45,Cash,Cancelled,North
2512,381,2025-08-06,100,Electronics,2,106.93,48.96,21.6,9.04,-23.63,Card,Cancelled,West
2513,696,2026-03-19,255,Home,1,283.83,31.59,15.45,5.51,531.48,Cash,Returned,South
2514,960,2025-08-21,241,Electronics,2,77.66,29.81,8.42,9.96,194.89,UPI,Completed,East
2514,960,2025-08-21,241,Electronics,2,77.66,29.81,8.42,9.96,194.89,UPI,Completed,East
2516,356,2025-09-04,215,Books,4,297.66,15.13,23.83,10.79,730.72,UPI,Completed,West
2517,216,2025-04-05,145,Electronics,3,25.6,30.16,26.44,15.39,877.35,Cash,Cancelled,West
2518,94,2025-10-23,214,Home,3,295.01,18.86,25.19,15.44,660.11,Card,Pending,West
2519,353,2025-05-10,208,Books,4,100.25,44.33,2.69,5.0,623.53,UPI,Cancelled,West
2520,87,2026-05-12,184,Books,5,203.64,0.36,16.9,11.53,282.88,UPI,Pending,South
2521,166,2025-07-03,151,Books,3,287.74,47.36,23.35,19.24,112.7,Cash,Pending,East
2522,285,2025-09-21,160,Books,4,60.31,29.64,13.05,3.74,646.86,UPI,Pending,South
2523,483,2025-02-09,250,Books,2,13.22,21.49,16.46,13.1,95.31,UPI,Completed,North
2524,954,2025-11-23,105,Books,1,219.39,0.9,26.79,17.96,496.68,Card,Cancelled,East
2525,45,2025-06-03,200,Home,2,74.0,16.2,4.3,15.31,380.49,UPI,Pending,North
2526,519,2025-02-15,247,Home,3,53.11,12.58,8.14,1.09,178.19,Cash,Completed,North
2527,747,2025-12-20,160,Books,3,48.32,0.87,25.35,1.71,-29.8,Cash,Returned,East
2528,241,2026-04-07,164,Home,2,291.59,36.04,9.13,9.17,118.98,UPI,Completed,West
2529,620,2025-07-24,146,Home,1,93.88,27.13,27.53,17.16,15.8,Cash,Cancelled,East
2530,31,2025-08-21,280,Books,5,51.19,38.72,18.42,9.49,,UPI,Pending,South
2531,927,2025-08-10,200,Electronics,4,145.33,44.43,26.21,14.58,522.48,Cash,Cancelled,West
2532,394,2025-06-14,273,Books,1,270.09,25.89,13.78,6.74,437.61,UPI,Returned,North
2533,533,2025-05-20,174,Books,4,218.37,40.44,21.71,16.31,926.4,Cash,Cancelled,South
2534,555,2026-01-18,154,Books,5,235.72,13.86,22.31,3.43,222.29,Card,Cancelled,South
2535,1012,2025-12-29,209,Books,3,153.65,35.56,13.86,0.52,-34.5,UPI,Cancelled,West
2536,707,2025-09-22,105,Home,3,93.64,41.04,9.03,4.07,730.93,Cash,Cancelled,North
2537,941,2025-11-10,283,Electronics,5,68.32,41.71,11.58,14.49,417.34,Cash,Completed,South
2538,367,2025-05-17,101,Books,2,21.81,41.87,9.09,11.64,444.28,Card,Completed,North
2539,245,2025-11-13,299,Books,5,185.66,46.34,10.95,1.9,874.15,Card,Cancelled,South
2540,453,2025-06-29,291,Books,4,112.83,4.75,16.65,17.63,873.75,UPI,Returned,West
2541,712,2025-03-06,235,Books,2,109.95,28.25,17.53,2.56,208.56,Card,Completed,North
2542,529,2025-09-24,176,Electronics,1,268.28,40.71,20.25,9.85,747.82,Card,Returned,South
2543,547,2025-09-09,188,Home,5,136.96,39.26,17.29,7.22,109.37,Cash,Returned,West
2544,210,2026-01-21,296,Home,5,291.25,36.5,25.54,12.13,499.63,UPI,Cancelled,East
2545,494,2026-05-06,271,Electronics,5,52.77,28.37,1.29,9.21,268.89,UPI,Pending,South
2546,706,2025-08-31,159,Books,2,75.53,28.36,24.5,5.17,601.82,UPI,Cancelled,North
2547,1004,2025-09-02,189,Home,1,279.23,6.61,26.7,12.35,-11.03,UPI,Cancelled,West
2548,268,2025-08-17,131,Home,5,118.83,16.74,14.95,6.14,507.99,Card,Cancelled,South
2549,335,2025-06-04,221,Home,1,279.54,20.99,15.55,5.74,750.12,UPI,Pending,East
2550,731,2026-04-27,155,Books,4,169.29,29.39,10.78,12.29,342.74,Card,Completed,South
2551,655,2025-02-21,232,Books,5,62.91,4.44,8.08,18.59,377.14,UPI,Returned,North
2552,327,2026-05-05,249,Books,1,91.52,9.15,10.78,3.16,-6.99,UPI,Pending,West
2553,936,2025-07-08,234,Books,5,83.26,40.94,12.97,15.92,487.61,UPI,Returned,West
2554,756,2025-08-24,126,Home,4,226.39,38.22,1.06,10.26,209.46,Cash,Completed,South
2555,90,2025-07-03,275,Books,4,263.91,2.01,2.2,12.08,628.69,UPI,Returned,East
2556,701,2025-03-01,186,Books,1,198.7,44.15,28.22,15.48,491.8,Cash,Cancelled,East
2557,762,2025-11-25,259,Electronics,1,143.09,39.35,5.55,14.62,518.94,UPI,Completed,South
2558,671,2025-02-02,115,Home,5,186.85,18.6,27.96,11.06,374.31,Cash,Returned,North
2559,419,2025-10-30,224,Books,5,108.38,1.26,1.3,8.63,678.96,UPI,Returned,West
2560,602,2025-03-18,238,Books,3,218.24,33.07,15.69,9.02,210.23,UPI,Cancelled,South
2561,14,2025-09-24,129,Books,4,174.53,12.31,7.54,4.25,479.99,Cash,Completed,South
2562,858,2025-09-05,236,Books,2,252.04,9.91,20.59,10.89,872.1,Cash,Pending,South
2563,264,2025-02-21,152,Electronics,2,57.95,11.1,17.25,13.23,,Cash,Pending,East
2564,43,2025-08-06,295,Home,3,248.5,28.71,26.65,4.73,474.62,Cash,Returned,South
2565,287,2025-01-22,212,Home,3,26.03,42.28,25.9,0.13,517.75,Cash,Pending,North
2566,880,2025-11-29,216,Home,5,185.08,48.64,26.07,13.89,516.37,Card,Returned,South
2567,479,2025-11-03,115,Electronics,1,125.58,6.84,15.98,6.52,67.08,Card,Completed,East
2568,808,2025-12-11,102,Electronics,1,50.18,2.9,15.13,12.22,640.59,Cash,Returned,East
2569,838,2025-10-04,168,Home,4,112.24,14.44,26.85,15.43,-7.53,UPI,Cancelled,South
2570,650,2025-01-19,292,Home,2,112.55,1.1,12.66,9.45,724.63,Cash,Completed,South
2571,917,2025-01-20,289,Electronics,2,269.81,42.92,6.53,11.21,769.03,UPI,Pending,South
2572,948,2025-07-13,122,Home,5,73.11,14.19,16.65,6.42,508.72,UPI,Completed,East
2573,959,2025-08-22,269,Books,3,119.34,25.05,28.58,13.35,-8.6,Cash,Pending,South
2574,341,2025-03-21,107,Books,4,46.6,30.33,14.42,5.99,777.52,Card,Returned,West
2575,739,2025-06-22,115,Electronics,3,83.55,48.95,2.62,8.26,833.7,UPI,Cancelled,South
2576,954,2025-05-02,144,Home,5,277.99,32.46,20.51,17.7,308.98,Card,Returned,South
2577,223,2025-07-12,187,Electronics,5,199.78,27.37,11.41,3.96,281.15,Card,Completed,West
2578,594,2026-01-21,179,Home,3,23.07,12.07,8.47,12.49,628.69,Cash,Completed,South
2579,25,2025-04-24,133,Home,4,209.62,25.34,14.72,8.84,525.46,Card,Returned,South
2580,185,2025-10-13,277,Electronics,2,5.65,24.09,27.97,1.93,517.49,Card,Returned,North
2581,462,2025-06-24,110,Home,3,228.52,0.62,1.14,14.0,,UPI,Returned,South
2582,1008,2025-07-07,298,Books,1,70.64,28.1,8.77,15.08,999.81,Cash,Returned,North
2583,414,2025-05-26,222,Electronics,1,292.92,3.01,7.94,7.79,386.57,UPI,Pending,East
2584,764,2025-11-16,167,Electronics,2,299.56,27.49,7.25,7.65,394.98,UPI,Pending,West
2585,93,2025-03-11,285,Books,4,20.85,17.99,22.1,7.6,694.99,UPI,Cancelled,North
2586,21,2026-01-03,237,Electronics,4,237.67,30.41,28.71,15.21,210.22,Cash,Completed,North
2587,959,2026-03-02,146,Books,3,109.79,36.83,4.98,7.96,827.0,UPI,Returned,South
2588,779,2025-10-09,269,Home,2,281.6,35.55,1.14,13.68,967.74,Card,Pending,South
2589,101,2025-12-18,102,Home,3,280.96,20.87,13.67,11.45,816.58,Card,Cancelled,North
2589,101,2025-12-18,102,Home,3,280.96,20.87,13.67,11.45,816.58,Card,Cancelled,North
2591,807,2026-04-28,192,Books,5,121.12,6.07,18.33,17.04,111.54,Card,Cancelled,North
2592,941,2025-10-02,166,Home,1,126.53,38.02,23.66,16.61,18.97,Card,Returned,North
2593,766,2025-07-20,150,Electronics,4,238.91,48.62,21.08,4.25,566.09,UPI,Completed,East
2594,232,2025-05-07,236,Electronics,3,33.22,13.34,22.64,8.11,376.07,Card,Pending,South
2595,109,2025-06-01,193,Books,4,38.07,12.45,4.0,17.96,597.28,Card,Pending,South
2596,466,2025-02-18,208,Electronics,1,19.26,13.07,24.75,7.01,283.63,UPI,Completed,North
2597,429,2025-02-24,268,Books,5,207.91,43.86,16.15,14.7,747.21,Cash,Pending,South
2598,231,2025-03-19,266,Home,5,39.03,31.22,28.46,14.07,481.43,UPI,Returned,South
2599,120,2025-10-26,276,Electronics,4,69.28,10.06,4.8,7.72,526.59,UPI,Completed,South
2600,517,2025-05-09,252,Books,3,251.54,21.57,25.77,5.9,905.78,Card,Completed,East
2601,197,2025-11-08,163,Electronics,4,136.36,37.96,7.57,16.84,383.6,Card,Pending,South
2602,768,2025-03-11,142,Electronics,2,65.86,25.18,9.75,14.04,181.45,Cash,Returned,South
2603,148,2025-02-08,169,Books,4,130.49,28.24,27.15,11.67,735.02,Cash,Returned,West
2604,595,2025-01-21,252,Home,3,147.4,13.24,9.7,18.83,839.32,UPI,Pending,South
2605,147,2025-09-30,103,Books,2,167.55,27.34,22.87,9.18,922.84,Card,Pending,South
2606,62,2025-12-30,279,Electronics,5,111.33,3.4,12.55,1.79,335.45,Card,Completed,North
2607,489,2025-04-14,198,Electronics,5,178.36,23.8,11.12,9.43,326.47,Cash,Returned,North
2608,159,2025-11-01,222,Home,4,232.55,42.51,8.37,16.13,494.51,Card,Completed,South
2609,804,2025-07-19,236,Books,1,258.62,34.67,14.64,15.58,937.43,Cash,Completed,North
2610,245,2025-07-25,109,Electronics,2,114.02,15.11,27.43,16.25,371.51,UPI,Pending,North
2611,460,2026-05-03,294,Electronics,2,148.47,14.78,10.24,18.18,982.17,Cash,Completed,South
2612,291,2025-03-08,221,Electronics,1,35.5,40.35,1.82,3.12,187.94,UPI,Cancelled,West
2613,391,2026-01-25,107,Books,3,155.83,2.58,19.38,19.88,776.21,UPI,Returned,West
2614,793,2025-02-07,262,Books,4,136.03,27.09,17.71,13.84,85.8,Card,Pending,East
2615,630,2025-02-19,174,Books,1,156.59,32.27,17.87,19.47,863.4,Cash,Completed,North
2616,952,2025-08-15,295,Electronics,5,76.83,8.3,27.13,6.41,600.25,UPI,Pending,East
2617,1001,2025-11-25,184,Home,1,257.84,0.04,2.46,10.27,622.09,Card,Cancelled,West
2618,567,2025-12-11,147,Electronics,2,256.68,5.61,13.61,4.73,285.26,Card,Completed,East
2619,16,2025-11-14,234,Electronics,2,40.49,46.45,22.3,2.88,343.9,UPI,Pending,North
2620,63,2025-09-19,160,Home,5,178.07,24.32,18.84,1.5,606.41,Card,Pending,East
2621,985,2025-12-20,200,Books,4,262.55,47.41,19.36,8.37,366.44,Card,Cancelled,South
2622,458,2026-01-25,202,Electronics,4,255.33,20.02,7.87,1.25,699.69,UPI,Pending,West
2623,384,2026-02-01,145,Books,2,108.02,10.84,4.53,13.62,379.13,Card,Pending,North
2624,424,2025-04-11,121,Books,5,108.49,2.37,23.1,1.58,537.46,Cash,Pending,West
2625,1019,2025-06-06,167,Home,5,234.97,44.68,17.71,8.46,96.33,UPI,Returned,North
2626,797,2026-02-26,237,Electronics,1,205.25,41.54,2.02,3.07,,Cash,Pending,North
2627,726,2025-05-05,116,Home,3,85.27,11.18,15.17,12.31,77.39,Card,Completed,North
2628,966,2025-04-30,123,Books,1,166.4,6.54,20.09,13.33,363.81,UPI,Returned,West
2629,778,2025-04-23,109,Home,1,158.44,24.52,6.4,3.51,5.24,Card,Cancelled,North
2630,1000,2025-11-05,229,Books,4,294.72,43.38,25.0,8.31,627.01,UPI,Pending,North
2631,1020,2025-08-21,140,Home,5,33.62,15.5,3.99,19.9,,Cash,Pending,South
2632,978,2025-12-05,284,Books,5,266.58,44.39,4.93,14.61,606.87,Cash,Returned,South
2633,313,2025-08-17,239,Home,2,176.38,2.24,15.76,5.87,3.82,UPI,Returned,West
2634,351,2025-05-24,242,Books,3,222.69,4.85,27.46,4.33,-18.86,UPI,Completed,East
2635,960,2026-03-27,160,Books,4,21.03,26.69,19.4,3.26,123.45,Card,Returned,West
2636,188,2026-05-03,268,Home,1,267.57,44.3,29.2,10.15,495.69,UPI,Returned,West
2637,316,2025-10-02,274,Electronics,3,240.05,40.35,18.82,8.63,12.74,Cash,Pending,East
2638,314,2025-02-20,255,Books,2,148.77,38.69,23.15,10.16,689.54,UPI,Returned,South
2639,368,2025-06-11,282,Books,5,98.0,1.17,29.73,13.25,388.71,UPI,Pending,East
2640,535,2025-02-15,181,Home,1,132.08,10.1,16.97,14.94,720.59,UPI,Cancelled,East
2641,836,2026-01-16,122,Electronics,2,240.6,49.33,10.24,2.83,,UPI,Returned,South
2642,29,2025-06-20,229,Home,1,225.41,46.41,28.75,12.95,807.94,Cash,Cancelled,West
2643,931,2025-08-24,262,Electronics,5,123.97,37.03,12.99,17.13,467.88,UPI,Returned,West
2644,62,2025-01-09,199,Home,5,27.0,16.38,11.74,2.51,158.26,Cash,Returned,East
2645,681,2026-05-05,255,Books,2,168.03,38.61,14.18,15.21,635.75,UPI,Cancelled,East
2646,613,2025-08-01,289,Books,2,143.2,24.82,12.51,5.37,709.41,Card,Cancelled,South
2647,430,2025-01-01,234,Home,2,256.23,26.66,29.42,13.72,150.98,Cash,Cancelled,West
2648,913,2025-11-11,157,Books,5,272.26,2.87,19.74,0.17,627.96,Cash,Cancelled,North
2649,41,2025-04-12,100,Home,3,157.99,35.02,21.17,14.6,966.96,Card,Completed,South
2650,375,2025-04-16,121,Books,4,289.38,29.45,16.35,10.61,647.47,Card,Pending,South
2651,82,2025-06-01,273,Electronics,2,172.18,40.2,22.26,8.72,70.7,Card,Returned,East
2652,136,2026-04-11,110,Electronics,2,142.27,34.95,20.85,16.81,,Cash,Completed,South
2653,913,2026-02-26,103,Home,3,136.96,34.41,26.02,10.89,923.74,UPI,Completed,West
2654,269,2026-01-22,217,Home,4,169.85,18.43,13.11,1.0,775.83,Cash,Completed,West
2655,744,2025-02-24,199,Books,4,130.22,19.96,5.5,19.13,770.38,Cash,Pending,North
2656,855,2025-03-18,183,Electronics,1,224.21,12.39,4.25,14.46,661.36,UPI,Completed,West
2657,593,2025-10-24,181,Home,4,164.37,4.28,18.15,6.0,664.0,Card,Cancelled,North
2658,22,2025-05-21,154,Home,4,63.78,20.41,20.6,12.52,152.87,Card,Pending,North
2659,690,2025-08-25,108,Electronics,3,114.77,46.08,14.29,7.82,198.44,Card,Cancelled,East
2660,571,2025-03-13,191,Home,3,92.01,7.03,16.31,15.37,758.68,Card,Completed,North
2661,660,2025-09-13,193,Home,3,271.86,41.16,12.51,1.93,296.59,UPI,Completed,North
2662,369,2026-03-11,138,Home,4,47.94,36.87,16.88,6.77,460.71,Card,Returned,North
2663,1018,2026-05-01,244,Electronics,1,55.65,3.24,12.25,5.25,322.39,UPI,Returned,East
2664,779,2026-05-06,147,Books,4,181.1,23.75,23.85,18.6,584.2,UPI,Returned,North
2665,26,2025-08-12,216,Home,5,276.05,2.34,9.78,11.64,726.07,Cash,Pending,West
2666,895,2025-07-05,164,Electronics,1,273.45,35.65,22.72,14.62,197.48,Cash,Returned,West
2667,152,2025-10-12,265,Books,2,113.93,7.52,27.28,7.47,810.85,Cash,Returned,South
2668,425,2025-11-27,177,Electronics,2,118.14,37.04,17.09,1.21,300.06,Card,Returned,West
2669,907,2025-10-25,160,Books,4,64.4,48.31,10.82,15.35,960.03,UPI,Returned,West
2670,279,2025-05-26,265,Books,2,209.48,21.4,21.8,8.45,103.33,UPI,Pending,East
2671,749,2025-03-03,158,Books,2,247.54,5.67,24.58,7.46,572.46,Card,Completed,North
2672,56,2025-08-22,137,Home,5,93.6,0.14,15.84,16.7,,Card,Pending,West
2673,114,2026-01-09,144,Electronics,2,46.05,16.84,24.74,6.17,937.96,Cash,Pending,East
2674,8,2025-10-10,183,Electronics,3,9.42,28.48,12.0,18.49,-44.53,Cash,Returned,South
2675,418,2025-03-30,199,Electronics,2,107.19,27.16,21.12,11.36,642.37,Card,Cancelled,West
2676,478,2025-03-28,220,Books,2,133.87,12.81,21.88,0.11,442.13,Card,Returned,North
2677,615,2025-02-19,129,Books,4,290.52,44.72,2.04,0.29,239.82,Cash,Pending,South
2678,822,2025-10-03,211,Electronics,1,200.87,15.58,17.62,4.02,21.6,Card,Completed,West
2679,543,2026-02-18,145,Books,2,21.48,49.83,10.98,12.84,211.96,UPI,Completed,West
2680,712,2026-04-07,268,Electronics,4,216.54,6.8,17.28,10.18,995.64,Card,Pending,West
2681,339,2025-03-02,296,Home,5,257.48,1.19,8.6,17.74,520.07,Card,Pending,North
2682,423,2026-02-25,235,Books,4,35.09,28.6,14.92,12.73,939.96,Card,Cancelled,South
2683,401,2025-08-27,158,Books,5,257.86,26.01,18.09,17.13,,Card,Completed,West
2684,291,2026-04-21,277,Electronics,3,179.84,12.48,2.69,9.99,898.37,UPI,Completed,South
2685,348,2025-10-26,114,Electronics,3,169.11,30.46,14.32,4.84,277.02,Cash,Cancelled,South
2686,539,2025-08-25,197,Electronics,4,231.09,3.93,11.1,3.97,90.55,Card,Pending,East
2687,762,2025-07-09,127,Home,3,22.06,28.13,11.54,2.95,464.85,Cash,Cancelled,East
2688,279,2025-08-24,269,Books,3,275.89,23.05,8.78,13.85,299.04,Card,Cancelled,West
2689,336,2025-06-10,180,Home,5,49.16,11.84,9.97,8.0,58.83,Cash,Completed,East
2690,552,2025-08-13,246,Electronics,2,113.03,18.1,21.01,4.28,,Card,Pending,East
2691,771,2025-12-16,203,Books,2,290.42,11.86,28.61,1.63,742.21,Cash,Pending,South
2692,504,2025-08-04,300,Electronics,1,84.8,35.13,12.41,18.98,169.84,UPI,Pending,South
2693,10,2025-02-21,120,Books,5,69.64,36.74,15.15,2.94,786.26,UPI,Cancelled,North
2694,350,2025-04-02,129,Home,1,175.7,48.97,24.41,10.66,571.42,Card,Pending,West
2695,423,2025-12-24,279,Electronics,2,120.44,2.99,15.23,14.16,766.12,Cash,Returned,North
2696,163,2025-10-10,284,Books,1,23.2,27.97,15.42,13.14,122.28,UPI,Pending,North
2697,794,2026-04-30,222,Electronics,2,154.07,20.91,6.42,19.13,594.8,Card,Completed,North
2698,563,2025-01-07,267,Home,1,57.03,38.3,24.3,18.72,331.94,Cash,Pending,East
2699,680,2026-01-05,136,Home,4,23.48,26.23,4.98,9.61,782.52,UPI,Pending,North
2700,210,2025-01-04,129,Books,3,282.44,24.34,15.98,9.81,818.55,UPI,Completed,East
2701,998,2025-04-13,191,Books,1,295.62,35.51,28.61,15.85,482.36,Card,Pending,West
2702,1001,2026-02-21,123,Home,2,186.46,45.08,8.54,11.33,818.66,Card,Returned,East
2703,708,2025-12-02,254,Books,4,283.83,7.54,4.25,4.79,365.71,Cash,Completed,East
2704,655,2026-04-13,192,Electronics,5,271.89,35.44,21.75,5.64,932.28,Card,Completed,South
2705,912,2025-07-25,182,Home,5,124.23,48.16,13.84,9.81,345.72,UPI,Completed,South
2706,691,2025-03-25,275,Books,4,255.39,25.37,16.44,2.41,431.82,UPI,Completed,East
2707,492,2025-04-16,247,Books,3,39.65,0.19,18.55,18.27,405.25,UPI,Pending,East
2708,716,2026-01-16,130,Electronics,2,98.56,24.72,9.01,17.13,630.81,Cash,Completed,North
2709,559,2025-10-17,191,Home,4,26.41,17.57,7.94,14.61,-22.77,UPI,Completed,South
2710,335,2025-08-01,129,Home,3,218.75,36.77,16.22,5.49,196.11,Cash,Returned,East
2711,548,2025-01-07,240,Books,5,287.3,5.55,27.47,16.68,500.99,Cash,Returned,West
2712,1008,2025-06-21,177,Books,2,85.21,7.94,11.04,10.76,,UPI,Pending,West
2713,848,2025-04-13,188,Books,4,204.39,7.89,6.63,11.58,1.02,Cash,Cancelled,West
2714,483,2025-10-11,246,Home,5,63.11,8.79,6.02,1.94,147.8,UPI,Returned,South
2715,179,2025-03-10,209,Electronics,2,144.91,44.94,20.1,4.95,44.66,Cash,Cancelled,West
2716,960,2025-05-01,114,Home,3,81.91,19.61,17.52,18.89,168.18,Cash,Pending,North
2717,429,2025-11-08,131,Home,3,110.63,39.19,19.75,16.84,927.97,UPI,Cancelled,East
2718,767,2025-04-09,277,Books,5,176.26,28.9,10.22,5.21,,Cash,Returned,West
2719,704,2025-04-11,294,Books,3,113.21,14.98,12.88,5.87,212.87,Cash,Pending,North
2720,497,2025-04-17,143,Books,5,280.19,26.06,7.59,2.96,463.31,UPI,Pending,West
2721,263,2025-06-23,165,Books,4,243.14,24.29,1.06,15.28,554.95,UPI,Returned,East
2722,103,2025-08-26,281,Books,2,141.55,15.34,27.12,2.46,278.66,Card,Pending,East
2723,277,2025-09-07,203,Home,5,246.26,45.71,15.0,1.44,,UPI,Completed,South
2724,421,2026-02-18,181,Electronics,5,61.62,0.02,19.27,13.11,119.83,UPI,Returned,North
2725,88,2025-02-23,274,Home,2,7.56,42.01,13.29,6.96,540.56,UPI,Completed,East
2726,226,2025-09-14,280,Home,5,214.14,40.26,3.94,7.75,,UPI,Cancelled,West
2727,660,2025-02-28,122,Home,1,287.07,11.14,4.47,5.82,542.06,Card,Pending,West
2728,84,2026-03-19,287,Electronics,3,180.37,13.63,24.74,11.99,511.12,Cash,Cancelled,North
2729,795,2026-02-20,293,Books,1,58.35,37.99,11.51,12.51,231.29,Cash,Completed,South
2730,225,2025-03-11,233,Electronics,4,141.29,9.36,4.01,17.47,74.13,UPI,Returned,North
2731,310,2026-04-19,269,Home,2,159.94,20.59,1.92,6.55,-25.97,Card,Cancelled,West
2731,310,2026-04-19,269,Home,2,159.94,20.59,1.92,6.55,-25.97,Card,Cancelled,West
2733,510,2025-08-24,209,Home,4,15.04,12.2,24.99,1.88,213.91,Cash,Cancelled,East
2734,13,2025-04-25,107,Home,3,299.84,13.11,3.22,6.57,680.91,Card,Cancelled,South
2735,2,2025-11-26,108,Electronics,2,276.0,37.84,26.24,1.0,106.91,Cash,Completed,North
2736,520,2025-07-21,174,Home,5,280.9,37.64,14.5,2.77,33.07,Card,Completed,South
2737,140,2026-03-07,140,Electronics,5,149.83,47.04,22.67,5.98,467.9,Cash,Pending,South
2737,140,2026-03-07,140,Electronics,5,149.83,47.04,22.67,5.98,467.9,Cash,Pending,South
2739,280,2025-03-06,221,Home,1,248.22,19.95,29.84,9.01,452.02,UPI,Completed,South
2740,865,2025-04-17,102,Electronics,2,290.71,30.26,29.85,10.29,295.14,Card,Pending,South
2741,408,2025-01-09,113,Home,1,20.02,25.13,27.13,1.38,546.6,Card,Returned,East
2742,697,2025-03-26,227,Electronics,4,218.97,31.4,17.68,4.11,661.88,Card,Completed,East
2743,891,2025-10-06,223,Home,2,86.93,42.82,17.39,4.4,504.8,UPI,Cancelled,North
2744,960,2025-11-17,101,Books,4,257.3,28.74,10.88,19.81,208.71,Card,Cancelled,West
2745,305,2026-03-19,230,Books,5,29.55,23.4,6.78,4.39,202.75,Cash,Completed,North
2746,337,2026-04-05,284,Home,5,199.62,36.49,29.48,18.78,655.61,UPI,Pending,West
2747,418,2025-04-26,282,Books,4,132.94,6.14,21.42,16.07,410.88,Card,Pending,South
2748,507,2025-05-22,117,Home,1,234.95,3.9,18.66,18.81,68.38,Cash,Pending,West
2749,588,2025-06-25,204,Home,2,183.35,49.41,2.73,11.22,850.59,Card,Pending,South
2750,988,2025-09-01,209,Electronics,4,17.0,25.7,5.73,6.07,771.82,Card,Returned,South
2751,698,2025-08-03,295,Home,4,238.25,2.93,13.72,10.51,509.01,UPI,Cancelled,North
2752,550,2025-11-24,298,Home,3,75.73,20.65,13.65,16.84,348.46,Card,Completed,West
2752,550,2025-11-24,298,Home,3,75.73,20.65,13.65,16.84,348.46,Card,Completed,West
2754,843,2025-05-18,257,Books,5,97.33,6.25,25.43,11.7,362.89,UPI,Cancelled,South
2755,214,2025-02-02,300,Books,5,116.76,26.18,21.19,1.27,781.48,UPI,Returned,South
2756,903,2025-04-03,114,Books,2,14.44,33.09,29.63,4.86,,Card,Returned,South
2757,796,2026-01-28,238,Electronics,4,172.44,18.98,15.21,2.44,-45.15,Cash,Pending,East
2758,100,2025-03-28,273,Electronics,2,158.7,2.13,28.36,19.73,,UPI,Pending,West
2759,281,2025-02-25,280,Electronics,3,231.99,3.41,13.36,11.74,39.93,UPI,Pending,West
2760,879,2025-05-17,193,Books,2,144.38,14.44,22.74,11.41,495.99,Cash,Completed,East
2761,982,2025-09-30,247,Electronics,1,156.51,25.57,17.0,4.98,397.82,Card,Pending,East
2762,489,2026-02-02,112,Electronics,4,31.03,8.27,16.83,9.45,825.46,Cash,Completed,South
2763,504,2026-01-09,292,Electronics,4,81.97,9.66,14.93,18.25,68.04,Card,Returned,North
2764,22,2025-03-23,227,Home,4,154.03,15.49,11.88,11.43,305.21,UPI,Completed,West
2765,376,2025-04-01,276,Home,3,5.61,6.05,24.42,12.87,,UPI,Returned,North
2766,81,2025-02-09,115,Books,3,282.85,46.24,9.73,11.98,367.83,Cash,Pending,South
2767,487,2025-02-16,225,Electronics,3,44.08,48.66,29.37,12.74,-42.35,UPI,Cancelled,North
2768,822,2026-04-23,111,Home,5,76.31,19.28,20.07,18.71,690.6,Card,Returned,North
2769,808,2025-10-03,144,Electronics,3,292.45,30.48,27.89,6.77,921.25,UPI,Cancelled,East
2770,702,2025-11-28,167,Books,3,235.31,19.85,11.04,17.16,859.71,Cash,Cancelled,North
2771,341,2025-12-10,137,Books,4,217.88,35.27,10.14,14.47,641.58,UPI,Pending,North
2772,249,2026-05-04,110,Books,5,125.95,6.43,19.33,17.64,938.57,UPI,Completed,North
2773,687,2025-10-23,194,Electronics,2,33.23,23.73,12.34,7.33,143.21,Cash,Completed,East
2774,882,2025-06-25,146,Books,5,281.2,49.87,28.28,9.06,373.58,Cash,Completed,North
2775,200,2025-10-19,109,Electronics,1,150.96,44.67,21.31,14.1,476.72,Cash,Cancelled,East
2776,434,2025-03-20,299,Home,5,189.2,34.02,6.33,12.4,-8.27,UPI,Pending,West
2777,789,2026-05-16,260,Books,1,159.47,32.55,24.41,13.63,716.86,UPI,Completed,East
2778,189,2025-05-01,178,Home,1,192.42,48.85,20.7,9.3,629.64,Cash,Cancelled,South
2779,971,2025-03-08,111,Books,2,131.14,46.48,8.53,18.96,204.97,Cash,Returned,East
2780,276,2025-01-13,285,Electronics,5,30.77,23.23,21.49,13.25,-34.96,Cash,Pending,East
2781,656,2026-03-22,297,Books,5,71.44,22.63,17.39,1.61,200.15,Cash,Pending,South
2782,309,2026-03-08,226,Books,3,193.75,16.87,6.97,3.47,63.5,Cash,Pending,West
2783,858,2026-01-31,185,Electronics,4,178.36,17.52,24.39,17.24,956.82,Cash,Cancelled,West
2784,765,2026-05-12,270,Home,3,224.1,9.44,10.13,16.68,428.09,Cash,Returned,South
2785,556,2026-04-04,251,Electronics,2,133.62,24.99,24.94,18.52,921.99,UPI,Returned,South
2786,759,2025-03-25,172,Electronics,2,161.14,5.68,27.57,1.64,547.07,UPI,Pending,South
2787,977,2025-01-11,260,Home,5,211.27,0.74,10.41,10.73,419.53,Card,Completed,North
2788,741,2026-02-11,123,Home,3,50.39,35.83,27.98,3.78,225.35,UPI,Returned,South
2789,46,2025-09-13,242,Books,4,172.45,43.23,29.86,12.01,535.5,Card,Pending,North
2790,635,2025-12-01,263,Electronics,4,218.52,9.85,27.22,4.13,503.27,UPI,Completed,East
2791,426,2025-01-16,181,Home,5,221.82,19.28,16.65,17.79,,UPI,Returned,North
2792,560,2025-11-09,280,Electronics,2,282.56,49.05,3.05,19.58,,UPI,Cancelled,East
2793,916,2026-02-02,127,Books,5,137.91,16.43,6.38,17.02,702.58,Cash,Completed,East
2794,31,2025-11-21,149,Electronics,4,42.0,4.62,16.65,4.24,961.92,Card,Returned,West
2795,932,2026-03-21,210,Electronics,2,108.82,34.25,27.1,7.37,57.48,UPI,Returned,North
2796,326,2025-09-26,266,Electronics,5,103.84,29.48,18.53,7.94,836.07,UPI,Returned,West
2797,152,2025-02-17,177,Home,3,292.06,46.8,1.08,14.33,-20.01,Card,Returned,East
2798,84,2025-05-29,226,Home,5,66.85,8.53,16.52,7.74,232.85,Cash,Completed,North
2799,983,2026-02-01,106,Electronics,5,70.85,5.68,3.68,5.45,332.88,Card,Cancelled,East
2800,766,2025-03-24,126,Electronics,2,162.06,12.97,13.49,17.78,323.4,Card,Cancelled,West
2801,154,2025-06-11,138,Electronics,4,178.51,1.41,5.29,0.99,442.9,Card,Returned,South
2802,452,2025-09-21,278,Home,5,6.26,9.08,1.52,13.81,644.11,Card,Completed,South
2803,186,2025-02-01,140,Electronics,4,87.19,25.53,28.93,11.25,98.76,UPI,Pending,North
2804,397,2025-10-29,211,Books,4,5.33,7.12,6.24,10.68,58.53,UPI,Returned,East
2805,213,2025-10-03,179,Books,5,194.22,13.81,11.32,9.0,237.15,UPI,Returned,North
2806,831,2025-01-14,265,Home,2,263.17,38.91,26.1,4.84,85.52,Card,Returned,East
2807,439,2026-05-04,288,Home,3,108.42,36.39,19.42,14.73,-14.94,UPI,Pending,East
2808,418,2026-01-04,186,Books,2,242.99,31.59,20.77,12.32,508.73,Cash,Cancelled,East
2809,322,2025-10-20,285,Electronics,3,243.01,3.36,19.37,12.36,935.55,Cash,Pending,East
2810,99,2026-03-31,259,Home,2,231.37,23.86,5.11,14.58,495.49,Card,Pending,North
2811,990,2025-03-04,186,Electronics,2,274.59,0.91,23.01,3.43,248.37,Cash,Completed,West
2812,561,2025-06-23,238,Books,3,159.47,45.37,2.18,14.19,823.81,Card,Cancelled,North
2813,511,2025-01-15,197,Home,4,56.04,14.55,11.67,9.97,565.06,UPI,Returned,North
2814,193,2026-02-22,160,Electronics,4,152.57,11.11,13.76,10.71,530.37,UPI,Cancelled,North
2815,365,2026-02-08,111,Electronics,5,262.46,49.46,6.11,6.88,631.68,Card,Completed,East
2816,362,2026-03-06,154,Electronics,5,183.76,21.4,23.13,18.78,,Cash,Completed,East
2817,218,2025-11-08,214,Home,4,44.9,28.78,27.89,13.69,200.67,Cash,Completed,South
2817,218,2025-11-08,214,Home,4,44.9,28.78,27.89,13.69,200.67,Cash,Completed,South
2819,114,2025-07-13,135,Home,4,23.09,13.87,19.47,9.88,581.21,Card,Cancelled,East
2820,13,2025-06-09,131,Electronics,1,18.92,6.42,15.84,2.16,581.28,Cash,Returned,North
2821,375,2025-07-07,220,Books,4,109.22,34.95,13.25,11.72,590.43,Cash,Completed,West
2822,325,2025-03-15,164,Home,1,88.97,19.91,21.85,2.11,921.33,UPI,Completed,South
2823,512,2025-08-25,238,Books,2,109.05,49.77,29.29,6.75,668.86,Cash,Returned,West
2824,551,2025-02-09,127,Home,2,120.99,11.48,9.47,17.57,248.57,Cash,Returned,East
2825,31,2025-09-29,239,Home,2,161.43,7.2,28.6,8.54,808.37,Cash,Completed,North
2826,915,2025-06-18,118,Electronics,5,119.74,29.72,27.75,7.75,-32.14,UPI,Pending,South
2827,342,2026-01-06,145,Books,4,288.2,26.25,2.76,2.67,193.7,Card,Pending,South
2828,239,2026-01-05,244,Electronics,5,113.78,28.84,9.06,10.98,992.49,Cash,Completed,West
2829,771,2025-09-27,283,Books,1,212.93,42.56,27.52,7.84,699.68,UPI,Pending,West
2830,23,2025-08-07,131,Home,2,192.17,22.2,7.78,12.68,818.2,UPI,Pending,South
2831,384,2025-07-09,195,Home,5,180.66,2.67,4.6,12.8,83.75,Card,Completed,North
2832,494,2025-07-31,229,Electronics,1,98.33,32.88,9.09,14.92,-0.19,UPI,Pending,East
2833,459,2026-04-23,284,Home,4,103.96,13.81,8.09,15.2,491.03,Card,Pending,West
2834,297,2025-10-06,230,Books,4,127.92,14.11,16.6,6.08,264.61,Cash,Pending,East
2835,816,2025-02-14,141,Home,2,277.6,24.46,19.05,10.48,807.82,Cash,Pending,West
2836,197,2025-03-25,297,Books,2,24.38,32.25,6.51,18.68,560.49,UPI,Returned,East
2837,235,2025-07-01,143,Home,3,64.91,11.19,2.14,9.32,68.95,Card,Returned,North
2838,142,2025-08-18,197,Electronics,5,144.5,41.57,10.37,3.32,273.74,UPI,Cancelled,East
2839,137,2025-12-23,218,Books,1,203.44,49.58,7.78,10.88,788.11,UPI,Cancelled,South
2840,659,2025-01-12,124,Home,1,162.3,10.1,27.13,0.47,-25.31,Cash,Completed,West
2841,190,2026-03-14,136,Home,2,184.47,38.65,18.85,2.67,713.97,Cash,Cancelled,East
2842,396,2025-07-25,213,Books,2,250.87,43.65,8.61,7.12,890.77,UPI,Cancelled,South
2843,453,2026-01-28,149,Electronics,1,21.11,29.33,26.04,5.04,462.79,UPI,Returned,North
2844,164,2025-07-03,263,Home,3,116.29,22.53,23.98,19.4,924.19,UPI,Cancelled,South
2845,815,2026-05-09,109,Electronics,3,233.58,49.2,10.3,16.94,11.38,Card,Returned,North
2846,952,2025-10-16,269,Electronics,4,224.77,27.18,30.0,11.37,803.93,UPI,Cancelled,South
2847,953,2025-11-11,202,Electronics,5,49.13,14.24,11.77,12.0,397.43,Cash,Returned,West
2848,832,2025-03-11,209,Books,4,204.03,31.65,20.59,18.53,933.36,Cash,Pending,South
2849,1013,2025-05-05,248,Electronics,5,249.61,38.03,25.53,2.23,,Cash,Returned,East
2850,791,2025-01-30,298,Electronics,4,40.68,24.92,6.19,3.48,238.15,UPI,Cancelled,East
2851,308,2025-09-06,165,Electronics,1,216.54,46.1,2.78,11.8,824.26,Card,Cancelled,West
2852,669,2025-08-19,294,Home,2,27.81,42.98,23.52,9.5,591.38,UPI,Completed,West
2853,947,2025-09-10,177,Books,3,43.81,46.75,11.47,9.13,913.12,Cash,Returned,North
2854,72,2025-10-18,218,Electronics,5,110.9,7.77,21.23,5.15,940.37,Card,Returned,North
2855,599,2026-03-02,124,Home,3,103.24,43.13,13.84,13.79,99.86,UPI,Returned,West
2856,431,2025-08-08,142,Home,4,153.15,42.11,1.33,2.01,439.55,UPI,Cancelled,West
2857,628,2025-07-15,296,Electronics,2,91.65,9.71,4.39,14.87,105.17,UPI,Pending,South
2858,468,2025-07-12,223,Books,2,125.59,17.43,12.06,14.83,-9.45,Cash,Completed,South
2859,632,2025-10-06,265,Electronics,1,276.27,12.37,13.78,1.6,650.06,Card,Completed,North
2860,621,2025-02-11,274,Electronics,1,185.73,16.73,27.24,4.11,749.17,Card,Completed,North
2861,851,2025-06-22,288,Electronics,1,52.18,7.66,26.04,3.11,986.59,Cash,Pending,East
2862,141,2025-01-16,154,Electronics,2,90.98,9.21,13.14,19.79,699.1,Card,Returned,South
2863,75,2025-01-18,114,Home,3,216.76,15.09,29.94,1.87,211.58,Card,Pending,South
2864,554,2025-05-25,232,Home,3,28.26,1.33,14.15,3.67,238.81,UPI,Pending,North
2865,404,2026-02-16,107,Books,4,74.25,47.46,12.28,12.51,417.23,Card,Pending,South
2866,247,2025-07-25,200,Electronics,2,12.72,35.71,11.03,15.43,528.27,Cash,Cancelled,South
2867,416,2025-12-25,149,Electronics,4,150.63,17.32,8.02,3.87,886.23,UPI,Pending,West
2868,593,2025-08-05,253,Books,2,124.08,36.25,3.16,4.15,53.97,Cash,Completed,East
2869,909,2025-11-22,112,Books,3,205.62,28.73,2.02,0.09,658.77,UPI,Pending,North
2870,401,2025-05-17,115,Home,5,203.55,22.59,21.11,6.97,389.27,Card,Pending,East
2871,769,2025-06-07,284,Electronics,4,247.41,31.99,12.01,15.58,576.17,Cash,Cancelled,West
2872,850,2025-11-29,139,Home,3,215.87,30.53,5.21,18.33,122.3,Cash,Completed,East
2873,398,2026-03-04,116,Home,4,239.09,9.37,15.87,18.55,768.2,UPI,Returned,West
2874,311,2025-04-15,231,Electronics,4,41.7,5.52,25.99,15.52,572.18,UPI,Returned,South
2875,464,2025-10-11,205,Books,2,244.81,44.08,6.06,9.09,964.48,UPI,Cancelled,East
2876,537,2026-03-25,184,Books,1,67.49,16.79,11.92,4.57,819.0,UPI,Pending,South
2877,156,2025-02-20,162,Home,2,116.52,6.49,13.99,19.55,529.27,Cash,Cancelled,East
2878,493,2025-06-26,183,Electronics,3,182.01,6.99,21.82,18.4,433.35,Card,Pending,North
2879,622,2025-09-11,173,Books,3,233.84,49.24,29.4,17.46,514.34,Card,Pending,South
2880,274,2025-06-04,113,Electronics,2,77.75,45.22,25.42,7.88,734.34,UPI,Pending,North
2881,640,2026-04-17,247,Books,4,75.18,47.59,21.74,13.0,725.28,Cash,Returned,North
2882,16,2026-05-11,172,Home,5,24.38,16.04,27.22,2.98,410.89,UPI,Completed,West
2883,43,2025-08-31,231,Home,5,210.22,16.91,25.2,1.75,185.28,UPI,Cancelled,West
2884,977,2026-04-15,170,Electronics,2,128.66,35.1,16.83,17.25,194.11,Card,Returned,North
2885,291,2025-12-12,235,Home,3,54.92,25.55,1.23,10.49,24.44,Card,Completed,North
2886,1019,2025-09-21,272,Home,1,109.13,17.81,21.12,3.55,458.56,Card,Completed,North
2887,636,2026-04-13,111,Books,1,12.1,26.9,17.34,11.45,-20.92,Cash,Returned,South
2888,999,2026-01-17,192,Electronics,1,76.0,31.07,28.28,2.8,842.78,Card,Returned,East
2889,544,2025-10-29,182,Home,4,89.96,19.76,11.98,17.09,173.86,Cash,Pending,North
2890,501,2025-03-17,294,Home,4,185.22,23.61,28.02,11.16,968.8,Card,Pending,West
2891,723,2025-06-03,238,Electronics,1,130.11,21.34,1.55,6.69,255.56,Cash,Pending,South
2892,392,2026-02-17,289,Books,5,210.6,34.03,25.2,13.54,370.73,Card,Pending,East
2893,234,2025-08-10,230,Home,2,290.73,5.04,29.6,17.47,163.2,UPI,Pending,North
2894,321,2025-07-25,287,Electronics,1,89.21,6.25,8.55,14.39,421.5,Cash,Returned,West
2895,415,2025-11-11,133,Electronics,4,145.07,47.91,27.83,2.01,744.2,Card,Pending,West
2896,725,2026-02-19,131,Books,5,169.49,46.64,20.37,18.79,,Cash,Cancelled,East
2897,686,2025-06-24,249,Electronics,4,64.16,3.82,9.33,10.79,856.97,Cash,Completed,East
2898,457,2025-12-30,149,Electronics,1,215.82,40.97,3.93,13.72,46.43,Card,Returned,South
2899,118,2025-12-29,116,Home,4,12.32,47.14,20.5,12.4,785.2,Card,Completed,North
2900,168,2025-05-08,118,Home,1,258.75,6.59,7.45,9.03,124.27,Card,Returned,East
2901,650,2026-01-04,266,Books,5,100.58,38.66,4.67,0.63,,UPI,Returned,East
2902,729,2026-03-24,253,Home,4,62.18,46.8,25.32,2.18,354.57,Cash,Cancelled,North
2903,2,2025-07-30,181,Home,2,194.05,21.48,26.66,13.37,694.98,Cash,Pending,East
2904,941,2025-07-23,263,Home,5,166.49,49.68,13.39,14.49,897.74,UPI,Completed,West
2905,983,2026-05-03,282,Electronics,3,137.09,2.33,9.37,6.18,248.46,Card,Pending,North
2906,304,2026-02-06,115,Electronics,2,73.25,41.53,27.33,4.81,923.12,Card,Returned,South
2907,886,2025-04-21,100,Books,4,177.91,11.95,27.75,4.73,624.6,Card,Returned,South
2908,178,2025-04-08,282,Home,5,292.23,1.98,17.21,19.34,479.63,UPI,Returned,East
2909,592,2025-01-14,226,Home,1,263.55,2.33,5.67,6.35,898.91,UPI,Returned,South
2910,153,2025-03-08,164,Books,1,146.4,12.67,27.1,19.59,284.23,Card,Cancelled,West
2911,470,2025-03-11,156,Home,5,82.08,25.24,26.24,7.62,503.77,UPI,Pending,West
2912,319,2025-04-11,259,Books,2,100.15,32.85,3.53,2.7,888.79,UPI,Returned,North
2913,768,2025-03-09,209,Electronics,1,244.26,41.39,20.71,10.08,994.42,Card,Completed,East
2913,768,2025-03-09,209,Electronics,1,244.26,41.39,20.71,10.08,994.42,Card,Completed,East
2915,111,2026-01-27,143,Books,5,27.41,19.73,23.61,11.22,163.6,Cash,Pending,West
2916,193,2025-06-29,149,Electronics,1,163.39,13.75,18.42,18.46,374.65,Cash,Completed,North
2917,1013,2025-09-13,183,Books,4,185.4,1.61,25.82,15.49,374.12,UPI,Cancelled,West
2918,864,2025-02-17,190,Home,3,127.98,35.13,16.37,0.26,452.75,Cash,Completed,North
2919,581,2025-01-18,135,Home,4,203.98,41.11,15.85,15.65,936.17,Card,Completed,North
2920,886,2025-12-01,261,Electronics,5,98.76,43.86,11.92,8.27,-25.61,Card,Completed,North
2921,40,2025-12-23,219,Books,1,225.75,14.93,7.19,0.0,639.05,Card,Cancelled,South
2922,727,2025-12-07,161,Electronics,4,150.01,11.71,22.44,7.87,786.55,Card,Pending,West
2923,472,2025-06-26,227,Home,1,166.55,41.71,8.94,7.85,619.89,Cash,Pending,North
2924,858,2025-11-13,236,Electronics,2,235.21,44.76,3.57,6.53,289.68,Card,Completed,West
2925,839,2026-04-23,138,Home,4,285.57,33.86,3.13,15.09,686.11,Cash,Completed,West
2926,218,2026-04-12,127,Electronics,1,228.81,18.94,10.25,8.12,136.34,Cash,Cancelled,East
2927,77,2025-05-21,293,Electronics,2,206.37,22.35,12.83,7.29,408.58,UPI,Returned,North
2928,851,2026-01-30,256,Electronics,3,292.17,21.72,18.66,4.79,910.43,UPI,Completed,North
2929,378,2025-07-13,213,Books,4,82.42,48.97,16.36,10.51,212.8,Card,Pending,South
2930,513,2026-03-20,102,Electronics,3,233.17,5.15,1.3,8.19,500.63,UPI,Completed,North
2931,703,2025-06-27,265,Home,5,286.09,10.77,10.88,12.49,839.06,UPI,Returned,West
2932,775,2025-07-01,264,Home,2,240.13,26.65,28.49,10.15,11.26,Cash,Cancelled,East
2933,905,2025-02-04,217,Home,2,104.65,13.25,3.41,16.48,44.96,Card,Completed,East
2934,919,2025-11-11,254,Books,4,178.49,21.64,15.44,8.0,117.19,Cash,Cancelled,South
2935,143,2025-09-05,217,Home,4,218.22,18.69,26.6,4.89,694.92,Card,Pending,South
2936,1008,2026-05-08,268,Electronics,1,154.94,19.52,29.82,15.72,241.15,Card,Cancelled,West
2937,83,2025-10-24,200,Electronics,3,36.76,37.83,3.95,8.42,562.47,Card,Returned,North
2938,800,2025-01-11,241,Books,2,80.83,47.45,27.26,14.91,867.3,Card,Returned,South
2939,630,2025-05-18,289,Electronics,3,30.52,7.66,22.36,14.26,968.29,Card,Cancelled,North
2940,327,2026-01-01,254,Electronics,3,275.23,28.47,2.95,19.51,790.13,UPI,Returned,West
2941,110,2025-12-24,182,Electronics,5,233.19,48.46,9.09,1.8,28.52,UPI,Returned,East
2942,894,2026-04-22,265,Electronics,1,186.06,14.04,20.87,3.44,904.71,Cash,Returned,South
2943,336,2025-02-04,181,Home,2,209.57,33.99,26.57,6.86,,UPI,Completed,South
2944,318,2025-11-30,175,Home,2,16.58,46.11,13.46,3.93,,Card,Completed,North
2945,518,2025-11-07,257,Books,2,163.15,9.34,16.16,9.51,14.38,Cash,Returned,South
2946,888,2025-03-01,136,Books,2,290.37,11.17,5.44,1.89,944.33,Card,Pending,East
2947,657,2026-04-26,188,Home,4,71.78,23.02,20.5,15.37,520.38,Card,Cancelled,North
2948,641,2026-04-14,180,Home,3,298.34,16.17,4.43,4.35,780.55,Cash,Cancelled,East
2949,20,2025-05-19,180,Home,4,264.58,35.05,18.14,6.7,514.45,UPI,Cancelled,South
2950,485,2026-04-04,121,Home,4,162.21,41.66,14.79,7.95,678.47,Cash,Cancelled,West
2951,301,2025-04-25,253,Home,1,280.09,41.03,13.74,14.31,755.63,Cash,Completed,West
2952,256,2025-08-05,208,Books,3,48.96,4.33,6.32,10.81,154.91,Cash,Completed,West
2953,387,2025-02-15,276,Books,3,194.09,2.76,13.37,19.72,,Cash,Cancelled,East
2954,553,2025-09-06,228,Home,3,73.87,27.65,4.2,18.06,255.81,Card,Returned,East
2955,48,2025-07-17,138,Books,1,100.21,38.54,16.9,1.22,44.17,Card,Completed,South
2956,138,2026-02-24,106,Electronics,5,229.65,46.88,14.02,15.72,,Card,Completed,South
2957,648,2026-01-25,161,Home,4,202.13,0.1,20.75,10.51,978.67,Card,Pending,West
2958,524,2026-02-28,238,Books,2,124.83,18.25,21.55,7.06,590.18,Card,Cancelled,West
2959,945,2025-01-20,287,Books,2,238.16,33.8,19.28,7.58,264.17,UPI,Cancelled,West
2960,427,2026-01-18,242,Electronics,4,55.62,34.76,7.33,11.95,780.95,Cash,Returned,West
2961,926,2025-07-24,226,Home,1,116.98,23.25,22.24,3.19,151.45,Cash,Completed,West
2962,695,2026-01-16,300,Electronics,5,14.15,35.05,8.46,10.47,401.2,Card,Completed,South
2963,955,2026-01-15,235,Electronics,3,120.88,0.62,12.41,9.09,242.88,Cash,Pending,East
2964,210,2025-02-01,136,Home,4,94.89,7.17,3.38,6.46,879.21,Cash,Completed,South
2965,961,2025-06-02,282,Home,5,275.87,40.15,7.05,19.58,115.22,UPI,Returned,West
2966,583,2025-09-19,246,Books,4,265.12,14.4,20.11,3.63,342.37,Cash,Completed,East
2967,569,2025-10-02,200,Home,2,197.55,49.18,14.58,3.15,990.76,UPI,Returned,South
2968,872,2025-01-07,222,Electronics,4,29.0,47.52,14.03,2.8,975.26,Cash,Returned,West
2969,690,2026-04-17,188,Home,3,258.45,17.79,5.16,10.31,686.06,UPI,Returned,West
2970,318,2026-02-27,253,Books,5,151.19,32.79,1.22,7.03,992.78,Cash,Returned,East
2971,949,2026-05-02,299,Electronics,2,186.67,6.22,14.21,16.66,679.63,Card,Pending,North
2972,440,2026-01-16,242,Books,2,275.1,41.82,5.19,12.23,954.56,Cash,Returned,East
2973,17,2025-07-26,285,Home,3,221.28,29.31,2.55,12.24,-43.17,Card,Returned,East
2974,252,2026-03-02,192,Home,5,214.09,40.9,23.86,13.75,625.98,Card,Cancelled,East
2975,209,2025-11-02,178,Electronics,5,93.16,5.77,15.04,1.96,641.34,Card,Cancelled,West
2976,306,2025-05-23,221,Home,1,220.83,3.35,22.55,13.84,701.7,Card,Cancelled,North
2977,235,2025-03-15,141,Electronics,3,193.06,27.28,4.34,13.22,216.04,UPI,Returned,South
2978,142,2025-08-12,204,Home,1,126.15,28.79,7.58,3.28,,UPI,Pending,West
2979,263,2025-06-10,286,Home,3,22.19,6.12,24.45,19.45,243.56,Card,Pending,South
2980,20,2026-02-19,168,Books,1,104.0,0.7,5.39,1.67,640.76,Card,Pending,South
2981,565,2025-02-26,150,Electronics,5,53.28,37.5,25.59,13.78,408.88,UPI,Returned,South
2982,423,2025-08-26,229,Electronics,2,8.06,1.61,29.5,8.95,,Card,Returned,West
2983,750,2025-05-24,259,Electronics,5,78.04,40.77,29.4,19.24,50.45,UPI,Returned,East
2984,734,2025-06-23,156,Home,2,239.63,20.83,18.07,10.49,315.0,Cash,Pending,West
2985,792,2025-04-16,266,Home,5,7.26,11.95,18.35,13.92,681.41,Card,Pending,North
2986,882,2025-10-28,281,Electronics,5,172.14,9.55,2.19,15.64,620.88,Card,Completed,East
2987,782,2025-09-15,187,Books,4,254.11,29.07,19.17,11.32,581.23,Cash,Cancelled,North
2988,16,2026-04-13,281,Home,2,173.78,22.95,5.44,18.04,636.72,Cash,Returned,South
2989,544,2025-09-03,180,Home,3,149.89,22.14,11.3,17.36,762.0,Cash,Returned,West
2990,945,2026-01-01,176,Electronics,2,65.6,27.75,17.67,3.87,-18.0,Card,Returned,South
2991,277,2025-10-03,260,Home,5,129.38,20.15,14.56,15.07,229.81,Cash,Pending,East
2992,732,2025-11-30,258,Electronics,5,96.35,45.04,16.77,6.0,534.89,Card,Completed,South
2993,690,2025-05-14,233,Electronics,1,231.38,12.43,11.57,17.93,451.99,Cash,Completed,North
2994,649,2025-02-14,155,Electronics,2,24.62,34.69,27.07,5.41,166.75,UPI,Returned,West
2995,903,2026-02-01,172,Home,4,114.1,17.63,19.86,5.76,782.83,Cash,Pending,West
2996,224,2026-05-04,223,Home,1,252.89,25.49,10.12,14.42,388.54,Cash,Cancelled,North
2997,231,2025-08-19,230,Home,3,205.12,18.68,2.75,13.95,889.22,Card,Completed,North
2998,165,2025-04-11,275,Electronics,4,135.57,5.15,9.18,5.75,25.28,Cash,Cancelled,South
2999,20,2025-09-22,192,Electronics,5,110.7,3.5,12.13,5.69,828.87,Cash,Returned,East
3000,870,2025-04-25,246,Books,1,165.79,2.16,13.72,6.59,552.82,Cash,Pending,North
3001,294,2026-04-21,232,Electronics,2,260.62,12.24,15.21,10.52,44.0,Card,Returned,West
3002,28,2026-03-21,116,Electronics,5,199.16,42.27,13.52,7.98,863.83,UPI,Returned,South
3003,499,2025-12-19,300,Electronics,4,24.3,12.25,21.05,15.13,84.38,Cash,Pending,West
3004,443,2025-04-21,218,Books,2,100.57,40.47,9.54,3.33,475.57,Card,Returned,North
3005,771,2025-03-25,117,Electronics,5,65.98,37.15,18.53,1.75,23.25,UPI,Cancelled,South
3006,857,2026-03-04,178,Home,1,187.01,36.53,26.16,9.07,827.34,Card,Returned,North
3007,388,2025-06-04,226,Home,1,255.1,40.37,24.05,19.81,507.62,UPI,Returned,West
3008,619,2026-03-30,256,Books,1,17.59,39.59,5.66,16.47,546.97,Cash,Returned,North
3009,156,2025-11-24,275,Home,5,182.8,19.95,19.3,15.75,324.01,Cash,Returned,South
3010,208,2026-01-10,289,Home,3,71.89,28.47,12.3,15.59,83.3,UPI,Completed,North
3011,520,2025-01-22,183,Books,3,277.66,17.58,21.67,7.55,161.44,UPI,Completed,South
3011,520,2025-01-22,183,Books,3,277.66,17.58,21.67,7.55,161.44,UPI,Completed,South
3013,722,2025-08-26,269,Books,5,183.08,17.57,10.22,10.6,690.22,Cash,Cancelled,West
3014,737,2025-10-22,117,Books,4,230.56,28.2,27.29,15.48,959.95,Cash,Completed,East
3015,265,2025-03-24,178,Books,3,204.83,22.11,2.88,11.95,215.02,Card,Cancelled,South
3016,276,2026-02-05,160,Books,2,169.51,3.15,21.77,3.02,991.37,Cash,Pending,East
3017,477,2025-05-16,144,Books,1,107.56,39.56,16.17,20.0,579.79,UPI,Returned,North
3018,938,2025-02-15,247,Home,2,165.65,37.96,4.87,7.85,,Card,Completed,South
3019,214,2025-10-11,188,Home,5,206.04,0.3,2.8,14.58,911.71,Cash,Returned,East
3020,549,2026-01-23,152,Electronics,3,16.72,43.33,25.31,18.95,-38.57,UPI,Cancelled,East
3021,494,2025-01-02,198,Home,1,260.54,5.74,8.53,1.58,948.08,UPI,Returned,West
3022,907,2026-03-03,234,Books,1,212.14,4.72,21.66,0.01,168.63,UPI,Completed,South
3023,725,2025-03-29,253,Home,2,190.6,23.77,19.47,19.53,472.62,Card,Pending,North
3024,937,2025-06-08,296,Electronics,5,261.03,26.77,18.26,0.82,605.15,Cash,Completed,East
3025,646,2025-03-04,294,Books,5,259.64,19.88,14.76,11.92,639.77,Cash,Completed,South
3026,359,2025-05-28,190,Electronics,1,134.91,11.15,2.97,5.54,59.56,Card,Pending,South
3027,895,2025-06-24,289,Books,1,144.5,6.73,6.79,17.6,432.29,Card,Completed,North
3028,576,2025-07-27,167,Electronics,2,21.43,29.6,24.87,2.19,824.14,Cash,Completed,West
3029,399,2025-08-14,179,Books,5,30.04,30.11,27.39,6.66,175.29,Card,Cancelled,East
3030,235,2025-06-30,198,Home,3,72.66,45.67,15.01,6.93,51.7,Cash,Cancelled,East
3031,821,2025-11-17,101,Home,5,42.91,47.55,27.07,4.36,-17.76,UPI,Completed,South
3032,427,2026-04-03,127,Books,3,81.74,32.53,25.26,15.05,731.95,Cash,Returned,South
3033,83,2025-09-07,261,Books,5,21.28,46.61,16.75,17.22,417.98,UPI,Cancelled,North
3034,158,2026-02-08,214,Home,2,242.42,38.98,29.75,16.43,67.69,Cash,Completed,East
3035,946,2025-08-02,252,Home,1,36.43,39.62,26.44,1.92,156.91,Cash,Pending,East
3036,56,2025-01-20,178,Electronics,1,12.09,40.16,2.9,0.21,704.34,Cash,Cancelled,North
3037,110,2026-04-05,268,Home,2,134.91,0.72,12.47,8.67,666.06,UPI,Cancelled,North
3038,499,2025-02-24,127,Home,5,166.3,29.71,16.24,4.97,794.37,Card,Completed,West
3039,933,2025-02-21,244,Books,2,5.57,20.75,23.86,13.26,501.48,Card,Returned,East
3040,438,2025-09-04,179,Electronics,5,171.95,21.23,1.22,9.47,942.23,UPI,Pending,West
3041,425,2026-02-01,272,Home,5,27.13,15.06,17.61,7.12,221.14,Card,Pending,East
3042,107,2025-09-18,280,Books,4,213.3,38.11,22.72,0.5,763.17,Card,Completed,South
3043,7,2025-11-07,127,Home,3,148.92,18.72,8.7,4.97,354.39,Cash,Pending,South
3044,359,2025-02-13,251,Home,4,9.9,11.03,11.53,6.93,515.31,Cash,Returned,East
3045,385,2026-02-08,220,Electronics,1,297.52,9.11,14.6,12.04,,UPI,Cancelled,North
3046,936,2025-08-02,270,Electronics,1,173.24,26.91,7.45,6.55,822.2,Cash,Completed,West
3047,543,2025-02-22,168,Electronics,4,229.62,39.89,25.96,1.8,366.63,Cash,Cancelled,South
3048,559,2025-08-08,234,Home,5,84.39,19.45,3.91,1.11,920.26,Cash,Returned,South
3049,487,2026-02-17,292,Home,4,84.22,28.04,10.12,18.52,881.28,UPI,Cancelled,East
3050,75,2026-04-09,113,Home,1,147.03,21.48,6.91,3.23,574.95,Card,Returned,North
3051,615,2025-08-31,103,Books,1,146.65,29.2,22.22,18.7,727.81,Cash,Cancelled,South
3052,248,2026-05-04,100,Electronics,5,124.3,7.75,24.14,5.37,196.96,UPI,Completed,West
3053,627,2026-05-07,178,Home,2,147.82,16.96,27.67,6.42,741.35,Card,Returned,North
3054,985,2025-09-23,258,Books,1,19.9,39.24,9.16,5.99,108.74,Card,Returned,South
3055,805,2025-07-20,286,Home,1,147.17,18.97,14.41,19.5,449.78,Cash,Pending,East
3056,868,2025-03-09,297,Home,2,264.07,43.27,18.51,14.58,452.94,Cash,Pending,West
3057,666,2026-05-14,250,Home,2,41.78,14.08,24.7,18.86,694.35,Card,Returned,West
3058,181,2026-01-29,217,Home,3,55.87,44.38,17.33,14.91,-37.79,UPI,Completed,East
3059,580,2025-01-15,272,Books,4,170.84,47.15,20.28,14.42,238.15,Card,Cancelled,North
3060,938,2026-04-20,286,Electronics,1,101.89,39.03,29.92,0.71,890.91,Card,Pending,East
3061,880,2025-11-23,252,Books,2,192.01,8.7,18.03,4.55,369.87,UPI,Cancelled,West
3062,469,2025-03-04,187,Electronics,5,261.26,8.59,17.96,4.25,29.25,Card,Cancelled,West
3063,293,2025-09-01,290,Home,4,120.48,45.12,6.02,13.61,692.32,Cash,Cancelled,West
3064,357,2025-01-14,229,Home,2,102.6,25.11,8.13,11.0,474.03,Cash,Cancelled,West
3065,850,2025-04-16,216,Electronics,4,150.12,9.49,1.37,10.78,896.14,Cash,Cancelled,East
3066,927,2025-09-26,152,Electronics,5,258.74,32.41,3.11,6.67,395.78,UPI,Pending,East
3067,374,2025-04-30,161,Electronics,5,34.1,35.74,22.45,2.49,425.94,Cash,Cancelled,West
3068,720,2025-02-18,229,Electronics,3,200.97,23.35,1.41,10.41,278.49,Card,Completed,West
3069,399,2025-11-15,114,Books,1,264.27,9.78,23.19,18.98,891.37,Card,Cancelled,South
3070,383,2025-08-19,223,Home,2,118.79,37.8,10.43,7.5,500.2,UPI,Returned,South
3071,495,2025-04-15,110,Electronics,4,175.09,10.35,23.48,19.69,783.94,UPI,Returned,East
3072,140,2026-05-11,119,Books,5,126.29,5.14,25.13,12.15,463.14,UPI,Pending,West
3073,761,2025-05-16,105,Books,2,8.0,15.27,17.21,1.03,-7.39,Card,Pending,East
3074,665,2025-02-01,192,Home,3,290.65,39.19,18.37,15.08,971.93,Card,Returned,South
3075,242,2025-04-20,288,Electronics,4,234.34,7.75,5.43,5.0,885.97,UPI,Cancelled,North
3076,851,2025-03-19,235,Home,1,221.73,11.47,15.12,12.96,356.73,Cash,Completed,East
3077,618,2025-09-28,136,Home,5,159.09,8.82,5.12,0.34,995.11,UPI,Pending,East
3078,345,2025-11-28,270,Electronics,5,235.84,16.94,20.35,6.54,287.6,UPI,Cancelled,East
3079,638,2025-04-22,102,Electronics,1,16.89,23.23,14.02,11.55,385.46,UPI,Completed,East
3080,439,2025-10-25,124,Electronics,5,83.02,2.94,8.61,18.66,264.7,UPI,Completed,North
3081,7,2025-10-17,253,Books,3,93.69,32.9,20.18,3.48,16.43,Card,Pending,South
3082,69,2025-02-01,299,Electronics,3,275.26,35.7,18.55,11.16,939.65,Card,Cancelled,East
3083,513,2025-06-11,196,Home,4,70.47,14.13,29.81,11.32,349.57,Cash,Returned,West
3084,395,2025-08-28,172,Home,4,81.33,45.99,19.08,1.13,,Cash,Cancelled,South
3085,710,2026-01-12,116,Home,2,111.88,25.57,9.36,6.41,245.81,Cash,Pending,West
3086,347,2025-10-18,253,Books,5,185.12,6.65,7.33,5.48,608.71,Cash,Returned,East
3087,429,2025-07-17,103,Electronics,1,111.04,45.36,9.4,8.1,349.56,Card,Completed,East
3088,917,2026-02-22,174,Books,3,174.07,19.15,14.88,9.75,42.48,UPI,Returned,North
3089,791,2026-04-24,194,Books,3,239.14,31.86,1.25,17.44,854.36,Card,Cancelled,East
3090,129,2025-07-20,111,Books,3,100.41,22.64,12.85,14.06,505.1,Cash,Completed,North
3091,132,2026-04-16,183,Electronics,2,198.87,2.28,29.44,1.91,585.29,Cash,Completed,West
3092,219,2025-02-24,216,Home,5,298.61,8.83,13.31,13.76,575.62,Cash,Cancelled,South
3093,397,2026-01-04,273,Home,2,116.85,45.83,27.92,16.99,779.06,Card,Completed,South
3094,425,2025-10-28,119,Electronics,2,240.22,2.52,19.37,3.73,928.24,UPI,Pending,East
3095,798,2026-03-20,242,Electronics,1,279.19,2.92,21.28,18.21,356.15,Cash,Pending,West
3096,138,2026-03-14,229,Home,1,245.75,3.78,5.01,12.61,994.74,Card,Returned,South
3097,109,2025-11-11,284,Home,3,278.29,18.17,21.28,14.0,923.3,UPI,Returned,North
3098,643,2025-03-10,234,Books,5,36.64,6.8,27.33,4.26,904.02,Card,Pending,North
3099,445,2025-07-27,210,Books,3,267.69,31.17,22.32,6.14,543.39,Cash,Pending,South
3100,262,2025-09-17,297,Books,1,252.18,19.1,13.1,16.39,-4.4,Card,Completed,South
3101,659,2026-03-31,293,Books,5,166.77,14.86,7.79,8.01,776.34,Card,Cancelled,West
3102,369,2026-02-20,292,Books,1,241.34,9.26,19.12,3.3,733.88,Card,Completed,South
3103,760,2025-09-24,242,Home,1,82.82,36.38,2.82,8.21,231.77,UPI,Pending,South
3104,240,2025-12-25,233,Home,4,48.88,39.88,20.46,14.28,838.46,Cash,Completed,North
3105,764,2025-08-27,101,Home,2,117.27,14.07,2.41,3.95,430.37,Card,Returned,West
3106,311,2025-10-31,261,Books,4,89.17,24.42,8.64,9.23,111.11,Card,Cancelled,East
3107,265,2025-01-17,118,Electronics,1,58.19,25.07,26.36,8.57,270.88,UPI,Returned,East
3108,676,2025-01-21,248,Electronics,5,272.68,35.76,28.03,11.9,846.42,Card,Pending,North
3109,164,2025-02-08,150,Electronics,3,222.65,46.66,18.95,0.16,252.73,UPI,Cancelled,West
3110,292,2026-04-12,176,Home,1,238.07,7.71,1.99,2.58,908.09,Card,Cancelled,West
3111,3,2025-10-13,116,Electronics,2,213.63,20.15,19.08,9.1,998.33,Cash,Cancelled,North
3112,89,2025-12-25,220,Books,5,289.13,32.03,16.88,4.12,950.92,UPI,Returned,South
3113,717,2025-02-24,145,Books,5,120.38,38.17,6.29,6.09,355.16,Card,Completed,North
3114,423,2025-10-23,287,Books,4,133.02,25.49,11.0,16.28,551.54,Card,Pending,East
3115,952,2025-02-15,173,Electronics,1,139.92,35.15,24.48,4.95,154.18,UPI,Completed,South
3116,992,2026-04-08,277,Electronics,4,193.04,17.94,27.91,19.63,90.91,UPI,Returned,East
3117,618,2025-08-04,268,Home,1,246.77,3.71,28.52,1.89,150.26,UPI,Cancelled,East
3118,245,2025-04-29,141,Electronics,5,83.89,38.6,18.58,7.33,894.93,UPI,Completed,East
3119,140,2025-03-06,193,Electronics,5,24.99,24.32,15.49,14.5,439.55,UPI,Pending,West
3120,360,2025-07-26,167,Home,5,191.38,23.1,8.94,5.8,383.55,Card,Returned,West
3121,174,2026-04-29,223,Home,3,167.19,42.73,21.02,17.71,513.26,Card,Cancelled,West
3122,540,2026-04-05,191,Home,1,117.64,16.1,28.05,11.11,481.99,UPI,Returned,North
3123,987,2026-01-06,208,Home,4,192.84,19.69,28.14,7.38,386.37,Cash,Cancelled,North
3124,138,2025-12-24,111,Books,4,129.81,28.65,14.11,11.1,392.62,UPI,Pending,East
3125,556,2025-04-18,146,Home,5,289.69,21.7,26.45,19.81,744.78,UPI,Returned,South
3126,167,2025-05-25,206,Books,1,162.02,3.01,21.59,12.33,384.23,Card,Pending,North
3127,773,2025-11-15,231,Books,3,226.4,41.98,12.27,4.36,,Card,Returned,South
3128,930,2025-11-14,127,Books,2,129.87,47.93,5.2,11.84,144.4,Card,Cancelled,South
3129,524,2025-05-19,136,Books,3,108.23,13.7,3.14,8.52,220.77,UPI,Completed,South
3130,571,2026-03-17,262,Books,4,182.61,27.72,16.67,9.02,429.1,UPI,Cancelled,North
3131,706,2025-08-14,204,Electronics,5,176.56,38.17,11.63,8.97,742.89,Card,Cancelled,East
3132,708,2026-01-20,113,Books,5,227.02,16.18,25.84,9.68,876.19,UPI,Pending,East
3133,10,2025-06-09,260,Electronics,3,69.27,5.47,17.4,13.48,336.0,Card,Completed,West
3134,1009,2026-01-19,182,Home,4,90.08,45.54,8.07,19.66,903.9,UPI,Cancelled,North
3135,67,2026-02-07,277,Home,3,252.25,28.01,21.62,12.32,494.74,UPI,Completed,South
3136,156,2026-01-04,293,Home,5,80.35,38.57,8.54,7.64,263.97,Cash,Pending,North
3137,367,2026-04-19,227,Home,5,114.63,26.62,16.69,12.53,732.99,Cash,Cancelled,South
3138,78,2026-04-04,297,Books,5,112.32,14.95,29.09,9.9,593.27,Cash,Cancelled,North
3139,518,2025-08-06,228,Electronics,2,103.66,1.82,21.48,9.79,,Card,Returned,North
3140,989,2025-06-28,240,Electronics,1,246.04,16.97,10.95,4.54,151.15,UPI,Cancelled,East
3141,740,2026-04-16,299,Home,2,76.51,2.13,6.73,5.47,540.89,Card,Pending,West
3142,204,2025-11-05,159,Home,4,68.51,11.85,3.74,15.58,969.61,Card,Cancelled,West
3143,153,2025-09-13,142,Home,1,109.73,33.24,10.24,15.37,134.54,UPI,Returned,South
3144,404,2025-07-12,232,Home,5,90.2,39.38,24.61,17.12,2.62,UPI,Cancelled,West
3145,458,2025-07-02,258,Home,2,62.54,20.92,29.69,12.32,216.62,Cash,Pending,West
3146,483,2025-04-12,250,Books,2,180.34,1.9,8.81,4.97,459.29,Cash,Pending,North
3147,366,2025-09-02,184,Electronics,3,138.11,41.98,2.72,11.87,,Card,Completed,East
3148,494,2025-12-10,206,Home,2,241.47,48.15,19.1,13.04,760.5,UPI,Cancelled,North
3149,77,2026-02-18,183,Home,5,237.31,22.32,2.22,4.89,895.67,Card,Completed,East
3150,500,2025-04-06,289,Electronics,3,13.37,23.6,8.48,12.54,74.55,Cash,Cancelled,East
3151,841,2025-06-17,227,Home,2,270.32,19.61,10.43,3.26,255.52,UPI,Pending,South
3152,780,2025-03-31,222,Electronics,3,178.08,18.36,24.46,9.3,50.18,Card,Cancelled,North
3153,491,2025-04-22,256,Books,2,53.12,9.74,4.29,5.37,942.1,UPI,Cancelled,West
3154,454,2025-05-26,208,Home,3,164.42,7.37,7.67,1.7,202.34,UPI,Completed,West
3155,632,2025-10-16,214,Books,3,224.74,13.82,25.38,11.6,827.43,Cash,Completed,South
3156,922,2025-01-10,231,Books,5,252.16,28.01,14.18,17.43,547.77,Card,Pending,East
3157,255,2026-01-20,220,Books,2,233.59,11.82,22.27,17.45,214.36,UPI,Cancelled,West
3158,376,2025-04-08,241,Electronics,4,141.94,32.59,11.84,8.82,395.03,Card,Returned,East
3159,569,2026-02-05,300,Books,1,78.88,36.03,24.18,9.21,250.13,UPI,Cancelled,North
3160,894,2025-05-04,282,Books,2,228.85,30.17,18.51,8.9,,UPI,Returned,West
3161,140,2025-07-02,222,Books,1,86.47,21.28,12.08,12.58,409.29,UPI,Returned,East
3162,905,2026-01-09,228,Home,5,114.44,4.19,19.41,7.24,346.63,UPI,Returned,South
3163,360,2025-09-16,258,Books,5,157.25,41.91,14.13,18.65,317.71,Cash,Cancelled,South
3164,750,2025-10-31,184,Home,4,259.73,28.28,26.97,0.18,47.72,Card,Returned,West
3165,874,2026-01-04,232,Books,4,279.81,9.59,16.21,1.43,150.09,UPI,Pending,West
3166,521,2025-12-23,101,Books,2,113.67,5.2,24.9,7.15,789.86,Cash,Pending,West
3167,545,2025-11-24,248,Electronics,1,165.16,12.88,21.37,6.77,895.03,Card,Pending,South
3168,836,2025-02-12,200,Electronics,4,140.12,37.08,23.41,14.73,779.33,Cash,Returned,West
3169,557,2026-01-03,158,Electronics,4,188.8,7.43,20.93,3.65,459.47,Cash,Returned,South
3170,24,2025-01-29,131,Electronics,2,214.42,33.63,23.66,12.46,491.13,Cash,Completed,South
3171,584,2025-07-31,179,Books,2,105.57,24.73,7.69,0.33,997.62,Cash,Pending,North
3172,880,2025-04-10,244,Electronics,2,261.18,43.54,10.14,14.24,843.69,UPI,Returned,West
3173,252,2025-06-19,250,Home,5,8.89,2.97,13.18,8.75,661.1,Cash,Cancelled,North
3174,394,2026-01-15,252,Books,2,41.12,17.64,4.85,19.53,764.42,Cash,Returned,North
3175,597,2026-01-18,168,Books,3,254.44,18.2,22.79,15.06,906.24,Card,Pending,South
3176,639,2025-11-16,270,Home,4,225.98,32.58,14.38,3.46,651.89,Cash,Returned,East
3177,686,2025-09-25,175,Books,2,152.17,3.33,4.34,14.6,289.33,Cash,Completed,East
3178,441,2025-10-02,163,Electronics,5,93.41,33.75,12.54,12.92,73.17,Cash,Completed,West
3179,922,2025-09-20,241,Books,2,11.93,26.65,14.64,13.09,265.48,Card,Cancelled,South
3180,204,2026-04-23,170,Books,1,247.94,12.61,2.77,0.36,738.84,Cash,Completed,West
3181,576,2025-03-09,128,Books,3,287.3,12.66,24.38,5.94,411.61,Card,Returned,West
3182,321,2025-03-06,273,Electronics,4,139.14,14.37,19.09,0.38,367.83,Card,Cancelled,East
3183,510,2026-01-07,272,Electronics,2,74.56,47.5,25.33,1.74,581.75,Card,Returned,South
3184,829,2025-04-28,181,Home,2,104.82,37.6,12.13,12.53,494.59,Cash,Pending,South
3184,829,2025-04-28,181,Home,2,104.82,37.6,12.13,12.53,494.59,Cash,Pending,South
3186,510,2025-05-08,200,Books,4,140.24,10.4,14.66,0.15,834.89,UPI,Pending,West
3187,883,2025-05-23,229,Electronics,1,76.49,29.67,9.77,19.32,965.11,Cash,Completed,North
3188,351,2025-10-21,189,Books,4,28.68,15.61,27.49,16.06,898.31,UPI,Pending,West
3189,877,2025-09-21,188,Books,4,137.36,11.4,5.43,14.0,677.34,Cash,Completed,East
3190,228,2025-11-26,254,Books,2,172.0,38.12,25.18,13.8,,UPI,Returned,West
3191,853,2025-01-23,214,Home,5,194.82,13.27,8.43,6.21,,UPI,Cancelled,South
3192,370,2025-08-12,256,Home,1,185.92,25.12,25.06,19.12,404.0,UPI,Completed,North
3193,875,2025-06-14,203,Books,5,114.15,30.15,15.79,8.49,253.8,UPI,Returned,East
3194,185,2025-08-28,227,Books,4,233.59,31.76,22.01,6.61,103.02,Cash,Pending,West
3195,435,2025-04-05,121,Books,5,65.34,16.83,3.36,5.97,381.16,Card,Completed,North
3196,545,2025-12-23,172,Home,3,238.51,5.89,14.6,17.32,211.18,Card,Returned,South
3197,231,2025-07-13,244,Home,1,161.54,23.69,11.74,15.3,,Cash,Returned,South
3198,999,2025-09-21,205,Electronics,4,115.26,43.67,13.11,7.05,202.32,Card,Completed,North
3199,82,2025-03-31,248,Books,4,152.02,18.48,9.99,18.02,89.1,Cash,Completed,West
3200,370,2026-03-03,216,Electronics,1,80.0,0.11,24.89,4.18,799.94,Card,Completed,East
3201,553,2026-02-05,294,Electronics,1,27.83,22.78,16.35,12.68,553.31,UPI,Cancelled,East
3202,704,2025-04-08,225,Home,3,242.72,2.24,7.97,3.08,498.07,Card,Cancelled,South
3203,270,2026-02-23,117,Home,2,203.27,22.55,14.49,14.36,899.67,Card,Returned,North
3204,450,2025-01-16,256,Home,2,82.29,20.85,10.37,6.93,503.08,Card,Pending,West
3205,116,2025-12-16,201,Books,3,90.5,3.22,16.26,14.09,836.42,Cash,Completed,East
3206,59,2025-09-06,227,Electronics,2,289.12,5.65,2.55,5.92,494.08,Card,Returned,South
3207,371,2025-01-11,142,Electronics,3,32.15,9.08,6.78,2.48,-33.29,UPI,Pending,North
3208,1005,2025-10-24,288,Home,5,131.41,37.16,19.65,14.54,320.72,Cash,Cancelled,North
3209,179,2026-04-18,298,Books,1,266.97,7.99,26.85,9.98,113.11,Card,Cancelled,East
3210,640,2025-09-05,263,Electronics,4,113.39,29.28,29.5,7.71,144.9,UPI,Pending,East
3211,430,2026-01-24,169,Electronics,1,233.92,11.0,5.66,8.66,482.33,Cash,Cancelled,North
3212,816,2025-10-06,238,Books,4,196.89,17.53,1.43,17.27,551.84,UPI,Returned,North
3213,245,2025-05-04,300,Home,2,271.67,49.92,24.24,12.88,336.05,Card,Cancelled,East
3214,686,2025-10-15,283,Home,2,174.99,2.58,4.5,3.83,47.64,Cash,Returned,North
3215,825,2025-05-28,190,Home,5,22.46,43.18,10.32,10.68,836.4,Cash,Returned,East
3216,989,2025-02-12,292,Electronics,2,75.2,10.43,19.75,4.97,521.74,UPI,Completed,North
3217,645,2025-05-20,210,Home,5,163.33,0.82,24.73,8.22,100.28,Cash,Completed,West
3218,763,2025-12-10,291,Books,5,6.35,4.88,23.13,14.2,952.84,Card,Completed,South
3219,57,2025-07-02,261,Books,4,70.62,6.22,14.96,3.74,823.12,Card,Returned,South
3220,62,2025-10-26,151,Electronics,1,267.18,40.36,28.34,3.85,894.69,Card,Cancelled,North
3221,235,2026-05-14,293,Home,1,165.77,43.48,6.96,7.55,583.19,Cash,Returned,East
3222,1016,2025-08-28,151,Books,2,56.42,49.92,15.2,1.57,255.81,UPI,Completed,East
3223,100,2025-03-13,138,Home,4,126.77,4.84,20.84,2.49,497.55,Cash,Returned,East
3224,312,2026-03-28,217,Books,4,174.43,6.9,4.45,4.7,45.09,Cash,Cancelled,North
3225,664,2025-03-29,190,Home,4,149.87,32.73,14.47,3.36,-20.38,Cash,Returned,West
3226,816,2025-06-27,263,Books,1,203.47,14.41,13.31,13.97,,UPI,Pending,North
3227,425,2026-02-16,270,Books,1,217.51,20.22,11.66,3.2,-5.09,Cash,Returned,North
3228,477,2025-08-09,265,Electronics,1,257.22,0.89,13.02,13.22,-29.55,UPI,Returned,East
3229,611,2026-04-10,249,Electronics,2,286.42,16.31,22.66,17.64,37.4,Card,Cancelled,South
3230,809,2025-11-16,224,Home,1,266.18,22.5,17.11,19.58,687.23,UPI,Cancelled,East
3231,806,2025-09-22,215,Home,2,59.49,31.77,26.67,17.63,533.39,Cash,Pending,West
3232,57,2025-11-02,167,Home,5,227.44,10.63,15.39,4.39,963.13,Cash,Completed,West
3233,186,2025-12-31,287,Home,3,293.6,13.26,19.61,4.15,-31.21,Cash,Completed,South
3234,136,2025-12-04,185,Books,1,113.85,1.33,27.41,14.03,-32.64,Card,Pending,West
3235,647,2026-04-14,141,Books,5,139.25,31.49,27.39,8.21,553.51,Cash,Cancelled,West
3236,87,2025-11-26,165,Home,5,110.79,2.16,5.27,11.19,879.88,Card,Pending,South
3237,590,2025-08-26,134,Electronics,4,158.93,1.96,25.44,14.23,874.25,UPI,Completed,East
3238,790,2025-08-08,101,Electronics,2,287.01,40.66,11.61,4.92,573.48,UPI,Pending,North
3239,622,2025-01-19,128,Books,5,273.04,5.59,10.3,11.09,59.81,UPI,Returned,North
3240,226,2025-12-30,215,Electronics,4,194.6,35.16,27.82,4.76,734.28,Card,Pending,West
3241,53,2025-09-23,240,Home,5,271.66,14.05,20.43,15.53,-43.26,UPI,Returned,North
3242,109,2026-04-21,226,Books,4,210.56,40.61,21.6,6.96,346.77,UPI,Returned,East
3243,919,2025-10-14,190,Home,5,284.41,8.42,21.85,8.96,73.55,UPI,Returned,East
3244,271,2025-01-12,227,Books,3,6.12,26.33,6.28,3.66,179.82,Cash,Cancelled,East
3245,155,2026-04-13,260,Electronics,1,19.11,27.99,25.68,15.85,320.77,Card,Pending,East
3246,533,2025-03-01,229,Books,5,42.89,1.2,7.77,13.83,683.76,Cash,Completed,East
3247,180,2025-12-28,288,Books,2,215.66,38.69,12.26,3.02,542.22,UPI,Completed,North
3248,730,2025-03-04,107,Electronics,1,256.74,11.38,11.55,9.81,448.0,UPI,Cancelled,South
3249,608,2025-07-03,156,Electronics,5,16.49,42.02,23.31,0.2,94.77,Card,Pending,South
3250,870,2025-01-06,293,Books,5,115.3,15.21,2.08,7.06,916.74,Cash,Completed,North
3251,282,2025-05-15,170,Home,5,145.49,15.54,13.44,0.33,594.94,Cash,Completed,West
3252,16,2025-10-09,291,Electronics,5,51.09,32.59,11.05,5.91,874.55,Card,Pending,South
3253,162,2025-03-19,195,Home,3,180.72,3.45,7.45,5.41,150.89,UPI,Pending,South
3254,99,2025-01-17,210,Home,2,16.35,6.86,16.89,18.82,581.35,Cash,Returned,North
3255,656,2026-05-01,150,Books,2,286.77,37.56,25.38,5.11,370.15,UPI,Cancelled,East
3256,657,2026-05-03,299,Home,2,204.41,27.66,29.62,9.64,714.57,Cash,Completed,West
3257,923,2026-04-02,202,Home,3,85.49,12.82,4.73,3.39,874.11,Cash,Completed,South
3258,570,2025-04-26,261,Home,4,297.29,12.78,5.73,7.01,148.01,UPI,Pending,North
3259,521,2025-04-02,200,Electronics,4,101.46,49.43,27.71,9.6,892.38,Card,Completed,East
3260,454,2025-01-08,181,Electronics,5,124.42,41.89,2.89,0.7,690.36,Card,Pending,North
3261,570,2025-12-19,183,Home,2,79.89,11.69,24.22,0.26,21.3,Card,Completed,East
3262,6,2026-03-01,166,Home,3,108.58,48.47,16.55,19.13,641.08,Cash,Pending,East
3263,263,2025-11-02,280,Books,4,77.63,14.4,8.65,0.66,697.55,Cash,Cancelled,South
3264,327,2025-02-19,296,Home,5,124.78,27.94,18.95,7.67,691.19,Card,Completed,North
3265,76,2025-02-21,299,Home,2,274.41,43.9,20.97,10.9,573.18,Card,Completed,North
3266,695,2025-09-13,163,Electronics,2,116.95,16.07,29.04,3.36,975.23,Cash,Returned,West
3267,343,2025-03-18,102,Electronics,1,5.05,43.13,2.07,11.57,324.96,Cash,Cancelled,South
3268,550,2026-03-21,171,Electronics,2,260.23,7.56,14.2,4.78,517.94,UPI,Pending,South
3269,719,2025-01-14,150,Books,1,86.85,19.49,25.53,18.49,619.79,Cash,Completed,East
3270,237,2025-02-13,156,Home,4,72.94,35.83,10.57,1.8,189.27,Cash,Completed,West
3271,283,2025-05-21,278,Electronics,5,190.48,43.53,20.72,6.07,165.64,UPI,Returned,South
3272,969,2025-09-17,178,Electronics,4,293.46,35.67,4.38,0.84,456.44,Cash,Cancelled,North
3273,406,2026-05-13,245,Books,3,110.09,8.13,26.08,11.43,259.21,Cash,Cancelled,South
3274,743,2025-11-15,142,Home,5,269.5,33.53,12.42,2.97,29.32,Card,Completed,North
3275,44,2025-08-24,260,Books,3,218.63,3.55,26.68,6.88,553.67,UPI,Cancelled,West
3276,399,2025-11-26,286,Books,3,49.36,33.92,10.54,3.7,644.74,Cash,Pending,West
3277,832,2025-07-15,141,Books,5,47.21,9.36,7.0,2.32,625.72,Card,Cancelled,North
3278,736,2025-11-08,190,Books,3,85.73,18.35,15.62,15.01,78.2,UPI,Pending,West
3279,868,2025-07-12,207,Home,2,204.7,2.6,17.59,2.5,445.56,Card,Pending,North
3280,886,2026-03-17,196,Electronics,4,41.1,23.37,20.61,13.58,610.2,UPI,Returned,North
3281,171,2026-04-28,135,Home,4,202.22,26.04,12.67,7.54,592.66,Card,Pending,West
3282,835,2025-07-23,173,Electronics,5,34.91,10.2,23.99,0.57,474.11,Cash,Pending,West
3283,724,2025-11-29,244,Home,2,45.05,35.97,22.89,8.93,902.38,Card,Cancelled,West
3284,903,2025-09-21,108,Books,5,167.04,45.17,25.46,12.95,631.5,Card,Pending,West
3285,890,2025-11-20,170,Home,2,207.09,2.88,28.97,15.45,160.31,Card,Cancelled,East
3286,1014,2025-12-12,124,Electronics,1,167.78,1.22,11.33,9.04,691.59,Card,Completed,West
3287,671,2025-12-25,147,Books,5,51.41,49.76,13.81,8.93,317.41,Cash,Pending,North
3288,950,2025-05-01,239,Electronics,5,250.8,33.73,11.0,2.39,104.67,UPI,Completed,South
3289,540,2025-06-28,141,Books,1,43.84,2.24,17.16,2.12,399.35,UPI,Returned,North
3290,402,2025-06-06,165,Electronics,3,108.1,16.49,15.26,18.5,290.84,UPI,Completed,East
3291,863,2025-10-27,140,Electronics,2,80.41,25.17,26.99,11.29,50.05,UPI,Pending,West
3292,454,2026-03-08,268,Home,3,47.01,34.58,9.62,14.71,272.67,UPI,Completed,South
3293,417,2025-12-24,193,Electronics,3,259.97,36.61,27.96,8.63,647.75,UPI,Completed,North
3294,784,2025-01-08,267,Electronics,4,287.31,6.73,18.91,6.27,664.71,Card,Pending,North
3295,978,2025-03-05,101,Home,2,66.6,29.39,24.62,2.19,436.05,Cash,Returned,North
3296,710,2026-04-23,255,Home,5,201.72,4.54,28.71,19.25,682.86,UPI,Completed,North
3297,366,2025-05-10,118,Books,1,100.11,18.08,24.59,6.08,551.59,Cash,Pending,East
3298,999,2025-03-27,124,Home,2,8.87,4.05,18.04,12.42,,UPI,Returned,North
3299,116,2025-11-26,271,Books,1,22.93,23.06,23.38,2.46,622.48,Card,Completed,East
3300,481,2025-03-01,274,Home,2,152.53,9.71,13.45,8.9,93.44,Cash,Completed,East
3301,618,2025-12-07,215,Books,3,25.2,29.75,21.8,2.4,738.22,Card,Cancelled,North
3302,727,2026-03-12,239,Books,2,71.61,38.1,15.1,18.13,679.63,Card,Cancelled,West
3303,767,2025-06-29,275,Electronics,5,120.32,19.5,19.84,15.97,733.1,Cash,Returned,North
3304,296,2025-06-23,115,Electronics,1,223.52,12.36,24.61,0.96,337.89,Cash,Completed,East
3305,39,2025-12-24,140,Home,2,195.32,20.96,11.73,5.49,29.32,UPI,Completed,North
3306,433,2025-05-05,169,Electronics,1,37.83,4.96,7.43,0.22,313.17,Cash,Cancelled,East
3307,41,2025-01-07,103,Electronics,4,229.83,29.27,13.19,5.12,658.35,Cash,Pending,South
3308,818,2025-09-03,289,Electronics,3,119.71,22.35,22.14,11.47,61.88,Card,Completed,South
3309,746,2025-03-28,247,Electronics,5,22.23,0.39,21.83,7.1,,UPI,Pending,South
3310,423,2025-01-11,115,Books,3,266.49,6.36,2.12,18.19,167.59,Cash,Cancelled,South
3310,423,2025-01-11,115,Books,3,266.49,6.36,2.12,18.19,167.59,Cash,Cancelled,South
3312,838,2025-03-03,245,Books,5,149.9,10.02,21.11,3.13,394.69,UPI,Returned,South
3313,435,2025-02-13,265,Electronics,4,61.61,30.25,12.27,6.79,23.49,UPI,Completed,South
3314,489,2025-03-06,250,Electronics,5,134.3,35.27,20.72,10.08,763.82,Cash,Completed,East
3315,393,2025-08-26,200,Home,4,235.3,19.27,27.42,9.44,334.61,Card,Completed,South
3316,378,2025-03-27,240,Home,4,58.06,49.17,25.21,13.95,745.95,UPI,Cancelled,South
3317,730,2025-12-19,226,Home,2,198.93,25.11,16.4,15.79,-31.55,Card,Cancelled,East
3318,285,2025-01-31,268,Electronics,4,101.44,2.4,21.38,13.72,674.64,UPI,Returned,South
3319,166,2025-04-15,189,Books,3,92.55,27.15,6.61,0.21,335.16,Card,Completed,West
3320,897,2026-03-02,145,Books,5,109.81,22.1,6.78,2.64,883.73,Card,Returned,North
3321,726,2026-05-09,262,Electronics,4,265.19,25.79,9.44,11.13,74.26,UPI,Pending,East
3322,74,2026-02-20,227,Electronics,3,133.44,22.6,15.06,3.88,906.64,Cash,Completed,North
3323,33,2025-12-14,112,Electronics,2,249.01,27.52,2.12,0.19,990.9,Cash,Returned,North
3324,39,2026-04-24,263,Electronics,3,65.78,6.04,26.76,7.43,152.9,UPI,Pending,East
3325,842,2026-05-11,286,Electronics,2,10.32,38.09,9.5,17.62,373.28,Cash,Cancelled,North
3326,67,2026-01-01,147,Electronics,2,288.24,38.71,4.12,14.94,21.82,Cash,Cancelled,East
3327,712,2025-11-04,296,Electronics,2,277.29,38.44,29.06,2.79,344.44,UPI,Completed,West
3328,262,2025-02-01,145,Home,3,146.39,23.05,1.15,2.88,500.66,UPI,Cancelled,East
3329,462,2025-06-23,274,Home,1,255.94,47.92,15.14,18.19,277.01,Card,Completed,West
3330,569,2025-09-30,245,Electronics,2,224.63,26.7,17.99,9.07,402.85,Card,Returned,East
3331,943,2025-12-02,186,Home,4,203.97,14.97,9.12,5.27,,Card,Completed,West
3332,224,2025-04-08,296,Electronics,3,107.96,6.66,26.17,0.75,137.1,Card,Pending,South
3333,861,2026-01-20,246,Books,3,288.28,46.15,15.43,0.14,626.64,UPI,Cancelled,East
3334,50,2026-03-01,125,Books,3,86.13,46.07,29.94,6.52,173.32,UPI,Returned,West
3335,476,2025-01-25,265,Books,2,84.95,14.48,5.13,2.5,89.17,Cash,Pending,West
3336,958,2025-10-25,108,Home,1,83.68,31.77,28.72,4.81,45.94,Card,Pending,South
3337,953,2025-05-20,140,Electronics,5,49.16,16.59,1.54,19.71,491.25,Cash,Pending,South
3338,674,2025-08-22,226,Books,4,263.48,11.35,4.27,10.26,-36.31,Cash,Pending,East
3339,663,2026-02-17,300,Electronics,2,279.16,40.98,13.05,2.94,-34.96,UPI,Completed,East
3340,413,2025-04-26,101,Home,1,289.38,22.04,2.71,12.28,119.18,UPI,Completed,North
3341,334,2025-12-15,148,Books,4,223.91,41.54,25.91,12.47,729.64,Cash,Cancelled,South
3342,761,2025-11-20,195,Books,4,297.91,18.5,7.92,14.6,191.61,UPI,Returned,West
3343,347,2025-12-09,212,Books,2,120.48,24.07,25.27,4.41,740.68,UPI,Pending,South
3344,1010,2025-02-10,194,Electronics,4,85.03,12.61,20.1,10.69,522.71,UPI,Returned,South
3345,2,2025-01-05,130,Home,3,293.84,48.63,21.22,1.95,454.77,Card,Pending,North
3346,800,2025-10-05,207,Electronics,3,155.1,17.61,16.32,12.66,26.61,Card,Returned,East
3347,946,2025-05-01,227,Electronics,3,289.24,14.16,27.03,3.81,176.14,UPI,Pending,East
3348,649,2025-01-17,137,Books,3,155.78,36.71,26.52,8.26,576.19,UPI,Pending,South
3349,551,2025-07-21,285,Books,4,69.28,4.84,7.9,5.4,801.35,UPI,Pending,North
3350,277,2025-07-25,224,Home,2,131.24,29.16,3.87,9.23,258.48,UPI,Pending,East
3351,941,2025-01-07,116,Electronics,5,188.8,47.31,5.5,12.09,783.9,UPI,Cancelled,North
3352,911,2026-01-09,266,Electronics,1,54.37,43.03,2.99,5.25,880.77,UPI,Completed,North
3353,500,2025-06-06,266,Home,1,25.0,26.84,8.03,0.94,740.7,Cash,Completed,North
3354,547,2026-03-27,152,Home,4,220.03,1.14,4.58,3.4,893.13,Card,Completed,West
3355,458,2026-03-07,271,Books,3,286.76,39.45,27.17,5.37,624.04,Card,Completed,North
3356,60,2025-10-02,294,Electronics,1,17.16,14.39,26.83,1.87,455.92,UPI,Pending,West
3357,551,2025-05-06,212,Books,1,43.02,45.73,26.39,2.52,650.49,UPI,Returned,South
3358,866,2025-04-23,103,Electronics,3,108.53,35.9,19.49,6.49,-6.73,UPI,Completed,East
3359,676,2025-08-24,156,Books,2,28.04,28.82,6.63,5.56,977.29,Card,Cancelled,East
3360,542,2026-03-05,274,Books,3,80.19,48.09,20.6,13.36,351.22,Card,Cancelled,West
3361,442,2025-08-19,287,Home,2,112.41,40.51,12.1,15.31,355.29,Cash,Returned,North
3362,607,2025-08-13,203,Home,3,54.84,14.36,26.1,11.04,529.36,Cash,Completed,South
3363,770,2026-02-21,132,Home,4,91.81,35.44,25.96,11.24,455.87,Card,Returned,South
3364,644,2025-04-27,161,Home,3,151.99,39.19,10.98,15.98,346.46,Card,Cancelled,East
3365,818,2025-02-08,183,Electronics,2,235.52,15.13,7.09,14.39,216.31,Card,Cancelled,West
3366,518,2025-06-25,239,Books,4,196.18,10.58,5.08,15.58,377.98,Card,Returned,North
3367,91,2025-09-12,214,Electronics,1,127.52,34.34,28.84,19.41,404.48,Cash,Cancelled,West
3368,73,2026-03-12,270,Home,3,110.61,37.21,17.63,19.56,675.54,Cash,Returned,North
3369,522,2025-09-03,149,Books,5,45.41,46.89,27.27,3.31,15.33,Cash,Returned,East
3370,153,2025-01-28,116,Electronics,5,227.86,2.83,20.06,5.0,502.04,UPI,Pending,South
3371,26,2026-04-02,159,Books,3,211.39,41.32,8.48,0.41,830.72,Card,Returned,West
3372,385,2025-10-09,259,Books,4,12.61,26.44,17.78,15.36,566.58,UPI,Returned,North
3373,855,2026-02-04,189,Home,2,102.41,35.97,6.11,14.69,-43.13,Cash,Completed,North
3374,200,2025-09-09,292,Electronics,5,134.12,10.33,28.22,9.34,799.72,Cash,Completed,East
3375,164,2025-06-14,255,Electronics,2,230.16,34.05,29.61,0.72,275.94,Cash,Pending,West
3375,164,2025-06-14,255,Electronics,2,230.16,34.05,29.61,0.72,275.94,Cash,Pending,West
3377,684,2026-02-12,186,Home,4,16.05,44.53,6.04,13.56,-1.9,Card,Cancelled,East
3378,603,2026-01-30,193,Books,4,190.59,8.46,11.31,1.6,141.03,Card,Cancelled,South
3379,200,2025-03-03,157,Books,2,142.88,27.85,16.26,3.69,437.58,Card,Completed,North
3380,869,2026-03-31,126,Electronics,5,87.57,41.77,21.06,8.4,912.79,Cash,Completed,West
3381,74,2025-07-05,139,Books,1,128.57,12.59,10.57,12.92,827.4,Cash,Completed,West
3382,919,2025-12-26,252,Home,5,149.77,44.86,2.5,10.29,772.4,Card,Pending,North
3383,134,2025-02-02,198,Books,3,132.92,39.82,7.61,3.06,833.32,UPI,Returned,East
3384,425,2025-05-24,234,Home,3,196.06,42.02,3.5,18.98,72.17,Card,Completed,North
3385,879,2026-02-09,164,Home,3,47.48,37.8,5.49,8.06,756.44,UPI,Pending,South
3386,235,2025-01-08,197,Home,2,151.07,16.7,26.96,2.95,674.99,Cash,Cancelled,North
3387,170,2025-08-18,213,Books,2,294.03,12.98,29.06,11.03,513.94,UPI,Completed,South
3388,693,2025-04-12,279,Books,5,114.83,7.73,28.37,10.27,402.27,Cash,Pending,South
3389,414,2025-09-13,268,Home,5,48.05,15.7,19.86,7.1,611.08,Cash,Returned,East
3390,572,2026-03-05,284,Home,5,203.7,1.85,27.44,3.59,658.78,Cash,Pending,South
3391,973,2026-04-20,252,Books,1,128.09,5.24,14.52,19.04,767.41,UPI,Pending,South
3392,934,2025-03-12,192,Home,4,230.11,28.09,5.23,8.44,155.16,UPI,Completed,West
3393,914,2025-01-05,207,Home,1,102.5,33.94,1.29,13.8,568.94,Card,Pending,East
3394,357,2026-03-30,107,Electronics,2,167.89,8.16,4.36,12.64,397.08,UPI,Pending,West
3395,710,2026-03-20,222,Electronics,3,83.52,11.87,17.46,15.11,254.81,Card,Completed,East
3396,968,2025-10-26,108,Home,5,169.48,34.48,23.01,9.63,660.13,Card,Pending,South
3397,971,2025-03-19,248,Electronics,4,261.93,3.39,29.67,4.76,372.25,Cash,Returned,North
3398,382,2026-04-01,126,Electronics,2,122.55,32.01,2.45,2.7,639.2,Card,Cancelled,East
3399,157,2026-04-04,289,Electronics,1,263.31,32.02,5.27,3.99,905.84,Card,Returned,East
3400,224,2025-09-19,162,Books,2,243.36,9.41,2.25,17.33,730.2,Cash,Pending,North
3400,224,2025-09-19,162,Books,2,243.36,9.41,2.25,17.33,730.2,Cash,Pending,North
3402,999,2025-10-04,147,Books,5,269.16,27.36,1.61,17.19,794.75,Card,Returned,South
3403,915,2025-01-25,187,Books,5,79.95,41.18,7.6,19.1,447.72,Card,Completed,East
3404,683,2026-02-12,234,Home,5,89.53,42.26,24.98,5.84,66.29,UPI,Pending,South
3405,201,2026-03-05,262,Books,4,11.61,19.32,8.31,9.73,298.12,Cash,Cancelled,North
3406,55,2026-02-28,185,Books,2,242.23,26.78,17.73,13.98,4.41,Cash,Cancelled,South
3407,984,2026-04-05,178,Home,3,138.08,8.07,14.27,17.61,253.96,Cash,Pending,West
3408,210,2025-10-11,117,Home,2,75.02,19.32,21.17,1.78,,Card,Returned,East
3409,719,2025-09-05,202,Electronics,2,135.25,12.19,8.24,16.53,,Cash,Cancelled,South
3410,282,2026-03-14,176,Electronics,2,34.82,32.62,7.4,8.1,-40.53,Card,Pending,East
3411,902,2025-09-17,246,Books,3,194.62,10.6,15.88,8.47,668.3,Card,Pending,South
3412,606,2025-05-30,196,Home,2,116.49,16.03,23.78,6.18,486.45,Cash,Completed,North
3413,297,2025-06-15,289,Books,1,92.62,17.4,15.36,3.39,183.8,Cash,Completed,North
3414,771,2025-05-08,147,Electronics,2,176.87,14.95,8.24,6.6,932.7,Card,Completed,South
3415,540,2025-07-12,130,Home,5,236.42,38.45,24.09,17.46,868.54,Card,Returned,South
3416,885,2026-02-23,282,Home,4,24.84,29.85,6.17,1.08,-47.96,UPI,Completed,West
3417,112,2025-10-27,250,Electronics,3,56.25,29.83,25.99,5.5,803.66,Cash,Returned,North
3417,112,2025-10-27,250,Electronics,3,56.25,29.83,25.99,5.5,803.66,Cash,Returned,North
3419,989,2025-10-16,192,Electronics,5,9.18,45.22,22.94,18.37,289.53,UPI,Returned,West
3420,623,2025-12-28,137,Electronics,4,224.26,26.37,4.9,4.11,951.69,UPI,Returned,South
3421,690,2025-06-20,136,Electronics,4,211.51,49.22,25.24,8.68,835.41,Card,Completed,North
3422,839,2025-04-14,165,Books,3,178.56,34.7,28.74,15.19,741.6,Card,Pending,South
3423,36,2025-02-23,183,Home,1,14.34,47.97,20.3,2.3,940.6,Cash,Completed,North
3424,206,2025-05-14,201,Home,2,155.04,35.75,21.26,11.7,90.79,Card,Completed,South
3425,399,2025-09-09,283,Books,2,235.85,25.62,7.72,6.09,386.23,Cash,Completed,South
3426,227,2026-02-13,154,Home,4,10.03,47.69,14.79,2.04,160.17,Cash,Returned,East
3427,356,2025-05-01,144,Electronics,1,36.37,35.25,5.93,11.88,-7.15,Card,Returned,North
3428,199,2026-03-29,115,Home,3,56.37,29.83,21.16,2.84,204.78,Cash,Cancelled,West
3429,221,2025-03-06,299,Electronics,4,192.53,13.63,21.02,1.88,173.42,Card,Pending,North
3430,733,2025-01-02,105,Electronics,4,66.63,12.31,6.5,19.78,,Cash,Completed,West
3431,592,2025-10-03,241,Books,3,210.56,21.27,17.62,14.13,66.31,UPI,Completed,West
3432,934,2026-04-04,162,Electronics,1,27.39,17.66,10.49,18.88,205.07,Cash,Cancelled,East
3433,232,2025-08-31,186,Electronics,4,203.48,27.89,4.95,18.17,646.71,Cash,Cancelled,South
3434,461,2026-03-30,111,Home,2,273.05,48.08,3.7,12.76,330.6,Cash,Completed,South
3435,386,2025-08-25,158,Books,5,112.21,16.97,22.02,1.03,199.94,Cash,Returned,South
3436,161,2025-07-09,100,Books,3,251.1,12.49,20.47,2.33,781.49,Cash,Completed,South
3437,913,2025-06-21,273,Books,4,283.06,38.64,18.82,0.93,109.2,UPI,Pending,East
3438,263,2025-11-15,150,Electronics,1,193.79,0.91,18.13,9.75,,Cash,Returned,East
3439,989,2025-02-12,275,Home,3,71.79,16.02,21.84,11.52,289.76,Card,Cancelled,West
3440,378,2025-01-13,290,Electronics,4,154.55,42.83,11.62,9.74,893.61,Card,Completed,South
3441,901,2026-01-20,140,Electronics,2,66.62,37.43,7.93,7.5,672.93,UPI,Completed,North
3442,552,2025-01-20,267,Home,2,273.41,6.51,11.72,9.34,309.77,Cash,Pending,West
3443,1008,2025-11-17,108,Home,1,39.56,9.75,11.74,1.23,582.7,Card,Cancelled,West
3444,492,2025-04-01,100,Home,4,139.4,43.65,22.24,16.34,868.39,UPI,Cancelled,East
3445,625,2025-10-27,290,Books,2,26.38,9.68,28.54,1.95,76.42,Card,Cancelled,North
3446,842,2025-05-31,102,Books,3,232.54,32.66,18.49,7.03,,Card,Returned,South
3447,335,2025-01-29,119,Home,2,21.86,33.04,18.19,1.7,10.4,UPI,Pending,West
3448,563,2025-06-17,177,Home,5,41.54,47.37,1.5,5.71,-17.52,Cash,Cancelled,West
3449,51,2026-04-02,150,Electronics,3,73.84,27.85,2.04,19.53,996.5,Card,Cancelled,North
3450,872,2026-04-14,266,Home,2,235.33,25.7,28.01,11.44,615.57,Card,Cancelled,West
3451,588,2025-05-23,124,Home,3,264.79,44.14,15.9,15.11,161.67,Card,Cancelled,North
3452,884,2025-04-11,139,Electronics,1,154.99,5.88,22.71,12.85,525.26,Cash,Completed,East
3452,884,2025-04-11,139,Electronics,1,154.99,5.88,22.71,12.85,525.26,Cash,Completed,East
3454,661,2025-09-18,210,Books,5,109.3,24.96,3.97,0.73,265.73,Card,Cancelled,East
3455,305,2025-11-08,208,Electronics,1,202.07,22.03,4.81,15.68,664.54,UPI,Cancelled,North
3456,341,2025-09-10,113,Home,5,216.97,4.05,6.8,4.16,916.2,Cash,Cancelled,South
3457,92,2026-04-15,283,Books,5,39.39,45.78,9.19,1.24,507.3,Card,Returned,East
3458,330,2025-06-12,228,Electronics,5,28.02,8.84,10.1,10.7,319.93,UPI,Completed,East
3459,775,2025-02-14,155,Home,3,206.12,22.61,22.51,6.67,787.95,Cash,Pending,East
3460,40,2025-08-25,185,Home,3,181.18,48.28,10.31,17.46,697.87,UPI,Completed,West
3461,812,2025-04-17,151,Home,2,84.92,33.54,24.9,10.7,195.94,UPI,Pending,North
3462,52,2025-05-17,140,Books,5,60.49,48.35,15.75,10.39,809.03,Cash,Cancelled,West
3463,525,2025-12-25,100,Electronics,4,175.74,4.71,25.56,18.1,664.32,Cash,Cancelled,South
3464,466,2025-05-10,226,Home,3,62.8,3.06,5.57,4.87,277.63,Card,Returned,West
3465,293,2026-04-05,128,Books,4,197.64,6.59,26.84,12.22,909.16,Card,Cancelled,South
3466,995,2025-08-22,260,Books,5,53.18,2.45,2.2,2.38,78.29,Card,Returned,East
3467,443,2026-01-25,173,Home,1,68.52,1.52,17.97,5.11,109.6,Cash,Returned,North
3468,308,2025-08-12,204,Home,5,283.41,7.69,28.52,5.47,124.06,Cash,Returned,South
3469,94,2026-03-08,247,Electronics,1,169.26,48.79,25.63,0.84,510.31,Cash,Returned,South
3470,809,2025-01-15,281,Home,5,25.16,36.47,15.75,12.21,862.59,UPI,Cancelled,East
3471,357,2025-10-16,114,Books,5,5.4,14.05,18.9,11.69,257.88,Card,Pending,East
3472,544,2026-02-08,245,Electronics,4,260.37,11.17,5.24,14.35,121.24,Card,Returned,South
3473,664,2025-12-20,122,Home,3,257.18,22.97,12.73,3.04,396.87,Card,Pending,East
3474,726,2025-07-29,246,Home,5,9.51,25.63,16.19,2.74,-20.93,Card,Cancelled,West
3475,530,2025-05-19,145,Home,5,288.08,42.13,21.87,10.63,287.86,Card,Returned,South
3476,823,2025-05-10,201,Electronics,4,127.33,1.43,9.3,11.95,367.0,Card,Completed,East
3477,223,2026-03-20,236,Books,2,55.06,48.08,15.13,15.87,820.18,Card,Pending,West
3478,191,2025-07-19,132,Electronics,1,207.38,43.87,1.28,5.99,561.26,Cash,Completed,West
3479,403,2026-03-02,284,Electronics,1,136.9,38.11,1.24,17.62,,UPI,Completed,North
3480,397,2025-06-15,146,Electronics,1,124.03,27.88,8.06,16.74,729.54,UPI,Cancelled,East
3481,541,2025-12-16,221,Home,5,265.78,47.76,5.62,16.65,66.02,Card,Pending,North
3482,663,2025-06-24,196,Home,2,61.24,47.84,4.86,10.06,-8.99,UPI,Returned,East
3483,35,2025-02-16,136,Books,5,94.66,42.68,27.51,9.37,725.01,Card,Returned,South
3484,966,2025-08-08,227,Electronics,2,193.85,48.93,16.76,16.23,204.73,UPI,Completed,North
3485,551,2026-01-11,150,Home,1,99.39,17.23,3.62,1.63,799.99,Card,Returned,South
3486,474,2025-05-07,238,Books,3,238.55,30.38,11.87,19.18,970.04,UPI,Completed,West
3487,307,2025-09-08,128,Electronics,4,175.57,44.67,19.37,0.1,486.06,Card,Returned,West
3488,578,2025-03-01,237,Electronics,5,86.23,18.32,17.58,17.7,-35.07,UPI,Returned,South
3489,132,2026-02-07,111,Books,5,271.69,39.14,5.7,13.14,862.96,Card,Pending,West
3490,888,2025-11-05,270,Home,1,126.39,40.57,1.68,19.09,736.06,UPI,Completed,South
3491,457,2025-05-04,297,Home,1,153.71,16.04,27.66,14.88,319.45,Card,Cancelled,East
3492,686,2026-01-18,204,Electronics,1,183.63,47.64,29.78,18.35,711.07,Cash,Pending,South
3493,312,2025-06-26,230,Electronics,2,36.67,48.63,16.26,15.1,454.08,UPI,Completed,South
3494,776,2025-01-12,191,Electronics,1,124.59,0.62,15.98,17.09,,Card,Pending,West
3495,586,2026-03-29,171,Electronics,1,169.54,14.81,27.1,11.62,317.74,UPI,Returned,West
3496,869,2025-03-27,154,Home,2,29.86,17.1,25.25,17.4,910.89,UPI,Pending,South
3497,252,2025-06-12,274,Home,5,38.32,33.12,29.61,9.96,288.08,Card,Cancelled,East
3498,663,2025-05-08,245,Electronics,3,254.46,42.47,4.41,1.38,665.06,UPI,Pending,South
3499,848,2026-05-08,108,Electronics,5,174.69,15.76,4.57,10.14,587.63,UPI,Pending,East
3500,397,2025-09-02,134,Home,2,233.5,33.69,2.56,1.95,738.14,Cash,Pending,South
3501,843,2025-10-24,125,Books,5,202.46,35.67,28.09,17.96,151.56,UPI,Returned,South
3502,785,2025-09-10,196,Electronics,3,53.84,28.52,3.85,14.94,773.73,UPI,Completed,South
3503,409,2025-06-19,273,Electronics,4,276.22,49.55,13.36,5.69,518.28,UPI,Returned,West
3504,298,2026-04-05,237,Electronics,1,96.27,45.26,29.93,5.03,706.56,Cash,Returned,East
3504,298,2026-04-05,237,Electronics,1,96.27,45.26,29.93,5.03,706.56,Cash,Returned,East
3506,106,2025-11-12,207,Electronics,2,81.77,23.34,8.31,2.69,723.61,UPI,Pending,North
3507,322,2025-08-28,284,Home,2,117.06,10.06,8.95,10.39,-18.17,Cash,Completed,West
3508,937,2025-05-13,268,Home,2,213.94,33.67,19.54,17.75,952.95,UPI,Pending,West
3509,583,2026-04-05,200,Electronics,2,49.48,11.5,22.37,10.36,707.47,Cash,Returned,North
3510,358,2025-04-25,147,Home,4,95.93,7.38,13.16,11.44,19.29,Cash,Cancelled,South
3511,1011,2025-10-14,198,Home,3,53.3,46.56,17.45,5.6,264.12,Card,Completed,South
3512,166,2026-03-29,157,Electronics,5,45.32,33.27,28.09,3.06,597.74,Cash,Returned,East
3513,127,2025-12-11,211,Books,3,223.83,42.81,20.11,8.16,45.05,Card,Pending,South
3514,380,2025-12-07,235,Electronics,2,210.82,2.73,10.27,7.5,264.85,Card,Pending,North
3515,315,2025-05-24,217,Home,3,122.9,39.28,26.1,3.57,262.24,UPI,Pending,North
3516,814,2025-03-07,283,Home,1,262.37,19.93,17.67,4.14,5.73,Cash,Completed,West
3517,474,2025-08-04,244,Home,1,28.57,24.99,24.8,8.36,160.73,Card,Pending,East
3518,170,2025-05-27,197,Home,1,78.04,22.42,26.95,18.89,87.1,UPI,Pending,North
3519,124,2025-09-09,229,Home,5,272.86,24.53,6.8,15.88,709.31,UPI,Returned,West
3520,961,2025-01-06,240,Home,3,229.31,12.97,21.38,4.91,898.49,UPI,Returned,North
3521,338,2025-03-19,241,Books,2,145.49,37.03,18.46,14.99,911.73,Cash,Completed,East
3522,845,2026-04-21,253,Electronics,1,184.64,24.48,10.15,18.61,-16.24,Card,Cancelled,West
3523,455,2025-11-03,146,Home,1,243.03,24.71,24.39,12.55,801.59,Card,Completed,East
3524,536,2026-02-20,222,Electronics,4,171.67,41.37,6.61,3.68,75.73,Card,Returned,West
3525,149,2025-10-29,141,Electronics,3,57.82,6.71,12.87,7.04,131.8,UPI,Returned,North
3526,282,2025-04-26,161,Books,2,236.98,16.18,14.45,8.45,465.77,UPI,Completed,East
3527,32,2025-09-18,282,Home,1,279.79,20.74,13.11,14.15,927.71,UPI,Pending,East
3528,60,2025-01-15,233,Electronics,5,177.58,11.45,25.81,2.3,368.96,Card,Pending,East
3529,522,2025-03-28,239,Books,2,198.07,28.61,7.54,17.8,-13.83,Cash,Completed,East
3530,120,2026-03-30,249,Books,2,150.4,49.78,19.72,0.09,500.99,Card,Pending,East
3531,592,2025-06-04,291,Electronics,1,220.62,47.64,24.01,14.49,657.06,Cash,Pending,North
3532,149,2025-07-31,111,Home,1,68.18,11.93,10.31,13.66,273.56,Cash,Completed,East
3533,225,2025-05-21,272,Home,3,128.1,9.07,20.64,16.06,956.33,UPI,Returned,East
3534,814,2025-01-07,216,Electronics,3,218.62,5.18,1.64,12.97,613.52,Cash,Cancelled,East
3535,514,2025-05-11,171,Home,4,263.37,14.11,17.8,0.21,134.39,Card,Cancelled,South
3536,124,2025-05-09,118,Books,2,242.15,21.74,10.27,12.1,4.66,Cash,Cancelled,East
3537,334,2025-01-24,252,Books,3,276.12,36.72,29.89,17.78,821.63,Cash,Pending,East
3538,359,2025-10-25,256,Books,1,244.26,9.58,21.23,19.65,764.25,Card,Returned,West
3539,1,2025-11-25,126,Electronics,2,247.02,3.53,27.64,11.95,401.62,UPI,Completed,South
3540,242,2025-12-06,227,Books,3,26.37,23.81,24.01,5.2,933.6,Cash,Completed,South
3541,601,2025-09-08,176,Books,3,270.65,19.41,17.32,8.62,435.51,Cash,Pending,South
3542,105,2026-01-02,173,Home,4,264.75,23.53,25.33,18.93,535.4,Card,Returned,West
3543,486,2025-05-20,130,Electronics,1,208.41,28.09,17.73,4.56,406.25,UPI,Cancelled,East
3544,862,2026-02-17,158,Home,3,145.53,49.86,25.75,16.51,471.44,Cash,Cancelled,West
3544,862,2026-02-17,158,Home,3,145.53,49.86,25.75,16.51,471.44,Cash,Cancelled,West
3546,744,2026-03-04,295,Home,2,148.54,29.18,18.36,19.65,529.8,Card,Completed,South
3547,78,2025-08-02,216,Electronics,2,148.18,2.47,28.36,1.71,319.61,Card,Cancelled,South
3548,472,2025-10-04,197,Books,5,130.25,25.95,11.62,1.15,505.82,Cash,Returned,East
3549,300,2025-10-21,164,Home,4,82.74,29.2,3.6,11.49,605.97,Card,Completed,North
3550,836,2025-03-09,282,Home,4,33.34,42.06,20.64,12.29,-30.93,UPI,Completed,South
3551,47,2025-07-28,179,Electronics,3,184.6,6.01,19.72,8.67,-5.07,UPI,Completed,East
3552,395,2025-10-20,156,Home,3,91.54,23.58,24.69,2.72,811.93,Cash,Completed,South
3553,857,2025-04-11,216,Books,3,174.12,0.93,6.31,17.19,888.64,UPI,Returned,East
3554,428,2026-03-18,126,Home,4,57.01,20.54,26.9,14.06,703.6,UPI,Pending,South
3555,692,2025-07-19,237,Home,2,298.47,8.97,5.06,9.53,797.44,Cash,Completed,North
3555,692,2025-07-19,237,Home,2,298.47,8.97,5.06,9.53,797.44,Cash,Completed,North
3557,403,2026-02-09,152,Home,4,177.04,30.66,11.44,1.8,381.77,UPI,Cancelled,East
3558,35,2026-01-23,271,Books,4,225.09,28.62,11.21,5.87,424.56,UPI,Pending,South
3559,689,2025-01-29,185,Books,3,93.31,16.61,17.6,12.11,633.71,UPI,Cancelled,South
3560,243,2025-08-25,184,Home,1,112.49,5.33,6.73,2.24,828.65,Card,Cancelled,East
3561,129,2025-09-27,164,Home,2,137.18,38.58,5.27,4.84,29.47,Cash,Returned,East
3562,727,2025-10-14,292,Electronics,3,190.43,18.07,23.85,10.06,919.44,Card,Completed,North
3563,1010,2025-07-04,258,Books,5,76.75,38.62,24.68,9.21,478.22,Cash,Completed,South
3564,397,2026-04-05,167,Electronics,1,141.72,15.61,7.24,5.51,697.77,Card,Cancelled,East
3565,785,2026-04-02,189,Books,4,243.23,32.93,8.3,16.75,698.73,Card,Completed,West
3566,82,2025-12-03,177,Home,3,20.06,0.66,5.97,10.3,385.12,UPI,Pending,West
3567,871,2025-06-16,196,Electronics,5,93.35,48.36,26.97,10.2,,Card,Pending,East
3568,246,2026-01-06,228,Books,5,16.2,19.77,18.24,6.67,475.93,UPI,Cancelled,West
3569,86,2025-09-30,164,Home,4,206.8,24.26,19.59,7.42,694.25,Cash,Pending,West
3570,279,2025-07-17,227,Electronics,4,288.16,25.04,19.2,11.44,728.56,UPI,Returned,South
3571,970,2026-04-11,162,Electronics,4,160.16,45.36,27.29,15.41,222.15,UPI,Completed,East
3572,804,2026-01-07,139,Books,2,272.82,41.13,18.25,12.32,323.73,Cash,Returned,West
3573,662,2025-07-09,298,Home,4,294.67,41.79,19.71,6.07,618.2,Cash,Completed,South
3574,177,2025-07-01,285,Electronics,4,273.2,42.8,28.66,16.78,925.44,UPI,Cancelled,East
3575,118,2025-09-30,227,Books,2,224.26,19.37,29.8,3.75,653.23,Card,Cancelled,South
3576,839,2025-04-02,270,Home,4,287.25,13.08,29.73,3.71,272.02,Cash,Returned,North
3577,134,2025-11-14,207,Home,3,134.99,23.09,18.75,2.6,950.7,UPI,Returned,North
3578,996,2025-02-13,300,Home,5,138.8,20.56,26.6,3.92,733.55,Cash,Pending,South
3579,550,2025-08-17,127,Books,1,93.09,13.17,17.97,7.37,449.48,UPI,Pending,South
3580,4,2025-04-05,297,Electronics,1,58.46,41.38,22.12,1.24,574.06,UPI,Pending,West
3581,480,2025-09-16,205,Books,4,295.67,19.62,7.34,15.34,816.18,Cash,Cancelled,South
3582,993,2025-03-09,231,Books,5,85.02,46.05,6.8,19.17,-35.36,UPI,Pending,East
3583,622,2025-07-22,202,Home,2,285.04,16.39,20.66,1.73,419.47,Card,Cancelled,West
3584,917,2025-09-19,299,Electronics,3,81.54,0.97,19.46,18.12,876.55,Card,Pending,North
3585,97,2025-06-16,148,Electronics,1,143.33,41.66,3.74,10.44,101.46,Card,Completed,South
3586,217,2025-02-04,173,Electronics,2,135.13,38.14,13.14,5.29,103.26,UPI,Pending,North
3587,276,2026-02-08,264,Electronics,4,278.55,31.19,12.2,2.63,,Cash,Cancelled,East
3588,921,2026-04-03,113,Books,3,104.1,13.0,11.89,19.86,13.34,Card,Pending,West
3589,211,2026-04-22,278,Books,5,237.66,10.46,15.37,0.88,483.79,Card,Cancelled,East
3590,428,2025-02-11,194,Books,4,172.34,28.86,9.81,1.88,50.78,Card,Returned,West
3591,65,2026-01-11,153,Electronics,4,95.4,29.71,25.67,11.6,580.43,Cash,Returned,East
3592,782,2026-04-21,220,Home,4,228.8,41.41,18.68,1.81,821.71,UPI,Cancelled,North
3593,430,2026-02-12,113,Electronics,4,188.2,35.72,23.33,11.3,377.78,UPI,Cancelled,West
3594,130,2026-02-11,130,Home,1,116.88,44.37,20.9,9.88,972.39,UPI,Pending,South
3595,295,2025-02-10,106,Home,5,70.49,35.25,2.91,8.11,76.24,Card,Completed,North
3596,941,2025-06-07,154,Home,5,198.1,19.73,21.02,1.79,990.74,Cash,Pending,North
3597,367,2025-10-16,158,Books,3,129.8,45.15,27.26,0.26,36.53,Cash,Returned,South
3598,425,2025-09-27,233,Electronics,4,121.43,20.77,5.83,17.35,976.08,Card,Returned,East
3599,900,2025-07-24,161,Books,1,83.54,26.25,26.69,0.52,355.66,Card,Returned,North
3599,900,2025-07-24,161,Books,1,83.54,26.25,26.69,0.52,355.66,Card,Returned,North
3601,237,2025-02-16,230,Electronics,4,102.2,1.57,3.61,12.56,965.59,UPI,Pending,West
3602,943,2026-04-14,205,Electronics,3,51.24,1.83,6.96,13.33,430.16,UPI,Cancelled,West
3603,379,2025-10-27,219,Home,2,250.09,40.63,23.83,0.39,101.14,UPI,Pending,East
3604,544,2026-01-04,198,Books,2,146.12,7.29,13.13,7.68,839.08,UPI,Cancelled,East
3605,97,2025-04-10,194,Books,2,291.34,6.85,15.53,19.38,730.23,Card,Pending,North
3606,522,2025-08-17,232,Home,3,209.92,2.41,8.07,17.01,136.79,Cash,Cancelled,South
3607,1011,2026-01-03,159,Home,2,120.8,22.55,28.27,9.65,165.01,Card,Cancelled,East
3608,612,2025-12-29,195,Electronics,2,76.5,32.89,16.86,10.54,162.26,Cash,Returned,North
3609,586,2026-02-25,297,Books,2,131.82,35.06,17.56,0.76,248.73,Card,Cancelled,West
3610,639,2026-03-04,191,Electronics,3,168.94,23.29,14.0,16.16,996.52,UPI,Pending,South
3611,751,2025-05-06,182,Electronics,5,263.64,35.48,4.3,0.95,-47.57,Cash,Pending,West
3612,262,2025-12-24,235,Electronics,2,255.8,3.39,27.81,2.79,281.68,Card,Pending,West
3613,128,2025-09-30,119,Electronics,5,36.21,31.26,19.47,12.59,524.05,Card,Pending,South
3614,857,2025-05-13,105,Books,4,267.81,2.26,1.94,17.9,-34.46,Cash,Completed,East
3615,246,2026-01-01,201,Books,5,238.0,23.18,13.58,18.5,521.96,UPI,Cancelled,South
3616,704,2025-10-14,287,Home,1,253.15,26.15,1.16,9.58,206.85,Cash,Cancelled,West
3616,704,2025-10-14,287,Home,1,253.15,26.15,1.16,9.58,206.85,Cash,Cancelled,West
3618,745,2025-01-28,281,Electronics,1,188.54,6.08,24.67,5.35,-4.93,Card,Completed,South
3619,867,2025-04-20,187,Books,4,84.97,45.49,14.88,10.05,-36.23,UPI,Completed,West
3620,195,2026-04-14,124,Books,3,95.61,8.19,15.51,3.54,889.68,Card,Pending,East
3621,812,2025-10-30,103,Home,4,15.46,39.31,25.62,19.61,267.96,UPI,Pending,East
3622,134,2025-08-18,124,Home,5,258.75,14.42,27.21,5.86,901.27,Card,Cancelled,East
3623,400,2025-04-30,279,Home,1,84.59,37.07,28.0,0.12,268.87,Card,Completed,North
3624,572,2025-04-20,203,Books,3,116.18,10.47,17.49,15.53,,UPI,Returned,North
3625,403,2026-03-11,216,Home,5,66.62,41.44,20.66,4.5,263.99,Card,Completed,East
3626,202,2025-06-28,121,Home,5,42.63,39.44,5.18,1.24,172.13,UPI,Completed,South
3627,679,2025-03-07,137,Books,1,270.31,34.67,8.88,5.48,777.15,UPI,Returned,East
3628,916,2025-03-10,204,Electronics,1,185.53,40.09,18.03,2.34,197.16,UPI,Returned,South
3629,887,2025-03-23,104,Electronics,2,183.57,23.45,22.35,11.0,675.56,UPI,Cancelled,South
3630,630,2025-12-27,168,Books,4,270.88,3.1,10.06,8.05,238.8,Card,Cancelled,South
3631,193,2026-04-07,254,Electronics,4,165.29,19.97,7.88,1.63,,UPI,Pending,West
3632,479,2026-01-21,146,Electronics,3,54.33,15.04,3.04,1.28,578.65,UPI,Returned,North
3633,287,2026-03-28,213,Home,1,29.45,28.45,20.54,0.2,763.77,Cash,Returned,East
3634,56,2025-11-01,161,Home,1,232.12,2.68,16.12,5.8,,Cash,Returned,East
3635,650,2025-06-21,261,Books,3,122.31,46.23,18.39,15.23,491.98,UPI,Returned,South
3636,349,2026-05-08,175,Home,4,284.75,42.11,23.34,12.84,637.88,Cash,Returned,South
3636,349,2026-05-08,175,Home,4,284.75,42.11,23.34,12.84,637.88,Cash,Returned,South
3638,161,2025-10-08,268,Electronics,3,269.49,11.51,25.87,9.62,482.32,Cash,Completed,West
3639,557,2025-12-16,275,Books,5,177.53,29.72,17.41,4.16,13.45,Cash,Cancelled,North
3640,643,2026-03-13,232,Electronics,1,185.57,27.11,21.76,19.91,478.39,UPI,Returned,East
3641,476,2025-09-28,114,Home,2,18.93,47.95,9.92,16.24,116.72,Cash,Cancelled,South
3642,232,2025-02-15,258,Electronics,5,197.08,40.74,14.28,14.14,383.8,Card,Returned,North
3643,717,2025-01-02,160,Books,2,91.02,15.92,24.0,5.77,52.58,UPI,Completed,North
3644,111,2025-05-12,197,Home,1,49.48,44.91,3.65,8.85,463.48,Card,Cancelled,North
3645,908,2025-04-20,169,Books,4,286.87,49.12,2.1,11.71,501.29,UPI,Returned,North
3646,330,2025-03-30,219,Books,2,287.89,7.25,16.27,7.1,790.04,Cash,Cancelled,South
3647,210,2025-10-07,129,Books,4,152.13,45.29,4.52,16.78,710.19,Cash,Completed,West
3648,506,2025-01-04,135,Home,2,168.19,18.0,15.41,18.4,164.18,Cash,Pending,East
3649,601,2025-02-17,176,Books,1,282.55,8.36,24.86,7.15,297.58,Cash,Pending,West
3650,182,2025-06-02,154,Electronics,5,245.47,5.57,4.74,16.55,293.73,Cash,Cancelled,West
3651,89,2025-06-15,208,Electronics,2,261.48,20.2,14.86,7.85,657.63,Card,Returned,West
3652,973,2025-06-11,136,Home,1,9.51,43.47,8.81,2.05,129.53,UPI,Cancelled,South
3653,797,2025-09-30,264,Books,2,251.77,36.19,2.48,13.65,623.16,Cash,Pending,South
3654,304,2025-04-26,262,Electronics,3,238.92,20.84,18.11,2.38,694.45,Cash,Returned,West
3655,802,2025-01-26,109,Books,5,230.02,23.92,21.73,19.65,212.4,UPI,Returned,East
3655,802,2025-01-26,109,Books,5,230.02,23.92,21.73,19.65,212.4,UPI,Returned,East
3657,554,2026-03-18,280,Books,4,94.01,33.1,6.11,19.88,338.52,UPI,Returned,North
3658,298,2025-10-22,200,Books,2,118.58,39.13,5.89,6.17,980.02,Card,Cancelled,South
3659,1000,2025-07-23,262,Electronics,1,286.37,17.21,6.08,18.56,279.08,Card,Pending,North
3660,58,2026-04-08,235,Books,5,185.62,41.4,16.09,9.77,519.21,Cash,Returned,North
3661,22,2025-06-04,173,Books,4,155.59,6.79,23.12,19.78,435.63,Card,Returned,East
3662,813,2026-04-03,248,Home,3,210.74,42.69,29.12,2.14,561.12,Card,Completed,East
3663,819,2025-03-22,176,Home,2,178.97,44.42,11.97,0.94,427.12,Cash,Returned,West
3664,985,2025-05-20,259,Home,3,152.85,41.49,4.44,5.23,777.98,Cash,Completed,South
3665,335,2025-03-14,205,Electronics,2,216.37,11.88,7.93,18.33,321.84,Cash,Returned,East
3666,6,2025-12-01,245,Electronics,2,200.92,25.03,7.62,17.66,181.09,UPI,Cancelled,North
3667,557,2025-05-13,195,Electronics,1,249.67,38.37,13.39,18.75,559.13,Cash,Pending,East
3668,984,2026-01-26,170,Books,5,109.67,23.05,21.51,17.83,608.87,Cash,Pending,South
3669,41,2026-04-20,123,Books,3,152.68,39.63,6.94,15.55,757.36,Card,Pending,North
3670,46,2026-01-15,215,Books,5,23.15,36.87,3.07,6.24,969.85,UPI,Pending,East
3671,111,2025-01-05,183,Books,4,168.11,43.08,28.51,5.01,433.25,Card,Completed,West
3672,430,2025-01-31,126,Electronics,3,179.09,29.16,19.83,11.63,559.07,Cash,Pending,South
3673,371,2025-08-30,267,Home,5,148.99,30.49,18.19,17.73,51.18,Cash,Returned,West
3674,631,2025-04-16,158,Home,1,294.45,49.04,9.03,16.31,166.68,Card,Completed,West
3675,148,2026-01-01,279,Books,2,13.74,24.98,29.93,12.77,39.08,Cash,Returned,West
3676,977,2026-03-21,194,Books,3,143.48,48.76,17.19,3.72,282.76,Card,Returned,East
3677,763,2025-07-04,169,Electronics,2,242.16,48.51,29.14,11.84,475.81,UPI,Returned,East
3678,132,2025-01-12,258,Books,5,197.7,26.92,20.51,8.78,331.01,Card,Pending,East
3679,379,2025-05-31,173,Books,4,210.32,11.77,3.07,2.96,616.24,UPI,Completed,North
3680,133,2025-03-06,193,Home,3,198.05,0.94,26.86,3.48,903.7,UPI,Returned,West
3681,19,2025-11-20,236,Electronics,5,59.57,5.21,5.99,16.49,81.73,Card,Completed,West
3682,255,2025-12-24,255,Electronics,5,13.0,30.44,16.49,11.88,34.57,UPI,Returned,North
3683,254,2026-03-08,132,Books,2,122.75,12.65,15.63,17.08,861.09,Cash,Returned,South
3684,71,2025-05-25,250,Home,4,225.1,35.52,8.1,18.49,385.68,Card,Cancelled,East
3685,885,2026-03-15,219,Home,3,17.64,25.45,25.25,8.96,345.07,Cash,Completed,South
3686,33,2025-03-02,100,Books,1,96.94,44.14,21.42,15.69,215.22,Cash,Completed,East
3687,103,2025-05-21,132,Books,1,260.5,21.32,4.68,7.8,,Card,Returned,West
3688,890,2025-08-28,197,Books,3,183.11,47.91,24.42,17.29,727.0,Card,Completed,South
3689,802,2025-12-06,270,Home,1,232.15,31.43,18.52,7.41,367.53,Card,Pending,East
3690,551,2025-02-22,243,Books,2,169.69,5.09,5.26,15.97,-8.81,Card,Returned,South
3691,114,2025-08-25,208,Home,2,166.96,42.27,14.67,2.66,779.49,Cash,Cancelled,South
3692,26,2025-10-30,255,Electronics,1,7.12,36.9,24.31,13.44,290.21,Card,Pending,West
3693,199,2026-04-29,235,Electronics,3,250.0,4.86,8.83,5.54,321.27,UPI,Completed,East
3694,707,2025-09-24,236,Books,2,57.82,46.11,18.86,8.44,807.49,Card,Pending,East
3695,736,2026-04-17,139,Home,1,22.07,14.75,28.96,5.25,202.73,UPI,Completed,West
3696,418,2025-07-14,103,Home,3,218.62,2.98,26.35,9.46,182.89,Cash,Returned,South
3697,303,2025-05-04,194,Books,4,235.09,4.0,19.6,2.82,33.19,Card,Pending,East
3698,274,2025-05-11,146,Books,2,158.91,30.25,8.02,11.67,-41.81,Card,Pending,North
3699,94,2025-07-06,244,Books,3,193.5,48.9,21.13,5.76,9.16,Card,Completed,North
3700,833,2025-08-31,199,Home,5,184.83,23.53,11.87,15.71,147.59,Cash,Completed,East
3701,324,2026-01-13,129,Books,2,34.62,16.07,23.73,16.03,797.91,UPI,Completed,East
3702,450,2026-02-15,102,Electronics,2,80.3,44.36,7.78,19.09,768.73,Card,Pending,South
3703,77,2026-03-21,145,Electronics,1,288.07,16.1,25.82,17.42,671.24,Card,Pending,North
3704,743,2026-02-16,263,Home,5,115.64,10.66,20.46,4.11,157.45,Card,Completed,East
3705,9,2025-12-31,104,Home,5,63.54,15.26,23.69,9.05,524.47,Cash,Returned,West
3706,318,2025-03-03,112,Electronics,1,53.77,14.08,17.38,6.72,84.78,Card,Returned,West
3707,3,2025-11-18,114,Electronics,3,55.39,21.8,3.11,12.62,931.25,Cash,Cancelled,West
3708,363,2025-01-25,258,Home,3,201.34,9.87,25.05,5.92,812.27,UPI,Cancelled,West
3709,162,2025-12-31,229,Electronics,1,164.24,8.19,15.69,6.3,656.77,Cash,Cancelled,South
3710,545,2026-01-12,245,Electronics,4,245.24,3.92,8.06,9.06,724.16,Cash,Cancelled,West
3711,972,2026-01-21,101,Electronics,2,223.02,37.6,9.75,16.04,882.64,Card,Returned,South
3712,99,2025-11-08,281,Books,2,196.28,6.86,26.68,4.53,994.85,Cash,Completed,North
3713,299,2025-02-10,244,Books,1,63.6,44.09,26.98,3.56,614.12,Card,Completed,North
3714,407,2026-01-21,184,Electronics,3,118.0,14.5,25.35,3.35,441.24,Cash,Cancelled,East
3715,605,2026-01-16,194,Books,4,112.88,30.28,27.61,16.19,551.92,Cash,Pending,East
3716,574,2026-04-18,205,Home,4,195.1,18.35,7.0,1.86,172.6,Card,Pending,North
3717,233,2025-06-23,168,Home,1,78.68,26.39,25.45,18.94,826.12,Cash,Pending,South
3718,970,2025-06-03,108,Books,3,229.88,31.86,14.04,6.76,858.0,UPI,Pending,South
3719,827,2026-02-25,173,Home,2,208.04,19.83,19.23,8.45,,Card,Cancelled,North
3720,897,2025-06-19,111,Home,3,244.35,11.85,18.99,16.62,203.37,Card,Returned,South
3721,755,2026-01-26,192,Electronics,1,80.01,38.46,9.91,4.14,421.26,Cash,Completed,North
3722,512,2025-06-30,236,Books,1,224.55,44.16,8.32,15.24,187.69,UPI,Completed,North
3723,459,2026-05-16,136,Electronics,4,293.99,36.56,12.32,17.93,505.66,Card,Completed,North
3724,960,2025-10-12,178,Home,5,200.0,7.98,2.74,9.32,165.2,Card,Completed,East
3725,462,2025-06-20,268,Electronics,4,53.3,39.21,2.49,2.86,,UPI,Completed,North
3726,363,2025-05-21,299,Electronics,1,46.65,36.35,26.94,4.56,107.52,Card,Pending,East
3726,363,2025-05-21,299,Electronics,1,46.65,36.35,26.94,4.56,107.52,Card,Pending,East
3726,363,2025-05-21,299,Electronics,1,46.65,36.35,26.94,4.56,107.52,Card,Pending,East
3729,57,2025-05-27,154,Electronics,4,245.33,4.99,11.37,5.05,540.12,Cash,Returned,West
3730,118,2026-04-01,156,Books,3,279.2,13.9,13.9,15.69,,UPI,Returned,East
3731,452,2025-03-17,115,Books,5,219.47,3.26,11.33,14.3,978.1,Card,Pending,West
3732,1011,2025-01-29,265,Home,2,171.97,42.31,16.89,1.98,830.29,Cash,Returned,West
3733,603,2025-01-29,181,Electronics,2,49.67,24.45,27.24,1.43,828.14,UPI,Completed,South
3734,819,2025-04-28,241,Electronics,5,72.17,40.55,26.92,6.96,786.61,Cash,Pending,South
3734,819,2025-04-28,241,Electronics,5,72.17,40.55,26.92,6.96,786.61,Cash,Pending,South
3736,136,2025-11-17,249,Home,2,191.86,27.32,17.88,1.67,44.4,Card,Completed,North
3737,718,2025-08-24,181,Home,1,57.02,47.3,4.77,16.37,605.39,Cash,Pending,East
3737,718,2025-08-24,181,Home,1,57.02,47.3,4.77,16.37,605.39,Cash,Pending,East
3739,85,2025-03-22,284,Electronics,2,134.59,23.78,18.83,8.47,878.56,UPI,Completed,North
3740,526,2025-09-01,103,Books,3,145.38,38.78,21.65,16.83,813.86,Cash,Returned,East
3741,935,2025-05-28,204,Books,1,20.67,14.51,4.44,5.35,687.3,Card,Returned,West
3742,34,2025-01-21,214,Home,3,263.75,39.92,17.9,19.84,281.53,Card,Cancelled,East
3743,461,2025-12-03,127,Electronics,2,83.54,38.1,16.2,4.56,386.58,UPI,Returned,South
3744,114,2025-09-30,100,Home,3,89.45,7.42,3.17,11.02,180.49,Card,Returned,South
3745,386,2025-03-30,173,Books,2,52.3,18.22,19.29,15.8,571.52,UPI,Returned,West
3746,377,2025-04-19,157,Books,3,11.09,37.77,26.6,3.12,403.44,Card,Returned,East
3747,550,2025-12-26,170,Electronics,5,229.01,2.22,19.91,7.95,198.86,UPI,Cancelled,South
3748,783,2025-01-20,156,Electronics,2,128.02,7.87,3.69,11.95,501.45,Cash,Returned,North
3749,221,2025-10-18,184,Books,1,87.75,12.97,15.14,8.06,133.17,UPI,Pending,East
3750,945,2025-07-12,288,Electronics,5,268.73,4.35,12.62,16.53,108.45,Card,Returned,South
3751,958,2025-07-10,164,Home,3,55.96,45.84,1.78,10.52,448.52,UPI,Returned,West
3752,8,2025-09-06,109,Books,1,139.22,31.41,22.96,18.64,204.75,UPI,Returned,East
3753,1010,2025-02-15,260,Electronics,3,206.29,3.06,2.83,3.54,521.77,Cash,Completed,West
3754,866,2025-04-30,221,Electronics,3,221.44,16.69,11.72,3.4,45.11,Card,Pending,East
3755,521,2026-05-10,176,Home,3,183.59,28.05,11.48,11.45,612.73,UPI,Completed,East
3756,719,2026-03-03,103,Books,1,8.98,40.28,12.0,0.3,-28.63,Cash,Completed,North
3757,784,2025-03-13,224,Electronics,5,151.75,28.19,8.35,0.61,312.68,UPI,Cancelled,West
3758,487,2026-05-07,236,Home,5,134.39,23.7,11.98,5.93,799.07,Card,Returned,West
3759,204,2026-03-25,237,Electronics,5,114.54,3.12,1.97,13.47,481.94,Card,Returned,South
3760,342,2025-03-21,293,Home,2,154.47,17.35,6.38,2.68,506.76,Card,Cancelled,East
3761,344,2026-02-05,185,Home,5,174.47,24.55,18.96,18.56,2.42,UPI,Pending,West
3762,689,2026-03-30,266,Books,3,178.17,32.3,15.04,12.24,0.72,UPI,Cancelled,South
3763,465,2025-09-17,252,Electronics,2,283.22,17.43,19.82,17.59,263.86,Cash,Pending,South
3764,102,2025-05-28,113,Home,4,187.42,3.2,8.81,19.31,153.4,Card,Cancelled,South
3765,470,2026-05-05,300,Home,4,286.45,44.96,25.55,11.87,895.62,Cash,Cancelled,East
3766,760,2025-06-08,124,Books,1,160.37,16.65,15.53,1.21,740.29,Cash,Cancelled,South
3767,451,2025-10-30,285,Books,4,178.0,42.78,5.32,14.8,937.61,UPI,Cancelled,North
3768,901,2026-05-07,184,Home,1,219.69,15.86,23.9,18.13,832.51,Card,Pending,East
3769,130,2026-05-10,264,Electronics,3,41.52,14.61,20.99,10.63,935.73,Card,Returned,East
3770,999,2026-03-13,279,Books,3,146.71,24.24,7.6,18.24,,Cash,Completed,West
3771,399,2025-04-12,257,Books,4,230.07,18.57,3.71,18.45,469.64,Cash,Completed,North
3772,567,2025-01-19,173,Home,2,36.83,19.24,17.64,14.15,857.75,Card,Returned,South
3773,80,2025-09-01,177,Books,4,53.94,15.63,15.69,18.39,236.97,Cash,Completed,West
3773,80,2025-09-01,177,Books,4,53.94,15.63,15.69,18.39,236.97,Cash,Completed,West
3775,471,2026-04-17,156,Books,1,181.5,9.41,10.92,6.58,,UPI,Completed,West
3776,804,2025-08-18,124,Home,2,253.15,27.98,28.07,12.73,926.44,Cash,Pending,South
3777,690,2025-10-11,243,Electronics,1,33.93,38.12,3.5,18.33,669.19,Cash,Pending,North
3778,551,2025-04-20,110,Electronics,5,245.72,0.72,5.86,4.34,746.75,UPI,Returned,North
3779,709,2025-09-27,232,Home,4,118.65,45.33,15.01,10.97,349.86,Card,Cancelled,North
3780,488,2025-11-13,217,Books,5,46.14,10.52,12.53,13.77,-11.49,UPI,Cancelled,East
3781,178,2025-08-31,154,Books,2,270.39,36.14,5.58,9.35,23.99,Cash,Cancelled,East
3782,425,2025-06-08,289,Electronics,5,79.87,24.31,8.16,15.35,,Cash,Cancelled,West
3783,724,2025-07-02,223,Books,2,185.61,34.92,8.35,3.32,166.34,Cash,Cancelled,North
3784,938,2026-04-07,121,Home,5,26.72,2.2,24.09,18.84,833.6,UPI,Pending,West
3785,157,2025-03-11,206,Home,1,58.44,18.42,16.88,19.58,816.45,UPI,Completed,West
3786,724,2026-02-19,246,Home,2,176.94,20.68,10.53,2.23,383.24,Card,Returned,West
3787,365,2025-06-16,161,Books,5,26.83,47.56,27.58,4.53,951.55,Cash,Completed,North
3788,534,2026-01-02,210,Home,5,84.66,48.18,25.55,18.42,560.0,Card,Cancelled,North
3789,725,2025-09-06,226,Electronics,5,16.27,33.51,21.31,9.79,467.91,Cash,Cancelled,West
3790,208,2026-01-07,298,Home,5,44.31,24.18,10.87,1.94,707.82,UPI,Returned,South
3791,361,2025-07-14,232,Books,4,255.36,7.03,29.94,3.9,927.57,Cash,Returned,West
3792,496,2025-08-17,158,Electronics,3,251.76,30.99,19.78,0.94,707.94,UPI,Pending,South
3793,871,2026-01-07,190,Home,3,133.47,13.45,5.94,15.79,-38.01,UPI,Returned,South
3794,107,2025-04-15,153,Home,2,268.91,19.56,6.03,13.06,762.74,Cash,Completed,West
3795,162,2025-05-26,262,Electronics,2,25.84,32.98,2.66,19.46,880.33,Card,Pending,North
3796,787,2025-10-18,293,Electronics,1,149.56,29.9,13.55,14.45,568.86,Cash,Completed,West
3797,1020,2025-07-14,288,Books,4,135.56,19.7,10.29,14.85,969.9,UPI,Returned,South
3798,446,2025-04-13,256,Home,2,280.81,36.83,20.88,0.89,966.55,Cash,Completed,West
3799,291,2025-03-01,208,Electronics,4,118.14,34.01,26.45,16.36,-4.46,Card,Completed,South
3800,277,2025-08-07,107,Home,2,45.55,17.87,20.8,9.86,699.84,UPI,Pending,East
3801,967,2025-08-08,155,Electronics,3,281.92,46.73,24.55,3.87,735.95,UPI,Returned,South
3802,504,2025-03-12,176,Electronics,4,30.2,12.84,23.9,16.63,252.46,Card,Cancelled,West
3803,52,2025-08-15,247,Electronics,4,217.11,8.22,22.95,1.76,837.5,Card,Completed,North
3804,151,2025-01-05,172,Books,5,138.51,27.33,27.74,17.54,395.42,Card,Cancelled,West
3805,423,2025-06-27,299,Electronics,3,200.62,8.92,29.31,9.52,870.57,Cash,Pending,North
3806,61,2025-09-20,147,Electronics,3,53.97,48.84,23.54,5.63,761.52,UPI,Returned,South
3807,24,2026-03-20,279,Electronics,1,243.62,1.83,23.82,8.13,469.45,UPI,Completed,South
3808,982,2025-07-01,265,Electronics,1,207.68,18.6,29.72,0.09,471.75,UPI,Completed,West
3809,621,2026-04-06,212,Home,3,64.65,16.75,10.99,14.08,721.51,UPI,Returned,West
3810,302,2025-07-09,167,Home,5,230.89,37.47,8.73,13.7,562.12,Card,Pending,North
3811,966,2026-02-10,272,Electronics,3,288.93,47.8,21.9,15.78,357.0,Cash,Cancelled,North
3812,348,2025-07-04,188,Electronics,5,111.73,18.63,4.14,3.01,993.0,Cash,Returned,North
3813,39,2025-06-19,224,Books,3,85.97,41.63,8.45,14.77,377.59,Cash,Pending,South
3814,490,2025-05-18,217,Electronics,4,100.28,11.33,25.71,2.83,666.26,Cash,Pending,West
3815,278,2025-01-08,172,Electronics,2,185.09,24.4,9.57,1.48,,Card,Returned,South
3816,867,2025-10-09,111,Home,4,89.63,1.21,7.96,5.64,461.2,Card,Pending,East
3817,975,2025-09-28,102,Electronics,1,31.98,1.79,3.9,5.64,20.48,Card,Returned,East
3818,658,2025-03-15,152,Electronics,2,196.69,18.08,27.78,13.58,846.11,Cash,Pending,West
3819,890,2026-03-10,295,Electronics,5,31.93,45.16,22.72,16.8,449.67,UPI,Completed,West
3820,470,2026-01-25,249,Home,3,282.05,45.21,8.47,18.61,809.16,Cash,Pending,North
3821,400,2025-07-05,240,Electronics,1,156.86,21.42,28.71,13.15,850.48,UPI,Completed,East
3822,493,2026-03-29,155,Electronics,5,118.72,26.59,27.16,19.25,231.39,Cash,Returned,West
3822,493,2026-03-29,155,Electronics,5,118.72,26.59,27.16,19.25,231.39,Cash,Returned,West
3824,557,2026-01-03,222,Books,1,139.11,44.94,11.0,7.43,828.28,Cash,Returned,North
3824,557,2026-01-03,222,Books,1,139.11,44.94,11.0,7.43,828.28,Cash,Returned,North
3826,225,2025-12-05,265,Books,3,65.98,31.08,26.25,10.27,135.82,UPI,Completed,West
3827,796,2025-02-22,109,Electronics,1,132.2,6.39,28.61,1.9,22.0,Cash,Returned,East
3828,147,2026-01-26,199,Electronics,5,135.9,32.71,25.59,10.27,476.53,Card,Completed,South
3829,828,2025-03-04,146,Home,5,103.31,43.05,20.67,2.49,72.49,Cash,Returned,West
3830,461,2025-01-31,289,Home,4,154.13,31.79,23.31,6.17,882.66,UPI,Cancelled,North
3831,261,2025-05-03,197,Home,3,258.55,25.41,6.2,1.6,991.14,UPI,Pending,South
3832,529,2025-08-09,172,Electronics,5,25.77,23.6,10.16,13.01,263.47,UPI,Returned,West
3833,581,2026-03-28,221,Home,3,121.22,37.74,24.88,14.21,-22.35,Cash,Completed,East
3834,255,2025-03-22,212,Books,1,97.74,11.39,29.36,4.91,178.44,UPI,Pending,South
3835,154,2025-04-16,229,Home,4,286.09,12.95,17.93,9.45,45.01,Cash,Pending,West
3836,935,2026-03-16,288,Books,2,293.44,40.78,17.15,12.2,279.16,UPI,Pending,North
3837,171,2026-02-03,300,Home,1,35.13,12.26,9.21,12.3,-7.24,Cash,Completed,West
3838,914,2025-07-17,200,Home,1,13.09,3.05,23.66,17.73,254.65,Card,Returned,South
3839,342,2026-03-13,291,Books,3,80.18,13.17,10.26,1.92,698.13,UPI,Pending,West
3840,223,2025-08-15,278,Books,1,151.39,37.15,25.63,9.85,165.08,UPI,Cancelled,South
3841,816,2025-11-05,182,Home,4,175.09,38.86,8.41,4.94,917.35,UPI,Completed,East
3841,816,2025-11-05,182,Home,4,175.09,38.86,8.41,4.94,917.35,UPI,Completed,East
3843,144,2025-05-12,113,Electronics,5,53.56,16.09,6.01,15.42,437.89,Card,Cancelled,North
3844,496,2026-04-10,147,Electronics,5,26.2,24.15,15.72,7.53,521.25,Card,Completed,North
3845,110,2025-07-08,257,Home,3,55.34,7.46,3.44,17.23,627.28,Card,Cancelled,South
3846,267,2025-10-10,212,Home,2,165.17,18.51,4.5,1.35,894.22,Cash,Cancelled,West
3847,355,2026-05-05,108,Home,4,160.26,24.73,14.3,12.15,149.12,UPI,Returned,West
3848,772,2025-06-01,281,Books,5,97.16,14.08,21.62,13.43,356.07,UPI,Pending,South
3849,606,2026-02-22,159,Electronics,2,296.04,31.83,10.41,8.77,499.57,UPI,Completed,East
3850,180,2025-12-18,248,Home,2,205.49,28.14,18.08,19.38,135.74,UPI,Pending,East
3851,434,2025-06-08,173,Home,5,166.05,39.7,17.35,2.66,225.25,Cash,Cancelled,East
3852,79,2026-03-13,160,Electronics,1,50.01,5.46,17.83,6.3,779.29,Cash,Returned,North
3853,775,2025-10-07,124,Electronics,3,48.62,34.96,7.07,6.3,969.69,UPI,Cancelled,West
3853,775,2025-10-07,124,Electronics,3,48.62,34.96,7.07,6.3,969.69,UPI,Cancelled,West
3855,430,2026-05-09,201,Electronics,2,65.2,18.81,3.9,12.2,909.32,UPI,Pending,South
3856,754,2025-10-13,141,Home,2,54.27,12.46,23.43,0.4,458.9,UPI,Pending,North
3856,754,2025-10-13,141,Home,2,54.27,12.46,23.43,0.4,458.9,UPI,Pending,North
3858,181,2025-12-20,211,Home,4,83.14,41.24,29.18,1.99,,UPI,Returned,North
3859,767,2025-08-19,202,Home,2,222.49,5.55,11.27,9.78,571.44,Cash,Returned,North
3860,376,2026-03-08,156,Books,4,116.19,42.86,13.36,3.24,426.68,UPI,Cancelled,West
3861,718,2025-05-30,122,Books,5,134.08,38.4,25.89,4.68,-44.23,Cash,Cancelled,South
3862,368,2025-06-28,192,Books,3,144.88,20.17,11.8,2.31,206.1,Cash,Returned,South
3863,130,2025-07-26,287,Electronics,2,108.65,38.81,17.57,4.84,360.15,UPI,Completed,East
3863,130,2025-07-26,287,Electronics,2,108.65,38.81,17.57,4.84,360.15,UPI,Completed,East
3865,263,2025-03-25,300,Home,1,141.64,42.18,5.18,13.07,25.19,UPI,Cancelled,East
3866,872,2025-06-25,182,Home,1,201.15,25.62,1.73,10.79,783.43,Cash,Returned,East
3867,192,2026-04-04,120,Home,5,212.83,3.69,11.56,2.05,528.34,Cash,Completed,East
3868,794,2025-06-03,184,Electronics,1,39.75,4.43,25.8,6.23,187.8,UPI,Completed,North
3869,519,2025-07-18,284,Home,4,202.89,43.66,23.34,12.84,808.45,UPI,Completed,West
3870,425,2025-10-20,283,Books,5,245.34,27.63,14.46,14.15,356.78,Cash,Cancelled,South
3871,852,2025-05-13,211,Home,4,34.63,15.88,19.94,9.59,616.32,Cash,Cancelled,East
3872,386,2025-01-14,277,Books,3,261.89,12.5,8.72,8.79,33.54,Card,Pending,West
3873,414,2025-10-28,153,Electronics,3,82.09,44.5,24.45,14.27,680.84,Cash,Completed,West
3874,891,2025-11-05,119,Home,5,43.53,34.34,11.38,10.26,223.91,UPI,Pending,East
3875,120,2025-08-12,241,Books,2,141.18,42.6,18.74,18.85,111.4,Card,Returned,North
3876,708,2025-08-08,207,Home,5,86.79,43.08,26.52,19.54,615.22,Card,Completed,South
3877,922,2025-10-07,231,Electronics,1,36.77,2.95,14.14,12.31,665.37,UPI,Returned,East
3878,237,2025-04-19,118,Books,2,145.8,44.54,25.81,2.71,272.68,UPI,Returned,North
3879,1004,2026-03-10,106,Electronics,3,221.73,31.18,2.47,11.99,455.03,UPI,Completed,West
3879,1004,2026-03-10,106,Electronics,3,221.73,31.18,2.47,11.99,455.03,UPI,Completed,West
3881,455,2025-02-24,232,Home,5,19.64,40.66,27.78,16.43,152.22,Card,Cancelled,North
3882,631,2025-03-03,131,Books,1,204.82,43.36,6.32,8.0,355.32,UPI,Cancelled,South
3883,770,2025-01-15,292,Books,1,177.96,28.32,24.9,2.42,849.89,Cash,Pending,West
3884,965,2026-03-11,298,Books,4,269.01,48.58,19.1,3.77,633.86,UPI,Returned,West
3885,189,2025-03-10,169,Home,2,44.44,4.94,11.54,2.54,302.23,UPI,Pending,West
3886,440,2026-05-10,248,Books,2,109.08,23.76,13.87,16.49,184.76,UPI,Cancelled,East
3887,646,2026-04-28,278,Books,5,212.2,0.95,18.72,16.2,176.8,Cash,Returned,South
3888,598,2026-03-27,222,Books,4,181.37,38.91,28.48,12.31,,UPI,Cancelled,East
3889,328,2026-01-30,240,Home,1,130.89,31.56,1.91,2.12,996.6,Cash,Completed,South
3890,757,2025-09-17,110,Books,5,50.77,14.46,6.35,18.91,560.58,UPI,Completed,South
3891,19,2026-03-27,125,Books,5,35.16,47.01,21.84,14.13,547.29,Card,Cancelled,North
3892,58,2026-04-20,100,Electronics,4,6.54,13.24,1.16,15.57,670.25,Cash,Pending,North
3893,663,2026-03-26,145,Home,3,5.23,34.26,16.04,9.23,217.01,UPI,Returned,East
3894,108,2025-02-08,224,Home,3,51.5,2.06,8.58,12.57,551.05,Card,Cancelled,East
3895,977,2025-08-23,129,Books,1,140.38,41.7,25.43,1.54,205.21,Card,Cancelled,West
3896,892,2026-05-12,253,Electronics,3,209.05,22.01,22.61,9.51,804.26,Cash,Returned,South
3897,407,2025-10-21,108,Home,4,194.86,42.49,13.43,3.01,976.29,Card,Pending,East
3898,792,2025-12-19,255,Electronics,3,74.02,15.35,22.73,4.21,-32.55,UPI,Completed,West
3899,1019,2025-04-06,139,Home,3,33.83,34.08,4.5,4.65,996.85,Card,Returned,North
3900,821,2025-11-28,249,Electronics,1,236.07,11.61,24.46,1.23,856.77,Card,Completed,South
3901,704,2025-01-06,104,Home,4,202.63,12.16,2.57,3.67,,UPI,Returned,North
3902,218,2025-11-09,288,Electronics,2,43.48,14.7,29.72,6.88,47.45,Cash,Completed,East
3903,556,2025-12-14,164,Books,3,257.23,5.83,11.15,10.68,806.53,Card,Cancelled,East
3904,551,2026-01-13,281,Home,1,200.38,37.84,22.25,1.5,48.48,Cash,Returned,West
3905,233,2025-07-09,156,Home,3,220.08,28.57,15.61,2.35,427.01,Cash,Cancelled,East
3906,59,2025-02-22,189,Books,5,216.31,7.49,15.87,2.76,140.3,UPI,Cancelled,West
3907,333,2026-05-13,204,Books,2,45.21,14.75,24.7,16.84,604.44,Card,Completed,West
3908,97,2025-04-21,197,Books,4,20.8,0.94,21.87,9.59,441.73,Cash,Completed,South
3909,892,2026-04-05,197,Books,2,75.19,26.53,5.35,12.37,673.76,UPI,Pending,East
3910,154,2025-02-22,279,Home,5,254.45,39.78,27.36,14.35,436.87,Card,Cancelled,North
3911,84,2026-02-28,149,Home,3,97.86,0.28,13.94,18.97,9.4,Cash,Pending,East
3912,509,2025-09-12,295,Electronics,1,196.01,7.14,24.59,9.86,716.63,Cash,Pending,West
3913,785,2025-02-08,189,Books,3,130.08,46.87,4.53,18.7,618.89,Cash,Pending,East
3914,950,2025-08-11,106,Electronics,1,177.9,27.56,18.34,19.45,23.74,Cash,Returned,West
3915,791,2026-03-22,219,Books,4,231.34,4.4,13.03,12.62,-2.84,Card,Returned,South
3916,453,2025-08-05,199,Books,2,97.66,20.33,19.18,0.57,80.54,Card,Cancelled,North
3917,148,2026-05-04,104,Electronics,3,298.14,31.44,9.74,12.25,368.6,Cash,Pending,North
3918,469,2026-01-12,164,Electronics,4,194.5,4.16,26.13,11.9,710.72,Card,Cancelled,East
3918,469,2026-01-12,164,Electronics,4,194.5,4.16,26.13,11.9,710.72,Card,Cancelled,East
3920,731,2025-04-21,272,Home,2,260.09,12.01,12.12,10.27,82.89,UPI,Returned,North
3921,319,2026-04-14,111,Home,5,169.44,9.34,27.0,9.22,717.88,UPI,Pending,North
3922,475,2025-01-08,282,Home,2,71.75,21.69,17.75,1.68,257.42,Cash,Cancelled,South
3923,372,2026-05-08,176,Electronics,1,41.46,26.15,15.2,8.85,696.08,Cash,Pending,North
3924,884,2025-11-08,111,Books,2,178.21,28.4,1.2,10.6,491.46,UPI,Completed,South
3925,826,2025-12-13,145,Electronics,2,150.38,25.63,15.46,13.29,609.15,Cash,Completed,North
3926,570,2025-06-20,173,Home,3,173.56,3.32,25.16,5.07,668.53,Cash,Cancelled,East
3927,89,2025-07-04,129,Home,5,167.94,0.32,20.41,1.64,130.24,Cash,Completed,South
3928,704,2025-02-02,154,Electronics,1,159.05,29.03,8.9,3.49,470.27,UPI,Pending,South
3929,506,2026-01-27,192,Home,5,59.86,4.05,21.94,14.81,818.91,UPI,Cancelled,West
3930,969,2025-04-02,246,Books,3,84.56,5.31,4.14,8.73,656.06,Cash,Returned,East
3931,235,2025-04-11,161,Books,3,218.14,4.73,15.59,18.55,206.61,Cash,Returned,East
3931,235,2025-04-11,161,Books,3,218.14,4.73,15.59,18.55,206.61,Cash,Returned,East
3933,457,2025-09-22,132,Books,5,227.65,27.54,20.19,9.4,805.4,Card,Completed,South
3934,573,2025-05-03,292,Home,1,121.77,6.78,3.74,7.67,780.83,Cash,Cancelled,North
3935,407,2025-12-06,177,Home,2,295.2,23.93,27.94,2.36,-1.11,Card,Pending,North
3936,768,2025-04-08,249,Books,4,105.91,16.58,4.05,6.33,702.77,Card,Pending,East
3937,452,2025-10-04,179,Electronics,2,168.07,45.25,12.37,6.39,145.4,Card,Cancelled,West
3938,12,2025-02-24,218,Electronics,4,172.94,20.18,5.71,17.15,267.09,UPI,Pending,North
3939,292,2025-09-24,148,Books,5,63.03,39.5,22.11,6.12,203.26,Card,Cancelled,North
3940,123,2025-03-19,130,Electronics,5,114.79,12.7,6.23,10.65,586.71,Cash,Cancelled,East
3941,219,2025-08-10,293,Books,2,210.7,44.55,3.61,18.19,958.1,Card,Completed,South
3942,938,2026-05-15,246,Books,3,101.29,45.69,26.31,14.1,606.55,Card,Returned,South
3942,938,2026-05-15,246,Books,3,101.29,45.69,26.31,14.1,606.55,Card,Returned,South
3944,397,2025-11-01,285,Books,2,227.2,25.48,26.16,16.51,-16.39,Card,Returned,East
3945,483,2025-03-30,254,Home,1,292.34,33.61,14.71,18.51,447.99,UPI,Pending,East
3946,970,2025-08-08,119,Electronics,3,110.51,46.87,2.28,13.99,,UPI,Pending,West
3947,35,2026-01-20,130,Electronics,3,193.19,23.8,18.56,0.61,219.76,Cash,Cancelled,North
3948,1010,2025-07-15,204,Electronics,4,129.13,38.16,14.76,12.75,934.61,Card,Returned,East
3949,889,2025-02-06,145,Books,3,8.72,24.54,11.28,19.81,697.02,Card,Completed,West
3950,716,2025-05-09,288,Home,1,182.43,19.91,27.12,2.25,657.02,UPI,Completed,South
3951,625,2025-06-08,227,Books,2,233.99,10.34,20.18,18.36,922.47,UPI,Completed,South
3952,1018,2025-08-14,235,Home,2,76.79,26.12,9.11,0.87,262.01,Card,Pending,North
3953,172,2025-07-03,147,Electronics,5,169.68,36.2,4.75,4.76,416.03,Cash,Cancelled,South
3954,640,2026-04-27,202,Electronics,3,128.3,12.93,16.27,10.27,883.99,Cash,Cancelled,North
3955,123,2025-02-27,216,Books,1,150.09,25.51,12.42,17.37,,UPI,Pending,South
3956,322,2025-05-20,286,Electronics,5,264.56,1.18,28.02,2.83,199.24,UPI,Completed,South
3957,483,2025-03-10,204,Electronics,5,36.54,43.13,28.83,4.61,229.56,Card,Completed,North
3957,483,2025-03-10,204,Electronics,5,36.54,43.13,28.83,4.61,229.56,Card,Completed,North
3959,861,2025-03-30,111,Electronics,1,276.56,31.11,17.99,1.39,23.04,Card,Completed,East
3960,582,2025-06-05,245,Home,3,44.25,40.41,6.46,18.08,914.42,UPI,Cancelled,North
3961,859,2025-12-22,229,Electronics,2,177.91,1.7,9.05,16.67,820.8,UPI,Completed,North
3962,32,2026-04-26,154,Home,1,134.58,18.59,4.66,6.54,952.2,Card,Pending,North
3963,1017,2025-06-22,129,Home,2,150.19,39.98,25.05,13.31,87.25,Card,Returned,South
3964,442,2026-01-07,281,Electronics,4,237.25,46.6,28.31,16.97,995.44,Cash,Completed,West
3965,411,2025-07-28,126,Electronics,4,59.63,1.38,23.17,9.78,394.7,Cash,Completed,South
3966,593,2025-11-04,169,Electronics,2,112.95,35.88,20.55,15.18,,Card,Completed,West
3967,848,2025-02-26,134,Home,1,46.46,36.44,25.23,1.05,792.32,Cash,Pending,West
3968,137,2026-01-27,106,Home,2,230.33,22.87,20.35,10.23,319.23,Cash,Completed,South
3969,375,2026-01-10,100,Electronics,5,235.64,44.26,27.36,15.6,672.13,Cash,Completed,West
3970,381,2026-03-17,277,Home,5,244.16,22.52,4.98,6.19,593.9,Card,Completed,South
3971,787,2025-08-04,198,Home,2,274.38,49.82,5.3,18.02,,Cash,Returned,North
3971,787,2025-08-04,198,Home,2,274.38,49.82,5.3,18.02,,Cash,Returned,North
3973,942,2025-12-16,226,Home,2,130.17,3.1,4.5,15.64,-41.17,Card,Cancelled,East
3974,491,2025-08-03,163,Books,1,99.7,45.27,12.59,2.11,739.25,Cash,Cancelled,East
3974,491,2025-08-03,163,Books,1,99.7,45.27,12.59,2.11,739.25,Cash,Cancelled,East
3976,558,2025-11-15,295,Home,2,145.18,31.57,27.58,12.57,37.33,Cash,Returned,South
3977,976,2026-01-01,260,Books,4,114.28,24.18,19.41,9.34,,Cash,Cancelled,East
3978,415,2025-04-02,151,Electronics,2,81.8,40.1,10.66,18.73,834.42,Cash,Returned,North
3979,335,2026-05-05,263,Electronics,1,18.38,31.83,23.9,14.3,866.87,UPI,Cancelled,East
3980,30,2025-02-06,282,Electronics,3,214.69,28.04,26.05,9.63,493.02,Card,Pending,South
3981,103,2025-07-17,105,Home,1,174.07,38.87,7.92,10.96,32.62,Cash,Cancelled,South
3982,104,2025-07-31,265,Electronics,5,160.7,28.56,7.36,5.0,767.89,UPI,Cancelled,South
3983,984,2025-06-01,297,Home,1,237.99,3.78,20.71,18.28,820.64,Card,Cancelled,West
3984,146,2025-07-01,123,Electronics,1,256.11,23.01,6.61,13.32,554.66,Card,Pending,West
3985,82,2025-11-03,249,Electronics,4,209.11,33.38,18.59,16.22,515.59,UPI,Pending,North
3986,95,2025-07-11,272,Electronics,2,208.4,26.88,8.65,4.37,86.91,Cash,Returned,South
3987,262,2026-02-26,192,Electronics,2,296.41,44.75,15.31,4.87,951.21,Card,Pending,South
3988,18,2025-12-03,256,Home,3,211.13,1.71,29.42,18.1,166.07,UPI,Pending,West
3989,1015,2025-06-07,251,Home,3,59.24,14.87,26.25,13.69,419.15,Card,Returned,West
3990,629,2025-11-04,192,Home,2,191.11,16.26,4.79,10.71,541.83,Cash,Cancelled,West
3991,578,2025-05-16,178,Home,3,267.82,30.44,30.0,2.36,979.91,UPI,Pending,West
3992,189,2025-09-18,188,Home,4,299.22,36.38,28.25,5.37,290.24,UPI,Completed,West
3993,556,2025-03-16,187,Electronics,3,13.43,25.72,19.85,4.96,583.88,Cash,Cancelled,South
3994,128,2025-10-27,188,Electronics,1,256.7,7.61,29.24,1.73,942.28,Cash,Returned,East
3995,996,2026-04-30,271,Books,1,258.61,6.66,11.18,6.53,348.8,UPI,Pending,South
3996,384,2025-04-05,256,Home,2,253.3,4.73,13.54,13.19,634.63,Card,Returned,North
3997,39,2025-11-29,112,Home,3,157.86,34.62,3.14,5.62,713.48,Card,Pending,East
3998,365,2025-09-23,238,Home,4,211.13,22.6,1.77,9.57,-8.38,UPI,Returned,East
3999,25,2026-02-14,104,Books,5,297.11,27.85,15.81,10.06,482.67,UPI,Completed,West
4000,316,2026-05-10,300,Home,5,188.72,7.67,5.24,2.65,489.12,Cash,Returned,East
4001,361,2026-03-16,177,Home,4,196.86,19.63,9.18,10.86,486.23,Card,Returned,East
4002,101,2025-05-02,171,Home,3,10.59,10.52,22.49,6.77,262.74,Card,Completed,East
4003,252,2026-04-16,163,Home,5,90.2,5.85,2.98,11.66,635.06,Card,Returned,South
4003,252,2026-04-16,163,Home,5,90.2,5.85,2.98,11.66,635.06,Card,Returned,South
4005,268,2025-12-23,231,Books,2,160.19,4.76,19.71,17.92,74.78,Cash,Completed,South
4006,92,2025-03-11,291,Electronics,2,282.64,46.26,20.34,13.82,670.37,Card,Pending,North
4007,783,2025-08-31,264,Home,1,118.95,13.46,16.5,15.59,649.62,Cash,Pending,West
4008,616,2026-04-21,218,Electronics,2,258.93,9.0,6.5,13.92,263.32,Cash,Returned,West
4009,990,2025-09-02,236,Home,2,172.04,34.88,15.06,0.99,536.83,UPI,Cancelled,East
4010,568,2026-03-30,132,Books,1,28.59,25.72,26.2,7.98,367.23,Cash,Completed,West
4011,594,2025-07-25,216,Home,2,18.33,18.25,10.89,2.59,197.58,UPI,Cancelled,East
4012,790,2026-03-27,217,Books,3,64.22,18.71,10.08,19.97,,Card,Returned,East
4013,464,2025-07-18,264,Home,3,130.72,10.06,6.48,9.14,861.16,Card,Pending,South
4014,975,2025-03-25,270,Home,3,212.28,34.08,10.37,5.36,515.2,UPI,Returned,South
4015,564,2025-02-05,204,Electronics,2,228.74,35.31,5.87,1.33,489.81,UPI,Completed,East
4016,961,2025-12-26,224,Books,3,21.56,8.71,18.54,14.12,463.84,UPI,Cancelled,East
4017,521,2025-07-01,197,Books,1,153.95,25.07,11.91,18.67,-37.96,Cash,Pending,West
4018,264,2026-03-30,277,Home,3,146.98,7.06,3.69,7.86,298.63,Cash,Returned,East
4019,60,2025-04-30,157,Books,3,136.45,29.07,4.67,11.27,,UPI,Completed,West
4020,915,2025-02-12,151,Books,5,8.62,26.96,9.76,14.08,507.31,Card,Returned,North
4021,462,2025-11-23,180,Electronics,4,6.18,12.71,20.86,19.39,583.09,Cash,Completed,South
4022,343,2025-10-30,264,Home,1,155.06,28.29,11.07,12.04,,UPI,Completed,West
4023,443,2025-05-17,297,Home,2,242.1,7.13,11.64,19.37,32.23,Cash,Cancelled,East
4024,456,2025-08-03,178,Books,5,280.39,49.93,15.64,9.12,21.91,Cash,Completed,North
4025,467,2025-08-27,271,Electronics,1,273.82,21.41,6.0,18.28,929.07,UPI,Returned,North
4026,279,2025-04-18,253,Electronics,3,295.84,1.24,1.47,9.62,990.04,Card,Pending,South
4027,647,2025-07-18,172,Home,1,170.04,17.92,1.05,5.19,942.44,UPI,Returned,East
4028,915,2025-07-31,145,Electronics,1,96.94,46.64,14.19,6.6,552.45,Card,Cancelled,West
4028,915,2025-07-31,145,Electronics,1,96.94,46.64,14.19,6.6,552.45,Card,Cancelled,West
4030,185,2025-04-28,149,Books,3,87.76,48.52,21.09,0.43,932.72,Cash,Pending,North
4031,882,2025-12-18,124,Home,5,160.35,27.13,18.52,11.77,953.64,Card,Completed,South
4032,771,2025-11-21,125,Electronics,5,242.65,39.04,14.78,11.05,678.54,Cash,Completed,West
4033,595,2026-04-17,292,Electronics,4,251.07,23.33,22.89,9.89,549.7,Card,Cancelled,South
4034,324,2026-05-07,292,Home,1,91.33,7.58,20.32,19.9,340.32,Cash,Pending,South
4035,900,2026-03-28,152,Electronics,4,116.91,30.62,7.63,17.36,25.93,Cash,Returned,West
4036,775,2026-05-11,209,Electronics,2,138.79,5.61,20.94,19.65,287.82,Card,Completed,South
4037,712,2025-02-04,187,Home,3,118.74,45.14,8.57,19.26,292.85,Cash,Cancelled,West
4038,1,2025-03-25,138,Books,2,186.13,48.97,19.03,3.24,261.45,Card,Cancelled,West
4039,429,2025-04-12,281,Home,1,133.42,45.93,7.56,17.58,716.62,Cash,Cancelled,North
4040,327,2025-05-22,221,Electronics,5,133.78,40.48,8.96,1.41,665.58,UPI,Returned,East
4041,751,2025-08-23,104,Home,3,22.94,46.35,2.53,13.4,374.51,Card,Completed,East
4042,842,2025-07-04,139,Electronics,3,34.57,41.12,25.32,5.01,176.7,UPI,Completed,North
4043,587,2026-01-25,135,Home,2,221.37,41.44,22.66,5.89,-49.9,UPI,Pending,North
4044,925,2025-09-11,129,Electronics,5,147.45,23.8,26.87,12.16,703.92,Cash,Cancelled,West
4045,930,2026-05-14,159,Books,4,248.75,33.59,13.09,11.18,606.1,UPI,Returned,East
4046,757,2025-07-23,186,Electronics,4,262.41,40.98,17.2,12.87,572.21,UPI,Cancelled,East
4047,316,2026-04-10,163,Books,1,180.56,28.71,19.94,6.44,647.19,Card,Returned,West
4048,729,2025-12-26,136,Home,4,186.22,48.56,1.08,11.22,742.11,Cash,Returned,East
4049,983,2026-05-11,107,Home,5,252.52,27.62,26.11,5.65,837.21,UPI,Cancelled,North
4050,150,2025-03-08,280,Books,4,89.66,9.82,8.81,6.66,186.79,UPI,Returned,South
4051,416,2025-03-18,102,Home,4,280.54,15.48,11.99,1.36,313.92,UPI,Returned,East
4052,54,2026-03-31,258,Home,3,159.74,12.84,20.76,9.69,545.05,UPI,Returned,East
4053,886,2025-04-05,185,Electronics,4,49.45,18.66,4.84,16.06,505.67,Cash,Cancelled,West
4054,172,2025-01-07,107,Home,2,145.44,48.27,28.33,5.76,948.13,Cash,Pending,North
4055,635,2025-12-21,253,Electronics,2,255.85,13.72,27.52,12.86,,Card,Cancelled,East
4056,304,2026-01-25,264,Electronics,2,96.29,41.79,1.4,17.62,243.02,Card,Returned,North
4057,18,2026-03-19,228,Books,5,142.72,23.67,13.17,9.42,498.79,Cash,Cancelled,North
4058,328,2026-05-03,184,Books,3,67.99,11.46,10.69,7.76,468.38,UPI,Returned,East
4059,423,2025-08-09,298,Home,4,114.51,22.43,22.46,16.61,766.15,UPI,Completed,West
4060,24,2026-03-12,259,Home,1,220.47,2.06,18.4,17.37,194.1,Cash,Returned,North
4061,290,2025-11-25,196,Home,4,197.11,27.47,27.2,16.89,868.13,UPI,Returned,West
4062,337,2025-07-15,155,Home,5,70.87,30.08,22.41,2.46,942.15,Card,Completed,West
4063,549,2026-03-18,136,Electronics,5,290.93,24.84,3.45,2.2,,UPI,Cancelled,West
4064,947,2025-11-12,164,Home,5,119.27,44.39,14.09,14.7,33.82,Cash,Cancelled,South
4065,709,2025-07-19,290,Home,1,53.23,16.21,24.86,3.99,873.75,UPI,Cancelled,West
4066,210,2026-01-11,176,Home,4,186.97,48.51,25.7,3.92,419.27,UPI,Pending,East
4067,149,2025-11-28,248,Electronics,5,254.85,49.2,10.13,3.16,294.66,Cash,Pending,West
4068,739,2026-02-12,150,Electronics,3,200.15,2.64,2.5,3.31,202.99,Cash,Completed,South
4069,278,2025-06-05,291,Electronics,2,120.61,11.77,26.98,6.99,655.66,Card,Cancelled,West
4070,119,2025-01-01,161,Books,4,5.53,37.22,21.33,0.78,775.56,Cash,Completed,West
4071,699,2025-04-24,253,Books,1,97.32,24.45,23.06,1.91,921.92,Cash,Cancelled,North
4071,699,2025-04-24,253,Books,1,97.32,24.45,23.06,1.91,921.92,Cash,Cancelled,North
4073,433,2025-06-27,201,Books,5,292.77,6.83,20.05,3.32,105.35,Card,Completed,West
4074,376,2025-06-22,168,Home,1,53.65,35.04,27.41,12.79,672.13,Cash,Returned,North
4075,162,2025-04-01,249,Books,3,69.73,34.01,22.02,0.3,986.54,UPI,Pending,North
4076,726,2026-04-04,143,Books,1,271.27,14.65,9.37,4.95,816.27,Cash,Completed,North
4077,201,2025-09-16,116,Electronics,2,235.62,8.95,3.62,14.31,75.89,Cash,Returned,North
4078,510,2025-12-20,279,Electronics,2,41.63,42.99,27.47,19.5,235.71,Cash,Pending,South
4078,510,2025-12-20,279,Electronics,2,41.63,42.99,27.47,19.5,235.71,Cash,Pending,South
4080,640,2025-03-21,229,Home,3,110.74,49.49,23.42,13.41,127.64,Card,Returned,East
4081,892,2026-01-16,119,Home,3,211.08,47.11,18.49,11.15,649.47,Card,Cancelled,West
4082,188,2025-12-24,119,Home,5,77.47,20.06,14.93,1.81,241.0,Cash,Returned,West
4083,149,2025-05-07,202,Books,2,56.11,9.32,25.42,18.88,389.2,UPI,Pending,West
4084,983,2025-07-09,237,Books,3,195.1,42.76,17.92,17.09,360.41,Card,Cancelled,North
4085,114,2025-06-29,198,Books,2,168.05,3.55,17.03,16.09,254.7,UPI,Pending,East
4086,806,2025-07-27,235,Home,2,112.75,46.21,1.01,3.58,413.96,Card,Returned,North
4087,611,2025-11-07,146,Books,2,46.07,15.32,26.15,8.0,589.8,UPI,Pending,South
4088,150,2025-06-15,265,Electronics,2,29.11,21.36,12.7,7.48,678.99,Cash,Completed,West
4089,102,2026-04-11,185,Books,3,46.58,0.09,12.32,4.48,751.47,Cash,Returned,West
4090,85,2026-02-14,220,Home,2,286.39,30.23,15.61,7.2,720.23,Card,Cancelled,South
4091,441,2026-04-20,275,Home,2,199.81,49.93,8.04,0.99,152.69,UPI,Completed,North
4092,209,2025-04-14,232,Home,3,283.41,14.08,23.6,5.19,162.39,Card,Cancelled,South
4093,306,2025-06-16,133,Books,2,235.06,45.04,20.71,15.84,416.95,UPI,Pending,North
4094,195,2025-04-02,294,Books,4,6.95,38.76,25.38,10.94,731.28,Card,Returned,West
4095,444,2025-04-17,149,Electronics,4,284.88,13.63,24.18,0.79,623.02,Cash,Completed,North
4096,757,2025-09-04,223,Electronics,4,158.77,17.87,15.6,11.7,929.28,UPI,Returned,South
4097,717,2025-06-10,290,Home,3,267.11,30.36,1.62,12.85,992.43,Card,Completed,East
4098,911,2026-04-12,272,Electronics,1,76.96,48.87,22.94,7.18,182.05,UPI,Pending,East
4099,470,2025-09-30,143,Home,5,17.62,10.76,16.23,13.12,874.48,UPI,Pending,South
4100,523,2025-11-15,299,Books,5,137.21,11.81,15.65,7.08,749.96,UPI,Pending,West
4101,256,2025-03-03,142,Home,2,101.98,43.41,5.42,3.81,510.45,Cash,Cancelled,North
4102,629,2025-10-19,157,Books,2,234.27,31.12,20.23,6.54,441.81,UPI,Returned,East
4103,946,2026-01-18,101,Home,3,147.18,25.49,6.6,13.13,83.65,Cash,Pending,East
4104,594,2025-11-18,222,Electronics,3,25.26,28.14,28.8,0.73,240.34,Cash,Cancelled,South
4105,991,2025-02-17,221,Books,1,153.99,25.63,17.41,18.91,143.45,Cash,Cancelled,North
4106,443,2026-03-06,224,Books,1,34.87,44.42,26.58,14.7,332.11,Card,Cancelled,North
4107,981,2025-01-08,212,Electronics,4,17.82,46.5,26.76,6.28,766.49,Card,Pending,West
4108,346,2026-03-10,174,Home,2,245.18,48.06,10.62,9.45,549.14,UPI,Completed,South
4108,346,2026-03-10,174,Home,2,245.18,48.06,10.62,9.45,549.14,UPI,Completed,South
4110,295,2025-03-09,190,Books,2,48.33,29.2,23.94,6.97,438.6,UPI,Completed,South
4111,54,2025-06-12,112,Home,1,153.38,44.75,13.4,17.61,847.26,Cash,Cancelled,South
4112,568,2025-06-21,100,Electronics,4,251.1,24.75,12.22,10.68,262.81,Card,Completed,North
4113,55,2026-03-11,260,Books,2,146.4,9.21,10.4,10.65,855.23,Card,Completed,East
4114,225,2025-11-21,288,Electronics,2,133.94,28.84,15.62,11.55,623.26,Card,Cancelled,East
4115,312,2025-02-26,276,Electronics,5,88.12,15.83,4.67,5.53,390.05,Card,Cancelled,West
4116,654,2025-12-06,183,Electronics,2,280.59,12.61,23.38,4.56,106.87,Card,Cancelled,West
4117,310,2025-09-22,159,Home,5,84.96,2.51,4.07,3.59,842.77,UPI,Completed,North
4118,463,2025-08-29,201,Home,1,39.4,11.56,24.16,12.74,67.8,Cash,Cancelled,East
4119,434,2025-12-07,151,Books,1,220.21,38.44,3.93,15.82,138.25,Cash,Cancelled,South
4120,180,2026-01-18,258,Electronics,1,286.31,42.32,14.35,8.4,354.52,Cash,Cancelled,North
4121,629,2025-01-06,174,Electronics,1,90.39,2.48,14.51,12.49,977.82,Cash,Completed,East
4122,69,2026-02-17,198,Books,2,64.21,21.69,28.27,4.35,201.5,UPI,Completed,South
4123,657,2025-08-07,136,Home,4,122.89,4.27,23.56,0.74,923.74,Card,Pending,North
4124,394,2025-02-19,101,Home,4,65.08,14.51,2.79,17.07,94.1,UPI,Cancelled,North
4125,358,2025-10-13,209,Home,4,7.49,45.69,25.1,0.04,702.7,Cash,Cancelled,North
4125,358,2025-10-13,209,Home,4,7.49,45.69,25.1,0.04,702.7,Cash,Cancelled,North
4127,841,2026-01-24,250,Home,2,267.07,24.67,19.98,18.93,950.35,Card,Returned,West
4128,949,2025-12-21,135,Books,1,89.9,47.39,21.01,4.3,-35.3,UPI,Pending,East
4129,983,2025-10-25,215,Home,2,152.38,6.28,12.15,6.63,634.68,Card,Pending,North
4130,554,2025-02-18,112,Electronics,4,86.62,21.32,2.09,18.81,829.54,Cash,Cancelled,East
4131,212,2025-03-30,225,Electronics,3,266.12,26.7,18.26,12.25,567.18,UPI,Returned,North
4132,954,2026-02-20,201,Books,5,22.56,42.95,25.2,10.74,821.05,Card,Completed,South
4133,297,2025-05-07,158,Books,5,47.17,8.43,24.8,19.32,,Cash,Pending,South
4134,897,2025-09-26,119,Home,4,121.2,38.17,26.63,11.79,56.16,Card,Returned,North
4135,170,2025-05-24,160,Books,3,156.05,39.88,8.82,17.09,9.69,UPI,Returned,North
4136,111,2025-11-01,230,Electronics,4,151.19,44.07,1.18,8.17,320.49,Card,Cancelled,South
4137,470,2026-02-27,224,Home,1,220.99,49.35,20.95,15.05,182.64,Card,Pending,South
4138,512,2025-11-03,256,Electronics,2,112.83,40.91,2.67,10.42,671.9,Card,Returned,West
4139,769,2026-04-04,200,Home,1,31.16,25.08,19.22,15.38,49.34,UPI,Cancelled,East
4140,203,2026-04-22,278,Electronics,3,246.65,10.79,5.32,13.45,132.69,UPI,Returned,North
4141,677,2025-06-08,140,Home,4,70.29,33.18,17.95,15.31,160.6,Cash,Returned,West
4142,815,2026-01-29,239,Electronics,3,53.5,7.85,2.25,0.56,814.87,Cash,Completed,West
4143,554,2025-11-23,137,Books,1,141.88,1.39,16.02,14.97,,UPI,Cancelled,North
4144,896,2025-03-27,120,Electronics,4,235.95,31.42,3.92,9.75,982.9,UPI,Cancelled,West
4145,485,2025-02-02,202,Home,4,114.7,8.15,19.83,12.65,180.18,UPI,Completed,West
4146,550,2025-12-14,207,Home,3,170.99,8.02,29.78,2.97,838.58,UPI,Pending,North
4147,348,2026-04-17,244,Home,4,49.83,23.98,17.92,10.1,-35.53,UPI,Cancelled,South
4148,589,2025-03-22,143,Home,5,41.48,47.52,14.76,9.61,438.07,Card,Pending,East
4149,472,2026-04-09,251,Books,1,82.59,6.99,24.4,8.38,657.52,Cash,Completed,North
4150,750,2025-12-31,142,Home,2,63.74,10.1,24.68,17.3,845.71,UPI,Completed,North
4151,664,2025-10-30,102,Electronics,4,214.94,44.02,6.37,3.13,792.79,Card,Completed,West
4152,568,2025-06-22,143,Home,3,215.87,4.61,13.06,2.8,37.2,UPI,Pending,South
4153,7,2025-09-26,287,Electronics,4,239.28,49.39,5.22,9.05,965.51,UPI,Completed,West
4154,568,2025-06-05,243,Electronics,1,159.08,7.03,4.32,3.81,781.92,UPI,Cancelled,North
4155,385,2026-02-08,118,Home,5,29.77,29.05,29.0,10.04,449.98,UPI,Completed,South
4156,875,2026-03-03,189,Books,5,294.24,26.69,23.88,6.11,548.75,Cash,Completed,East
4157,35,2025-02-18,133,Books,5,196.45,11.84,26.52,11.36,505.0,UPI,Cancelled,West
4158,145,2025-03-26,107,Books,5,137.58,41.47,3.57,4.37,621.93,UPI,Completed,East
4159,190,2025-06-09,206,Books,3,12.76,6.13,24.99,18.5,581.46,Cash,Completed,East
4160,53,2025-09-05,279,Electronics,5,224.02,3.71,23.85,15.44,966.42,Cash,Completed,South
4161,276,2025-06-20,225,Books,1,177.15,36.05,8.44,17.46,612.11,UPI,Cancelled,South
4162,376,2026-03-06,246,Books,4,140.56,23.42,18.9,7.4,948.09,Cash,Completed,South
4163,526,2025-04-21,125,Home,1,117.38,19.38,9.42,14.43,287.45,Card,Pending,South
4164,20,2026-05-07,160,Electronics,1,20.44,40.73,15.22,2.02,748.05,UPI,Returned,South
4165,420,2025-07-08,191,Home,2,272.45,4.57,12.7,11.37,86.36,Cash,Pending,East
4166,802,2025-05-31,131,Electronics,2,57.27,25.63,12.32,14.85,531.34,Cash,Pending,West
4167,490,2026-04-14,266,Home,1,126.16,18.86,20.96,5.1,356.05,Cash,Pending,South
4168,918,2025-11-05,166,Electronics,4,206.47,3.8,14.51,18.93,652.1,UPI,Cancelled,East
4169,183,2025-01-20,221,Electronics,4,28.05,36.12,20.2,12.2,349.09,UPI,Completed,East
4170,286,2025-12-12,148,Electronics,2,226.78,12.05,12.34,0.39,14.01,Card,Pending,West
4171,356,2025-12-28,115,Electronics,4,193.77,28.63,2.62,7.12,313.8,UPI,Cancelled,South
4172,962,2026-02-26,167,Electronics,2,291.59,4.92,2.67,15.28,285.01,Cash,Cancelled,East
4173,378,2025-11-02,256,Home,1,156.58,7.9,20.42,12.95,602.65,UPI,Completed,South
4174,126,2026-03-21,236,Books,3,41.47,40.35,25.85,5.63,658.07,Card,Pending,North
4175,986,2025-10-26,236,Electronics,4,114.61,34.55,15.09,2.49,67.75,Card,Pending,South
4176,154,2025-01-18,168,Books,2,80.2,27.53,27.01,1.11,438.68,Cash,Completed,East
4177,430,2025-09-03,271,Electronics,1,21.5,1.65,13.73,13.15,68.35,UPI,Pending,South
4178,753,2026-01-31,120,Electronics,1,136.0,35.62,5.28,6.52,585.62,UPI,Completed,South
4179,442,2026-04-11,113,Books,3,36.25,15.54,23.97,2.06,-38.34,Cash,Completed,South
4180,661,2025-08-30,127,Books,1,119.69,9.17,23.96,18.97,544.18,UPI,Completed,West
4181,498,2025-06-01,260,Home,3,78.5,8.13,16.82,9.9,918.21,Cash,Cancelled,South
4182,126,2025-04-14,263,Home,5,22.9,5.35,17.3,5.95,740.73,UPI,Cancelled,East
4183,239,2025-06-27,245,Books,1,268.66,41.83,21.54,15.68,973.46,Cash,Completed,South
4184,672,2025-12-18,234,Home,1,260.87,46.79,27.5,8.03,402.22,Cash,Completed,East
4185,767,2025-08-15,145,Home,1,196.87,22.97,12.29,18.88,719.26,Card,Returned,East
4186,371,2025-06-06,207,Home,4,166.17,44.82,21.81,2.07,238.64,Cash,Pending,East
4187,520,2025-07-08,225,Home,2,22.0,36.11,25.25,17.23,-44.45,Card,Returned,West
4188,593,2025-10-20,288,Books,5,135.8,40.77,16.43,3.02,827.58,Cash,Completed,East
4189,298,2025-09-17,210,Electronics,4,116.87,11.29,2.2,1.53,252.39,Card,Returned,East
4190,237,2025-09-10,108,Books,3,177.69,46.71,12.05,1.56,65.98,Card,Returned,South
4191,473,2025-11-18,225,Books,1,243.4,30.02,22.48,5.4,688.73,Cash,Completed,North
4192,745,2025-02-03,191,Home,2,174.7,26.28,1.84,14.43,360.05,UPI,Returned,East
4193,953,2025-12-15,299,Home,2,219.95,11.49,12.79,12.98,-41.66,Cash,Cancelled,North
4194,135,2025-11-16,263,Books,1,58.0,0.31,24.8,1.71,508.82,UPI,Completed,South
4195,839,2025-06-09,140,Electronics,1,52.46,4.98,21.37,8.87,54.37,Card,Cancelled,East
4196,110,2025-10-20,278,Books,5,189.52,21.07,17.67,15.16,743.8,Cash,Pending,East
4197,93,2026-05-14,167,Home,5,264.19,36.03,9.09,16.99,427.88,UPI,Pending,West
4198,827,2025-05-24,142,Electronics,1,19.47,47.96,19.78,9.31,-21.8,Cash,Cancelled,West
4199,2,2025-02-12,229,Home,2,279.08,41.24,8.25,4.93,581.02,Cash,Returned,North
4200,456,2025-08-15,256,Home,4,266.08,21.59,12.35,0.54,801.03,Cash,Pending,East
4201,892,2025-12-20,188,Books,4,223.38,9.96,18.55,18.72,909.88,Cash,Completed,East
4201,892,2025-12-20,188,Books,4,223.38,9.96,18.55,18.72,909.88,Cash,Completed,East
4203,913,2025-10-22,171,Home,2,9.34,44.15,21.29,12.41,910.66,Card,Completed,East
4204,354,2025-03-05,255,Electronics,5,245.44,9.93,28.04,13.69,877.76,Cash,Pending,North
4205,464,2025-09-22,179,Home,3,229.03,48.24,13.95,1.58,479.03,Card,Pending,West
4206,938,2026-01-10,194,Electronics,2,129.4,29.83,25.42,19.36,303.46,Card,Returned,North
4207,462,2025-09-21,121,Books,5,16.7,10.78,19.29,17.52,848.62,Card,Cancelled,East
4208,831,2025-05-27,205,Electronics,3,182.36,14.42,9.68,19.61,152.21,UPI,Returned,East
4209,659,2026-02-21,124,Books,2,29.55,20.0,8.06,3.13,19.67,Card,Pending,West
4210,971,2025-10-18,266,Books,5,215.9,33.37,18.09,14.87,808.63,UPI,Pending,East
4211,526,2025-10-29,138,Home,5,130.46,26.31,27.75,8.91,9.25,Cash,Returned,North
4211,526,2025-10-29,138,Home,5,130.46,26.31,27.75,8.91,9.25,Cash,Returned,North
4213,104,2026-01-14,280,Home,3,39.18,21.0,9.04,1.7,342.65,UPI,Completed,South
4214,986,2026-01-19,156,Home,3,162.01,18.95,6.66,15.22,,UPI,Pending,West
4214,986,2026-01-19,156,Home,3,162.01,18.95,6.66,15.22,,UPI,Pending,West
4216,660,2025-01-28,151,Home,5,189.98,48.2,9.18,15.81,961.92,Cash,Pending,East
4217,410,2025-08-30,226,Electronics,3,10.12,47.8,5.83,19.1,158.75,Card,Cancelled,North
4218,886,2025-11-26,288,Home,4,173.95,29.5,11.65,11.33,-46.07,Cash,Cancelled,North
4219,197,2026-02-26,295,Electronics,3,31.64,28.48,5.63,17.43,375.07,UPI,Completed,South
4220,661,2026-01-29,200,Electronics,3,222.2,34.08,10.26,18.7,258.52,Cash,Pending,East
4221,796,2025-07-05,235,Home,2,52.69,21.24,3.3,11.79,196.38,Card,Returned,North
4222,580,2025-01-05,257,Electronics,3,80.55,43.6,7.91,18.87,-29.69,Card,Pending,South
4223,614,2025-08-08,142,Electronics,1,45.28,43.94,22.71,17.55,422.15,Cash,Completed,South
4224,171,2025-06-20,136,Home,4,136.11,41.77,1.44,4.28,478.09,Card,Cancelled,South
4225,1020,2025-03-17,281,Electronics,3,227.83,13.18,24.9,0.34,330.97,UPI,Returned,West
4226,174,2025-10-28,162,Electronics,2,52.69,24.64,29.28,2.35,836.07,Card,Cancelled,North
4227,134,2025-10-23,182,Electronics,2,96.86,7.46,27.81,1.06,203.78,Card,Completed,North
4228,638,2026-03-26,114,Books,4,263.46,49.79,8.38,17.42,298.2,Cash,Pending,North
4229,914,2025-04-10,109,Electronics,2,169.27,10.41,21.48,11.63,248.97,Cash,Cancelled,North
4230,738,2025-08-27,167,Books,3,139.1,40.12,22.8,8.32,150.71,Card,Returned,East
4231,911,2026-04-03,295,Electronics,5,7.9,4.26,14.37,16.13,402.62,UPI,Cancelled,West
4232,54,2025-06-17,138,Books,1,261.05,43.52,3.66,8.5,597.19,Card,Cancelled,West
4233,934,2025-12-04,230,Electronics,2,54.66,8.47,12.84,7.52,989.08,UPI,Cancelled,South
4234,1015,2025-07-14,205,Books,5,76.14,4.37,16.01,10.38,266.28,UPI,Cancelled,North
4235,283,2026-02-06,170,Electronics,4,276.58,40.55,12.2,19.06,455.66,UPI,Returned,West
4236,959,2025-12-16,104,Home,2,210.59,31.17,25.5,13.21,420.67,UPI,Completed,West
4237,407,2025-02-14,178,Electronics,3,194.83,10.8,24.81,12.25,770.75,UPI,Completed,South
4238,825,2025-09-19,128,Books,3,227.82,44.96,25.31,5.34,537.66,Cash,Pending,East
4239,806,2025-11-14,127,Home,3,116.48,26.24,20.06,16.06,67.31,Card,Completed,South
4240,74,2026-04-04,132,Books,4,115.99,13.59,29.13,11.58,967.16,Card,Returned,West
4241,930,2025-12-23,240,Home,4,120.08,7.46,21.41,16.39,199.03,Cash,Pending,West
4242,254,2025-01-24,298,Electronics,1,219.73,41.97,23.19,15.79,243.19,Card,Pending,East
4243,674,2025-01-26,125,Books,2,83.0,34.1,26.42,18.41,416.68,UPI,Completed,West
4244,75,2025-11-10,193,Home,1,107.03,21.55,7.86,9.36,649.13,Card,Pending,North
4245,851,2025-06-13,122,Home,2,239.59,19.22,8.46,18.44,33.75,Cash,Pending,South
4246,789,2026-02-28,237,Books,3,264.15,33.55,13.09,16.98,,Cash,Returned,South
4247,945,2025-11-26,131,Electronics,2,33.57,34.6,11.93,0.69,209.68,UPI,Pending,West
4248,721,2026-01-18,291,Electronics,4,75.52,12.32,14.14,16.11,477.6,UPI,Completed,East
4249,888,2025-04-01,181,Electronics,1,247.53,25.28,14.29,7.55,739.0,Cash,Returned,North
4250,823,2025-07-17,144,Home,4,86.93,34.88,1.73,14.43,79.72,UPI,Cancelled,West
4251,1011,2025-08-04,179,Books,5,65.7,24.04,8.99,2.74,951.75,UPI,Pending,South
4252,798,2025-05-09,169,Electronics,4,299.35,22.6,3.93,6.89,175.24,UPI,Cancelled,East
4253,341,2025-03-07,231,Books,4,264.4,47.79,1.71,3.5,-23.06,Cash,Pending,West
4254,985,2025-12-22,235,Electronics,3,293.75,9.07,7.34,7.34,944.22,UPI,Completed,North
4255,581,2026-01-11,127,Electronics,2,179.0,20.83,14.25,9.38,-27.97,Card,Cancelled,South
4256,713,2025-01-24,135,Books,3,124.71,44.92,23.5,0.13,865.62,Cash,Cancelled,South
4257,811,2025-03-25,222,Books,4,211.41,47.86,18.46,15.94,543.99,Card,Pending,West
4258,304,2025-01-01,198,Electronics,5,276.59,25.21,19.12,4.12,692.92,Card,Completed,North
4259,355,2025-08-09,190,Home,3,235.2,17.35,5.8,13.23,968.36,Card,Completed,East
4260,852,2025-02-27,292,Electronics,4,15.46,29.88,7.18,8.7,554.99,Cash,Returned,South
4260,852,2025-02-27,292,Electronics,4,15.46,29.88,7.18,8.7,554.99,Cash,Returned,South
4262,682,2025-08-14,219,Home,3,12.13,10.84,16.92,2.99,892.26,Cash,Cancelled,South
4263,807,2025-01-29,294,Electronics,1,229.08,43.88,11.42,0.39,377.33,UPI,Pending,South
4263,807,2025-01-29,294,Electronics,1,229.08,43.88,11.42,0.39,377.33,UPI,Pending,South
4263,807,2025-01-29,294,Electronics,1,229.08,43.88,11.42,0.39,377.33,UPI,Pending,South
4266,108,2025-07-27,194,Home,3,118.95,35.35,12.29,8.45,219.34,Cash,Cancelled,East
4267,314,2025-08-22,258,Home,2,263.25,37.69,13.04,4.75,437.89,UPI,Completed,North
4268,25,2026-01-19,267,Electronics,2,81.5,11.2,9.1,19.86,892.2,Cash,Cancelled,South
4269,631,2025-03-05,291,Books,2,41.93,21.84,22.15,7.86,744.94,Cash,Pending,South
4270,832,2026-04-02,126,Home,3,168.52,35.07,7.25,9.23,894.1,UPI,Returned,West
4271,337,2026-04-14,102,Books,5,128.41,26.62,7.91,8.87,302.7,Cash,Pending,South
4272,535,2025-10-31,280,Books,3,64.66,9.92,21.47,5.6,654.16,Card,Pending,South
4273,531,2026-04-19,182,Electronics,5,63.32,28.22,3.92,15.82,164.71,UPI,Pending,South
4274,117,2025-02-05,194,Books,1,182.25,30.08,8.23,2.35,170.67,UPI,Pending,North
4275,214,2025-07-06,116,Electronics,1,151.56,5.54,23.5,12.16,376.0,Cash,Cancelled,East
4276,670,2025-09-06,257,Books,5,203.23,1.3,27.92,4.89,670.85,Card,Pending,West
4277,604,2025-04-25,196,Electronics,5,39.37,44.5,4.58,13.28,420.83,Cash,Completed,South
4278,194,2025-05-23,122,Books,5,249.51,34.67,23.24,13.05,451.7,UPI,Pending,East
4279,907,2026-04-30,292,Electronics,2,276.04,25.69,15.25,12.11,784.63,Cash,Completed,South
4280,940,2025-10-22,150,Electronics,2,68.56,16.39,2.82,7.8,-21.52,Card,Returned,West
4281,431,2025-07-28,214,Home,3,101.77,29.19,28.07,11.16,407.38,Card,Returned,South
4282,404,2025-07-08,254,Electronics,5,289.82,5.75,3.29,8.46,649.01,Card,Pending,South
4283,62,2025-05-01,147,Electronics,3,13.16,20.14,9.54,16.56,15.01,Cash,Returned,West
4284,886,2025-03-15,142,Home,3,213.1,42.9,24.21,4.09,804.58,UPI,Pending,South
4285,995,2025-03-29,101,Home,5,270.56,10.9,27.01,9.59,38.09,Cash,Returned,North
4286,50,2026-02-27,234,Electronics,3,179.07,36.37,26.13,5.48,440.14,UPI,Pending,East
4287,905,2025-02-14,286,Electronics,4,66.12,8.78,17.92,13.55,591.61,UPI,Completed,West
4288,893,2026-02-22,109,Books,2,135.04,3.96,8.41,18.53,211.8,UPI,Returned,North
4289,804,2025-01-31,232,Books,1,240.39,24.94,6.9,15.25,786.65,Card,Cancelled,East
4290,643,2025-07-13,210,Books,3,70.21,32.04,3.73,10.96,659.8,Card,Pending,West
4291,699,2025-07-07,181,Home,1,276.88,38.01,8.73,11.49,117.63,UPI,Cancelled,North
4292,357,2025-09-26,187,Electronics,1,37.67,1.04,24.74,2.8,-13.24,Cash,Pending,West
4293,55,2025-04-05,115,Home,2,227.59,2.94,5.19,15.09,26.14,Card,Pending,South
4294,880,2026-04-23,279,Electronics,2,227.75,2.89,26.13,13.76,681.92,Cash,Pending,North
4295,1008,2025-07-12,217,Home,5,27.09,42.5,18.23,4.12,143.89,UPI,Pending,West
4296,94,2026-04-04,284,Books,4,192.25,15.75,28.3,12.5,713.87,Cash,Completed,West
4297,771,2025-06-29,140,Electronics,1,161.08,41.63,11.63,4.25,543.08,Cash,Completed,West
4298,142,2026-03-03,141,Electronics,3,187.54,36.31,16.33,16.99,309.08,Card,Completed,North
4299,46,2025-01-22,273,Home,2,63.15,14.24,28.82,17.22,911.26,Cash,Pending,East
4300,556,2025-07-20,211,Home,3,18.56,35.11,8.3,10.91,771.89,UPI,Pending,North
4300,556,2025-07-20,211,Home,3,18.56,35.11,8.3,10.91,771.89,UPI,Pending,North
4302,210,2025-04-16,233,Home,5,84.87,34.59,13.68,7.08,212.59,Card,Returned,South
4302,210,2025-04-16,233,Home,5,84.87,34.59,13.68,7.08,212.59,Card,Returned,South
4304,92,2025-01-13,252,Books,2,213.73,49.14,26.62,12.26,877.45,Card,Cancelled,East
4305,823,2026-04-09,201,Books,5,48.56,46.99,5.58,7.16,4.85,UPI,Cancelled,West
4306,332,2026-05-11,164,Books,2,103.18,24.73,28.88,4.79,288.56,Card,Cancelled,North
4307,456,2025-09-19,129,Home,5,257.38,9.03,11.17,12.06,33.34,Card,Returned,West
4308,235,2025-09-24,205,Electronics,3,166.59,8.93,23.62,9.25,332.67,Card,Completed,North
4309,761,2026-03-22,261,Electronics,3,25.94,34.65,27.04,0.36,929.67,Card,Completed,South
4310,489,2026-05-03,195,Home,1,181.19,19.22,7.05,3.65,933.37,Card,Cancelled,South
4311,717,2026-04-11,270,Home,5,268.54,20.41,1.36,15.12,609.14,UPI,Completed,South
4312,854,2025-11-03,285,Books,2,65.67,27.13,25.25,13.29,651.6,Cash,Returned,East
4313,627,2025-11-17,184,Home,2,271.41,14.34,19.69,16.24,616.61,Cash,Pending,North
4314,967,2025-06-18,283,Home,5,202.87,31.94,14.74,5.68,827.06,Card,Returned,East
4315,825,2025-05-10,130,Electronics,2,275.67,3.87,5.7,3.77,367.06,UPI,Completed,South
4316,339,2025-08-06,199,Electronics,1,42.29,31.8,9.12,6.55,240.83,Cash,Completed,North
4317,600,2025-08-12,263,Books,5,12.62,47.43,19.32,11.73,770.85,Cash,Returned,East
4318,980,2025-12-21,115,Books,2,42.65,17.66,12.38,4.75,197.36,UPI,Returned,North
4319,430,2025-11-09,126,Books,3,112.17,39.56,26.7,15.96,173.4,Card,Returned,West
4320,399,2026-03-10,279,Electronics,1,251.19,45.99,25.42,19.74,,Cash,Cancelled,South
4321,964,2026-05-09,164,Electronics,5,8.03,15.48,26.13,1.31,648.62,UPI,Cancelled,South
4322,691,2025-08-10,126,Books,1,162.16,27.54,26.37,17.91,183.4,UPI,Pending,North
4323,538,2026-05-09,156,Home,4,59.88,25.51,19.71,0.53,66.78,Cash,Pending,North
4324,154,2025-12-25,214,Books,5,82.74,24.22,18.2,5.35,209.53,Card,Returned,West
4325,766,2025-01-04,203,Home,1,158.74,20.57,21.75,13.88,600.37,Cash,Completed,North
4326,81,2025-06-25,294,Electronics,4,115.43,29.24,19.68,10.83,753.98,Cash,Completed,East
4327,497,2026-02-03,155,Home,1,69.31,41.37,25.78,18.27,707.06,UPI,Completed,West
4328,599,2025-12-17,146,Electronics,2,17.56,5.92,15.54,19.72,939.3,Card,Completed,North
4329,549,2025-05-15,285,Electronics,4,44.68,14.08,4.0,15.82,918.59,Cash,Cancelled,West
4330,23,2026-04-29,183,Books,4,187.12,4.18,17.33,16.51,561.28,Cash,Pending,East
4331,542,2026-01-31,203,Electronics,5,98.13,16.23,2.69,4.82,615.28,Card,Pending,South
4332,98,2025-04-07,268,Books,3,229.93,37.65,15.04,17.42,790.44,Cash,Cancelled,West
4333,493,2025-12-30,146,Electronics,4,271.72,15.45,20.03,1.94,28.21,Card,Pending,East
4334,982,2026-02-09,139,Electronics,3,203.2,40.26,18.99,8.95,833.49,UPI,Completed,East
4335,943,2025-10-21,259,Books,5,136.55,16.96,13.31,6.9,273.16,Card,Pending,South
4336,402,2025-05-04,162,Electronics,2,44.4,26.3,6.37,1.52,187.35,UPI,Pending,North
4337,711,2025-08-19,138,Home,4,63.82,26.36,15.96,12.31,73.39,UPI,Completed,West
4338,658,2025-05-26,167,Books,4,57.9,15.09,23.83,7.42,860.45,Cash,Completed,West
4339,231,2026-02-15,180,Home,3,231.15,29.54,18.54,19.16,905.15,UPI,Completed,South
4340,998,2025-02-27,232,Home,4,41.52,7.3,29.88,3.79,989.83,Cash,Returned,North
4341,709,2026-04-11,141,Books,5,8.23,9.37,18.21,3.74,311.9,Card,Pending,West
4342,806,2025-02-05,126,Books,2,255.22,0.69,13.62,10.55,414.45,Card,Returned,East
4343,678,2025-02-10,183,Electronics,4,227.41,26.71,11.73,7.45,74.74,Cash,Pending,West
4344,195,2025-07-30,122,Home,3,5.54,6.18,1.04,1.85,807.81,UPI,Cancelled,South
4345,226,2025-11-04,253,Home,2,258.65,40.71,12.98,10.09,506.43,Card,Completed,North
4346,352,2025-06-16,100,Electronics,5,97.81,39.51,29.04,15.14,190.1,Cash,Pending,North
4347,402,2025-01-23,217,Home,4,16.22,25.13,27.45,13.17,850.26,Cash,Cancelled,North
4348,537,2025-05-27,184,Home,4,110.05,28.81,9.03,6.81,309.73,UPI,Pending,North
4349,528,2025-11-02,218,Home,1,296.25,40.16,12.04,2.7,293.75,Cash,Returned,West
4350,854,2026-03-09,225,Electronics,5,207.26,4.89,10.85,17.03,950.77,UPI,Pending,East
4351,252,2026-03-12,205,Books,3,216.32,28.3,25.38,5.36,165.17,Card,Completed,North
4352,862,2025-07-01,214,Books,2,107.49,8.79,1.24,13.88,280.58,UPI,Cancelled,North
4353,488,2026-05-13,119,Electronics,4,49.02,9.03,21.2,7.06,927.25,Cash,Completed,East
4354,496,2026-04-06,249,Books,2,35.85,10.31,29.43,15.2,574.82,UPI,Cancelled,West
4355,400,2025-11-21,163,Home,5,20.8,47.85,11.81,3.31,44.74,Cash,Pending,North
4356,769,2025-09-07,266,Home,2,259.86,48.22,24.32,8.9,653.63,UPI,Completed,South
4357,912,2025-05-06,270,Books,3,52.64,39.66,14.14,17.34,807.21,Card,Pending,West
4358,306,2025-06-02,244,Home,3,37.32,35.9,11.02,10.04,791.46,Cash,Completed,West
4359,80,2025-09-20,209,Electronics,5,236.23,36.72,4.56,9.08,-8.16,UPI,Cancelled,South
4360,610,2026-04-02,182,Books,2,273.35,46.2,7.3,13.59,,Card,Pending,West
4360,610,2026-04-02,182,Books,2,273.35,46.2,7.3,13.59,,Card,Pending,West
4362,971,2025-03-11,212,Electronics,5,287.56,11.87,15.36,12.8,75.13,Card,Returned,West
4363,50,2025-09-10,123,Home,4,17.4,48.01,5.71,2.46,570.84,Cash,Completed,West
4364,750,2026-04-28,115,Electronics,3,232.38,49.7,17.3,18.05,728.61,Cash,Cancelled,South
4365,387,2025-09-24,240,Books,3,117.57,35.52,15.25,9.07,414.96,UPI,Completed,West
4366,443,2025-06-21,196,Books,2,82.33,29.56,16.83,13.31,544.43,Cash,Returned,East
4367,901,2025-07-24,157,Home,1,248.29,2.32,29.78,3.72,764.43,Card,Returned,South
4368,139,2025-07-26,149,Books,2,245.82,13.81,20.09,0.72,721.08,Cash,Cancelled,North
4369,335,2025-05-02,246,Home,3,248.93,39.64,14.96,16.33,-32.25,UPI,Returned,North
4370,99,2025-05-17,164,Electronics,5,163.52,35.34,21.61,9.95,643.1,Cash,Completed,West
4371,562,2025-03-22,276,Electronics,2,107.95,47.61,4.27,6.21,836.98,Card,Cancelled,West
4372,50,2025-09-05,230,Electronics,4,30.8,20.13,21.88,14.94,470.42,UPI,Cancelled,North
4373,311,2025-11-08,273,Books,2,279.4,14.74,10.26,3.74,905.69,Card,Pending,South
4374,498,2025-08-28,121,Home,1,278.84,35.87,8.64,16.32,923.58,UPI,Cancelled,South
4375,196,2025-01-09,232,Books,5,130.83,5.96,26.3,2.97,996.72,Card,Pending,South
4376,912,2025-09-24,190,Books,4,204.66,30.85,5.46,0.73,737.56,Cash,Cancelled,West
4377,858,2025-02-18,290,Home,4,200.08,49.21,8.16,5.04,629.11,UPI,Returned,South
4378,228,2025-10-10,145,Electronics,3,116.39,5.38,20.44,9.48,102.06,UPI,Returned,West
4379,782,2025-01-08,100,Books,3,81.8,28.12,1.45,18.6,775.63,UPI,Returned,South
4380,181,2025-01-24,169,Home,3,277.95,15.95,26.49,15.1,82.77,Cash,Completed,South
4381,240,2025-02-14,272,Home,1,106.57,36.15,12.9,10.56,11.16,Cash,Cancelled,North
4382,452,2025-05-20,207,Home,5,113.31,6.83,17.85,7.29,29.67,Cash,Completed,South
4383,458,2025-10-12,296,Electronics,1,16.2,35.89,3.09,5.14,630.67,Cash,Pending,South
4384,490,2025-02-22,145,Home,2,296.57,6.95,20.67,17.98,362.13,UPI,Pending,North
4385,596,2025-03-27,218,Home,3,183.26,49.67,3.04,9.31,113.88,Card,Cancelled,North
4386,890,2025-03-14,130,Books,4,250.44,41.67,1.63,18.29,409.1,UPI,Completed,West
4387,942,2025-02-02,235,Home,3,237.15,30.64,29.39,4.95,99.32,Card,Cancelled,West
4388,572,2025-10-19,161,Electronics,4,68.67,35.81,1.81,8.6,118.45,Cash,Returned,North
4389,23,2026-04-11,147,Electronics,1,181.72,27.01,27.25,0.29,229.97,Card,Returned,South
4390,42,2025-11-01,179,Home,1,63.52,19.27,19.63,8.03,337.96,UPI,Returned,West
4391,391,2025-03-27,132,Home,2,76.64,17.67,3.47,9.46,168.58,Cash,Pending,South
4391,391,2025-03-27,132,Home,2,76.64,17.67,3.47,9.46,168.58,Cash,Pending,South
4393,181,2025-02-15,209,Electronics,5,15.53,11.55,15.89,15.72,-26.97,Cash,Cancelled,East
4394,644,2025-08-12,257,Electronics,3,189.84,30.33,22.07,12.06,-36.15,Cash,Pending,West
4395,243,2025-03-24,206,Books,2,36.31,49.3,24.82,17.92,376.79,Cash,Cancelled,South
4396,447,2025-03-20,234,Electronics,4,25.71,26.22,6.05,3.55,818.12,Cash,Returned,North
4397,844,2025-05-04,299,Books,2,25.24,26.15,5.22,12.38,978.53,Card,Cancelled,North
4398,604,2026-03-31,245,Electronics,3,234.4,0.37,4.78,6.97,162.72,Cash,Completed,West
4399,1016,2025-08-10,208,Books,2,120.13,44.78,17.1,9.79,639.12,Card,Returned,North
4400,680,2025-04-18,282,Home,3,47.88,16.41,9.26,13.83,470.31,Cash,Returned,North
4401,103,2025-12-26,124,Home,3,246.15,9.59,28.16,2.39,270.42,Card,Pending,North
4402,140,2026-02-15,222,Electronics,3,189.38,0.2,6.01,16.37,348.35,Cash,Returned,South
4403,705,2025-03-15,200,Electronics,5,55.79,18.4,13.89,10.01,895.83,Cash,Cancelled,North
4404,585,2025-02-04,142,Home,2,286.35,49.56,28.29,15.04,432.03,UPI,Completed,South
4405,360,2026-03-04,111,Home,4,254.13,39.54,13.4,17.12,109.63,UPI,Returned,North
4406,378,2025-07-31,190,Home,3,252.4,31.27,3.77,3.97,741.47,Cash,Returned,South
4407,201,2026-03-27,226,Books,1,59.99,21.48,21.5,4.73,400.11,UPI,Cancelled,West
4408,716,2025-04-18,111,Home,3,296.22,20.07,17.62,18.63,533.36,UPI,Pending,North
4409,538,2025-04-29,241,Books,3,168.61,44.47,7.62,1.1,264.39,UPI,Cancelled,North
4410,68,2025-04-19,265,Books,4,245.1,2.47,7.01,19.52,789.31,Card,Completed,East
4411,488,2025-01-08,258,Books,3,74.83,41.81,9.54,15.04,737.35,Card,Cancelled,East
4412,568,2025-11-08,210,Books,4,267.0,8.02,19.57,18.84,-21.59,Cash,Cancelled,South
4413,655,2026-01-24,292,Home,4,241.41,49.28,1.05,13.25,419.02,Card,Cancelled,West
4414,126,2026-04-17,147,Books,3,95.19,20.31,13.33,8.23,596.28,Card,Returned,South
4415,725,2025-09-26,179,Electronics,5,296.35,23.26,23.66,2.91,515.59,Cash,Completed,North
4415,725,2025-09-26,179,Electronics,5,296.35,23.26,23.66,2.91,515.59,Cash,Completed,North
4417,892,2025-08-26,202,Books,2,124.11,18.82,24.12,5.28,710.78,Cash,Returned,West
4418,887,2025-02-10,101,Home,1,215.21,42.64,20.65,17.0,850.06,Cash,Cancelled,West
4419,357,2025-04-08,256,Books,3,94.28,33.51,16.02,18.26,725.18,Cash,Completed,West
4420,143,2026-01-11,223,Books,4,263.05,14.45,5.07,6.01,925.1,Cash,Completed,South
4421,335,2025-05-21,197,Electronics,5,164.7,7.59,10.16,1.88,858.35,UPI,Pending,East
4422,509,2025-07-02,115,Home,2,265.68,48.98,2.8,12.76,902.12,Cash,Completed,East
4423,214,2025-01-11,128,Electronics,2,141.3,16.67,23.01,19.56,697.69,Cash,Cancelled,East
4424,577,2025-05-22,247,Electronics,4,221.33,13.21,3.08,3.76,668.08,Cash,Completed,West
4425,114,2025-07-26,174,Books,3,297.28,47.33,8.55,0.29,491.71,Card,Returned,East
4426,598,2025-02-18,246,Home,5,237.55,39.14,27.96,11.17,808.16,UPI,Pending,North
4427,962,2026-04-27,300,Electronics,4,140.29,1.49,26.97,16.74,178.49,Card,Pending,South
4428,260,2025-02-13,162,Books,4,243.03,25.43,17.66,8.79,76.86,UPI,Completed,North
4429,649,2025-08-12,175,Home,4,177.93,12.15,28.92,15.61,,Cash,Cancelled,West
4430,543,2025-05-15,195,Home,4,230.38,30.85,29.26,10.21,156.71,UPI,Returned,East
4431,151,2025-10-09,131,Books,1,52.0,2.22,8.96,1.52,870.48,Cash,Cancelled,South
4432,48,2025-04-05,283,Home,1,20.17,17.86,4.34,10.73,867.61,Cash,Returned,North
4433,473,2025-12-06,221,Electronics,1,233.61,44.94,6.7,8.26,837.58,UPI,Cancelled,North
4434,80,2026-02-27,155,Home,3,16.08,18.12,6.11,3.76,941.94,Card,Pending,West
4435,753,2025-09-12,180,Books,3,82.22,42.33,9.52,18.32,568.67,Card,Completed,North
4435,753,2025-09-12,180,Books,3,82.22,42.33,9.52,18.32,568.67,Card,Completed,North
4437,859,2025-03-05,126,Electronics,3,140.19,42.93,10.14,1.74,277.59,UPI,Cancelled,South
4438,450,2026-04-14,231,Books,5,182.65,6.72,3.21,11.66,601.17,UPI,Completed,East
4439,540,2025-01-02,148,Books,5,109.81,29.41,26.16,11.15,782.25,Card,Cancelled,North
4440,391,2025-05-13,245,Books,3,56.53,39.92,13.69,15.97,475.47,UPI,Completed,East
4441,168,2025-07-27,171,Home,3,233.06,44.59,9.0,10.66,713.02,Card,Pending,South
4442,267,2025-12-01,165,Electronics,1,299.47,44.8,16.1,17.97,936.95,Cash,Completed,North
4443,397,2025-09-04,150,Electronics,2,44.44,46.34,21.8,0.83,405.16,Cash,Returned,South
4444,998,2025-03-04,131,Home,1,265.15,20.73,16.12,11.74,759.12,Cash,Returned,South
4445,648,2025-03-22,267,Home,4,233.79,15.65,17.41,0.86,645.74,UPI,Completed,South
4446,798,2025-05-21,120,Books,4,95.86,41.49,9.09,7.68,97.65,UPI,Cancelled,South
4447,613,2025-12-27,257,Electronics,5,263.48,29.12,4.54,6.11,113.32,UPI,Cancelled,East
4448,158,2025-12-01,226,Home,1,292.08,35.76,12.96,9.6,447.49,Cash,Pending,East
4449,322,2025-06-02,259,Electronics,3,240.4,21.42,25.73,15.68,,Card,Pending,West
4450,546,2025-05-27,219,Home,4,171.34,7.22,6.78,11.59,611.13,UPI,Completed,North
4451,109,2025-06-22,209,Home,4,192.23,34.16,3.41,16.26,507.51,Card,Pending,East
4452,520,2025-01-13,178,Electronics,2,7.83,40.66,29.73,14.13,868.99,Cash,Cancelled,South
4453,686,2025-11-28,176,Electronics,3,152.87,18.8,24.6,8.51,860.88,Cash,Pending,North
4454,171,2025-08-31,211,Books,5,49.86,10.51,29.03,17.26,979.84,Card,Cancelled,North
4455,168,2025-02-14,264,Books,4,155.57,8.3,5.37,11.05,563.43,Cash,Completed,North
4456,82,2025-05-21,157,Books,3,164.24,22.64,1.2,7.81,913.28,UPI,Completed,North
4457,675,2025-11-06,217,Electronics,4,269.25,22.06,23.07,18.44,168.91,Card,Cancelled,South
4458,849,2025-09-05,172,Home,1,206.61,36.04,14.78,9.23,546.13,UPI,Pending,South
4459,836,2026-01-16,176,Books,5,146.44,4.1,6.47,5.33,959.41,Cash,Cancelled,West
4460,703,2025-06-11,202,Home,3,262.69,38.4,13.75,7.5,740.58,Cash,Pending,East
4461,471,2025-03-20,112,Electronics,3,33.4,36.33,10.41,2.04,691.5,Cash,Cancelled,South
4462,648,2026-04-30,155,Electronics,5,96.85,15.2,21.15,4.08,219.92,Card,Returned,South
4463,480,2025-10-07,271,Electronics,3,278.6,14.93,15.99,14.21,-47.17,Cash,Completed,West
4464,644,2025-05-21,176,Electronics,4,210.25,6.29,4.01,8.6,432.43,Cash,Pending,South
4465,390,2026-04-30,132,Home,2,130.07,46.15,18.31,9.43,860.24,UPI,Cancelled,West
4466,751,2025-10-15,152,Books,5,23.81,5.05,2.81,0.68,,Cash,Pending,East
4467,750,2025-12-26,258,Electronics,4,97.27,35.27,10.66,4.12,850.37,UPI,Pending,East
4468,500,2026-02-14,154,Home,3,221.37,41.52,22.34,20.0,897.74,Cash,Pending,South
4469,614,2026-04-23,211,Books,2,290.65,11.75,23.82,13.88,918.91,Cash,Completed,North
4470,658,2025-06-20,190,Electronics,5,85.25,37.13,29.17,15.54,214.06,UPI,Returned,South
4471,691,2025-02-04,148,Electronics,2,51.47,28.66,20.04,1.99,567.4,Card,Returned,West
4472,204,2025-07-22,285,Home,2,143.64,40.61,18.91,0.57,357.68,UPI,Pending,South
4473,852,2025-01-13,236,Books,4,61.58,42.69,7.32,17.73,935.11,UPI,Completed,West
4474,872,2026-02-26,148,Electronics,2,225.35,37.86,6.04,6.72,290.28,Card,Completed,West
4475,5,2025-03-14,150,Books,5,37.99,24.3,15.78,13.97,967.69,Card,Cancelled,East
4476,634,2026-02-24,263,Books,5,294.0,40.3,23.79,16.61,757.86,Cash,Returned,South
4477,198,2025-09-14,241,Electronics,3,123.96,1.24,20.02,8.38,891.75,Cash,Completed,West
4478,480,2025-06-09,107,Books,3,53.8,24.46,27.27,4.88,251.64,Cash,Returned,North
4479,486,2025-12-12,192,Books,3,289.8,43.35,14.01,17.18,627.82,Card,Cancelled,North
4480,271,2026-01-28,241,Books,5,115.83,28.93,6.42,17.11,871.68,Card,Returned,West
4481,527,2026-01-28,287,Books,2,22.64,44.03,13.61,9.86,343.51,UPI,Completed,West
4482,860,2025-02-14,146,Home,2,173.67,15.21,5.01,13.78,767.38,Cash,Cancelled,South
4483,640,2025-11-11,125,Home,2,274.08,1.6,25.75,6.81,643.58,UPI,Returned,South
4484,154,2025-12-15,114,Books,5,235.12,12.06,21.82,0.04,371.61,Card,Pending,North
4485,568,2025-02-02,221,Electronics,1,72.72,29.93,2.32,0.57,780.65,UPI,Completed,North
4486,564,2026-03-20,211,Books,4,198.34,15.27,14.52,16.75,762.95,Cash,Cancelled,North
4487,745,2025-05-30,159,Home,5,288.36,16.68,14.16,16.75,,UPI,Cancelled,East
4488,87,2026-02-04,241,Home,1,283.96,43.96,28.57,6.39,-9.69,UPI,Returned,East
4489,83,2025-08-02,241,Electronics,1,94.27,32.24,1.05,0.53,643.33,UPI,Completed,North
4490,608,2025-04-29,195,Books,4,74.12,26.69,11.95,3.99,636.3,Card,Completed,West
4491,462,2025-05-18,271,Home,3,96.34,28.4,19.16,8.82,482.74,Cash,Cancelled,South
4492,460,2025-12-02,278,Electronics,5,75.55,30.94,10.79,9.5,9.11,Card,Returned,East
4493,184,2026-01-17,148,Home,5,148.68,20.72,3.25,0.18,619.0,Card,Pending,North
4494,696,2025-08-23,201,Electronics,3,81.92,14.97,10.63,6.83,459.12,Cash,Returned,South
4495,201,2026-02-21,146,Electronics,2,41.7,12.42,28.7,1.69,647.94,Cash,Cancelled,West
4496,631,2025-03-11,179,Books,4,267.79,30.01,1.3,14.44,967.06,Card,Pending,South
4497,860,2026-04-15,142,Electronics,1,299.38,27.6,19.81,3.46,671.78,Cash,Pending,South
4498,361,2025-06-11,105,Home,5,262.04,25.86,24.36,9.85,892.4,UPI,Pending,West
4498,361,2025-06-11,105,Home,5,262.04,25.86,24.36,9.85,892.4,UPI,Pending,West
4500,281,2026-01-06,104,Books,1,6.32,11.04,27.76,1.64,909.04,Card,Pending,East
4501,184,2025-11-17,122,Home,5,53.12,40.6,12.28,12.9,781.24,UPI,Cancelled,East
4502,294,2026-03-11,175,Electronics,1,35.41,29.37,8.24,2.28,917.76,UPI,Cancelled,South
4503,63,2025-06-08,295,Home,3,153.21,44.11,9.89,14.84,998.38,Card,Pending,South
4504,101,2026-04-04,136,Home,2,228.14,7.72,24.45,18.27,204.79,UPI,Cancelled,West
4505,843,2025-10-13,116,Books,4,32.97,17.24,5.83,1.1,55.04,UPI,Completed,North
4506,766,2026-03-23,297,Books,5,61.9,26.94,2.15,7.69,476.33,Card,Completed,West
4507,275,2025-09-14,246,Electronics,3,294.8,29.09,11.64,8.99,542.31,Card,Pending,South
4508,349,2025-10-21,256,Electronics,5,226.93,34.72,8.75,2.15,660.74,Card,Completed,North
4508,349,2025-10-21,256,Electronics,5,226.93,34.72,8.75,2.15,660.74,Card,Completed,North
4510,175,2026-02-24,297,Home,5,293.38,8.12,9.5,13.88,,UPI,Completed,East
4511,479,2026-05-13,249,Home,3,215.15,15.02,10.58,8.79,,UPI,Returned,North
4512,269,2026-04-14,230,Electronics,5,212.76,46.7,25.7,18.51,370.69,Card,Cancelled,North
4513,122,2025-04-02,154,Electronics,2,80.26,47.88,13.5,8.48,89.04,Cash,Completed,West
4514,39,2025-04-12,182,Books,5,218.06,33.29,14.89,12.69,934.98,UPI,Returned,South
4515,197,2025-12-21,175,Home,4,236.13,45.27,22.27,14.56,872.11,UPI,Pending,East
4516,881,2025-06-18,253,Home,3,104.16,32.99,17.7,14.92,807.23,UPI,Pending,South
4517,554,2026-01-24,268,Home,5,271.52,39.69,2.98,14.44,517.29,Card,Cancelled,West
4518,881,2025-06-19,180,Electronics,1,165.49,34.67,15.85,3.21,72.11,Card,Pending,South
4519,807,2025-11-03,281,Electronics,5,171.81,9.61,5.77,1.04,545.73,Cash,Completed,South
4520,6,2025-01-25,181,Electronics,2,235.01,11.23,28.39,17.21,632.0,UPI,Completed,North
4521,581,2026-04-26,188,Books,4,296.93,16.9,5.5,15.22,460.49,Card,Pending,North
4522,1007,2026-05-01,184,Electronics,1,99.55,31.13,5.89,4.07,,UPI,Returned,West
4523,61,2026-03-18,136,Electronics,2,170.57,2.73,22.56,12.1,21.42,UPI,Returned,North
4524,18,2025-03-14,102,Electronics,5,276.18,18.88,9.14,10.34,99.22,Cash,Pending,North
4525,234,2025-03-28,127,Electronics,2,60.59,37.16,11.76,16.56,999.82,Card,Pending,South
4526,586,2026-02-13,208,Electronics,2,206.4,6.36,17.17,11.97,,Card,Returned,East
4527,507,2025-11-30,135,Books,2,262.93,41.25,1.38,18.79,923.0,UPI,Pending,East
4528,809,2026-01-22,176,Electronics,2,24.33,5.51,8.63,9.1,508.93,UPI,Returned,South
4529,100,2025-10-19,159,Electronics,2,128.09,6.86,13.51,10.8,-5.4,UPI,Cancelled,South
4530,682,2026-01-26,265,Electronics,5,37.35,43.64,13.1,11.57,382.92,Cash,Cancelled,North
4531,125,2025-01-12,113,Electronics,1,183.84,42.15,2.47,4.82,,Cash,Completed,West
4532,841,2025-05-03,229,Home,2,116.4,27.16,4.69,19.91,974.0,Cash,Returned,East
4533,917,2025-08-06,130,Electronics,2,60.54,10.84,12.22,3.79,,UPI,Completed,South
4534,929,2025-05-25,138,Home,5,34.3,29.97,14.56,10.3,507.39,Cash,Returned,South
4535,871,2025-10-05,146,Books,2,14.49,17.0,7.93,18.98,529.67,UPI,Returned,North
4536,871,2025-01-24,175,Books,1,113.04,47.01,21.66,17.73,-7.39,Card,Completed,South
4537,61,2025-01-25,245,Books,3,127.41,6.09,13.47,1.2,-40.71,Cash,Cancelled,West
4538,415,2025-04-10,286,Books,5,118.66,40.29,28.95,17.56,487.26,UPI,Pending,North
4539,627,2025-03-30,174,Electronics,5,126.22,28.07,29.69,6.24,606.28,UPI,Returned,East
4540,424,2025-09-28,122,Books,4,75.39,48.43,21.4,16.09,432.02,UPI,Completed,North
4541,900,2025-02-26,200,Electronics,1,66.8,20.31,19.38,19.23,712.18,UPI,Completed,North
4542,300,2026-03-21,283,Books,1,263.73,44.7,5.71,14.18,491.68,Cash,Pending,North
4543,69,2025-10-05,156,Electronics,2,180.59,42.6,17.09,2.49,249.07,Card,Returned,South
4544,633,2026-02-06,127,Books,1,15.28,12.39,8.94,6.19,992.11,UPI,Pending,South
4545,450,2025-09-28,296,Books,1,206.05,45.2,9.53,11.01,293.7,Card,Returned,West
4546,482,2026-05-04,198,Books,4,145.28,42.04,18.67,16.35,77.17,Cash,Completed,North
4547,378,2026-04-25,126,Electronics,1,280.35,7.56,17.35,19.83,40.15,UPI,Completed,South
4548,143,2025-07-20,279,Books,1,225.87,46.85,21.17,10.64,720.67,UPI,Cancelled,South
4549,34,2026-02-13,114,Electronics,1,227.92,25.74,25.0,18.32,239.14,Card,Cancelled,South
4550,901,2025-09-30,252,Home,4,169.45,3.36,17.68,6.5,463.12,UPI,Cancelled,East
4551,241,2025-07-04,180,Electronics,2,280.38,19.69,15.84,8.79,331.85,Card,Completed,South
4552,14,2026-03-20,275,Electronics,2,222.24,20.23,13.47,17.44,401.93,UPI,Cancelled,West
4553,380,2025-11-10,211,Electronics,1,183.01,46.51,21.02,12.39,400.0,UPI,Pending,North
4554,174,2025-08-10,148,Home,3,88.36,3.92,16.17,2.54,639.2,Cash,Returned,South
4555,942,2025-07-17,176,Electronics,5,159.67,4.39,9.14,19.68,526.03,Card,Completed,South
4556,607,2025-09-01,187,Electronics,4,105.97,9.91,22.77,4.52,948.36,Cash,Pending,South
4557,881,2025-11-18,205,Books,5,92.72,44.6,11.27,13.14,318.04,Cash,Completed,South
4558,3,2026-03-16,122,Electronics,2,255.47,14.29,25.94,10.78,470.48,Cash,Cancelled,North
4559,384,2026-02-25,226,Home,2,49.55,9.5,27.71,16.51,-7.41,Card,Cancelled,South
4560,318,2025-12-21,140,Home,5,240.33,16.81,10.86,19.74,725.87,Cash,Completed,North
4561,486,2025-08-23,110,Home,2,45.74,21.09,12.85,13.36,462.51,Card,Cancelled,East
4562,565,2025-06-28,105,Books,3,200.83,22.87,10.19,0.04,726.25,Cash,Returned,South
4563,258,2025-09-21,207,Home,2,49.75,21.68,15.25,10.66,714.76,UPI,Returned,East
4564,75,2025-01-08,103,Books,5,46.86,12.74,3.38,1.48,459.63,UPI,Returned,East
4565,345,2025-11-19,253,Electronics,2,240.37,40.55,7.73,18.73,59.87,UPI,Returned,North
4566,939,2025-03-30,228,Home,4,131.43,0.32,10.61,9.47,139.77,Cash,Returned,North
4567,721,2026-03-29,290,Electronics,3,77.43,46.49,17.85,1.55,622.56,UPI,Completed,West
4567,721,2026-03-29,290,Electronics,3,77.43,46.49,17.85,1.55,622.56,UPI,Completed,West
4569,77,2025-04-25,184,Books,1,266.03,36.12,21.77,8.71,388.06,Cash,Completed,South
4570,968,2025-09-25,136,Electronics,2,218.56,3.06,18.33,5.55,43.75,Cash,Completed,North
4571,476,2025-05-11,278,Electronics,3,284.82,31.07,7.13,9.81,717.25,Cash,Pending,East
4572,346,2025-09-26,109,Home,3,185.24,48.66,21.88,13.25,711.72,UPI,Pending,North
4573,624,2026-01-19,168,Books,2,98.75,7.66,20.77,12.16,232.82,Card,Returned,West
4574,240,2026-03-28,211,Home,3,298.23,19.82,9.52,19.27,642.91,Cash,Pending,South
4575,672,2026-02-16,119,Home,2,21.42,15.74,3.06,7.72,430.5,Cash,Completed,North
4576,696,2025-05-30,137,Home,3,236.54,14.43,13.05,15.03,614.37,Card,Completed,North
4577,378,2025-08-18,188,Electronics,5,289.99,38.85,10.76,17.07,395.26,Cash,Returned,West
4578,50,2025-04-06,260,Books,4,142.57,1.24,23.82,11.08,969.33,Cash,Completed,South
4579,238,2025-10-20,209,Electronics,2,146.61,38.25,21.71,16.74,460.39,Cash,Completed,North
4580,294,2025-04-13,188,Electronics,5,115.08,7.04,20.56,11.67,710.61,Card,Completed,North
4581,533,2026-04-14,186,Home,5,276.87,35.14,15.93,15.33,630.08,Cash,Returned,North
4582,626,2025-08-05,112,Electronics,4,119.49,4.12,20.55,7.11,140.98,UPI,Cancelled,West
4583,448,2025-08-25,207,Electronics,3,80.78,34.81,26.53,6.1,-11.39,Card,Returned,South
4584,25,2025-06-21,266,Books,4,87.25,17.89,10.05,7.93,727.28,Card,Cancelled,South
4584,25,2025-06-21,266,Books,4,87.25,17.89,10.05,7.93,727.28,Card,Cancelled,South
4584,25,2025-06-21,266,Books,4,87.25,17.89,10.05,7.93,727.28,Card,Cancelled,South
4587,362,2025-09-17,300,Books,1,29.15,3.69,8.77,0.14,694.89,UPI,Cancelled,West
4588,828,2025-06-07,129,Electronics,3,245.31,46.17,16.51,2.37,440.44,UPI,Pending,South
4589,748,2026-03-08,140,Books,1,287.32,30.42,26.34,8.63,547.39,Card,Returned,East
4590,358,2026-03-30,131,Home,5,60.73,49.6,9.8,2.9,,Cash,Pending,West
4591,864,2026-04-11,278,Home,5,49.58,8.34,21.12,3.44,291.17,Cash,Pending,North
4592,894,2025-05-06,236,Electronics,1,210.01,33.5,2.29,1.37,,Cash,Returned,North
4593,969,2025-03-22,260,Home,3,257.72,8.25,19.33,17.88,911.37,UPI,Pending,South
4594,380,2025-03-30,231,Books,1,43.14,19.86,21.86,7.32,862.89,Cash,Returned,North
4595,392,2025-04-24,122,Books,3,195.79,12.18,1.18,12.75,713.29,Cash,Completed,North
4596,800,2025-01-09,121,Home,1,118.55,42.42,2.69,8.63,202.88,UPI,Returned,East
4597,829,2025-03-22,269,Books,1,109.53,22.89,11.87,8.84,236.89,Card,Cancelled,West
4598,644,2025-01-13,121,Home,1,229.2,7.25,12.85,16.7,629.55,Card,Pending,West
4599,683,2025-06-10,255,Electronics,3,295.74,16.17,5.86,19.84,973.3,Card,Pending,West
4600,647,2026-04-13,196,Books,2,230.68,0.48,13.31,18.78,46.07,Card,Returned,North
4601,259,2025-10-13,166,Books,1,44.34,25.92,21.91,16.38,101.15,Cash,Cancelled,East
4602,88,2025-01-06,162,Books,5,246.49,16.73,27.18,17.14,640.69,UPI,Pending,East
4603,391,2025-12-17,243,Home,1,91.98,48.71,14.39,0.35,302.73,Cash,Pending,South
4604,488,2025-04-15,140,Home,1,267.43,45.82,4.07,9.63,-38.16,Card,Returned,East
4605,422,2025-03-17,281,Home,5,27.38,1.81,5.08,16.23,395.31,Cash,Cancelled,East
4606,93,2025-08-21,115,Home,5,249.09,28.75,4.81,14.36,34.94,Cash,Returned,South
4607,371,2025-04-12,285,Home,5,288.94,5.28,8.73,8.03,435.18,Cash,Returned,North
4608,71,2025-02-26,139,Electronics,5,198.94,19.49,14.25,7.39,547.39,Cash,Completed,South
4609,461,2025-12-03,101,Books,5,103.17,21.13,1.75,2.43,776.69,Card,Pending,South
4610,169,2025-08-12,110,Books,4,51.01,28.24,27.0,16.99,302.91,Card,Returned,North
4610,169,2025-08-12,110,Books,4,51.01,28.24,27.0,16.99,302.91,Card,Returned,North
4612,759,2026-03-08,155,Electronics,4,181.75,37.99,8.75,14.88,294.75,Card,Cancelled,West
4613,352,2025-09-27,118,Home,2,98.62,34.9,20.91,14.93,861.31,Cash,Returned,East
4614,87,2025-12-02,200,Electronics,2,285.87,23.97,15.35,9.49,,Cash,Completed,North
4615,461,2025-05-30,133,Home,4,68.47,47.96,17.12,12.06,480.7,Card,Returned,North
4616,851,2026-01-14,292,Electronics,3,18.37,28.55,18.93,18.13,633.06,UPI,Cancelled,South
4617,792,2025-05-29,127,Books,2,18.41,46.93,11.27,2.31,334.18,UPI,Returned,West
4618,574,2026-02-06,157,Books,2,88.76,7.3,20.08,18.22,937.01,Card,Returned,North
4619,965,2025-01-15,278,Electronics,3,109.03,20.65,17.37,7.84,694.3,Cash,Completed,East
4620,992,2025-11-24,199,Home,2,63.87,29.03,9.34,5.77,163.1,Cash,Pending,West
4621,195,2025-02-26,295,Home,3,55.62,14.46,5.45,0.16,507.52,Card,Completed,North
4622,380,2026-04-20,218,Electronics,4,200.96,1.71,11.41,3.57,530.26,Cash,Completed,East
4623,986,2025-03-16,132,Books,3,126.87,29.9,26.76,19.8,203.79,Card,Completed,East
4624,933,2026-04-29,108,Electronics,2,47.63,43.78,9.22,18.13,864.98,Cash,Completed,West
4625,94,2025-04-05,198,Home,3,203.46,26.81,8.93,13.22,400.86,Card,Returned,East
4626,546,2026-01-13,171,Electronics,3,10.42,2.55,29.91,13.92,335.8,Cash,Cancelled,South
4627,433,2025-09-17,179,Electronics,5,41.73,31.52,16.4,4.5,549.7,UPI,Cancelled,South
4628,1010,2025-04-23,118,Electronics,3,189.51,46.42,2.84,18.02,732.98,UPI,Pending,North
4629,1020,2025-08-30,197,Books,3,289.09,38.67,26.56,19.85,923.09,Card,Pending,West
4630,57,2026-03-16,124,Books,4,143.53,18.02,5.52,4.69,274.28,Cash,Cancelled,West
4631,902,2025-08-26,128,Electronics,3,179.59,42.21,29.89,12.69,679.0,UPI,Pending,East
4632,974,2025-12-25,143,Home,3,252.78,15.35,14.93,9.55,57.18,UPI,Completed,South
4633,731,2025-01-13,291,Books,4,101.27,29.82,9.0,7.0,935.69,UPI,Pending,North
4634,144,2025-11-13,282,Books,5,123.11,13.89,1.98,14.1,127.11,Cash,Pending,South
4635,987,2025-10-17,115,Electronics,2,170.95,6.84,20.26,14.35,,UPI,Pending,North
4636,217,2025-12-31,285,Home,3,262.26,2.24,8.36,9.4,171.59,Card,Pending,West
4637,624,2026-01-18,113,Electronics,1,211.9,1.39,22.31,6.08,134.13,Card,Completed,West
4638,788,2025-05-31,218,Electronics,5,275.94,33.04,28.65,14.31,661.12,UPI,Pending,West
4639,969,2025-05-04,170,Home,2,152.66,28.09,11.12,13.3,921.16,Cash,Returned,West
4640,883,2025-11-09,188,Home,1,63.97,16.46,21.99,6.04,363.63,Cash,Cancelled,East
4641,462,2026-01-04,214,Electronics,1,128.5,18.4,22.25,5.29,54.08,UPI,Cancelled,South
4642,552,2025-07-31,269,Home,2,204.21,25.76,25.25,3.85,476.7,Cash,Returned,North
4643,64,2025-12-09,223,Books,2,291.92,26.68,2.43,0.07,522.95,Card,Cancelled,East
4643,64,2025-12-09,223,Books,2,291.92,26.68,2.43,0.07,522.95,Card,Cancelled,East
4645,273,2025-12-25,164,Home,5,6.62,18.2,3.0,16.69,903.31,Card,Completed,West
4646,852,2026-03-09,111,Home,1,11.42,36.74,4.23,9.31,107.47,Card,Completed,East
4647,529,2025-07-28,253,Books,5,32.9,41.09,3.53,4.47,49.71,UPI,Returned,East
4648,548,2025-04-13,225,Home,2,107.93,3.56,26.75,14.59,853.46,Card,Completed,West
4649,398,2026-01-21,113,Home,1,285.08,39.64,25.22,1.85,,Cash,Cancelled,South
4650,1005,2026-01-22,202,Electronics,4,257.11,16.41,11.11,19.8,346.49,Cash,Completed,North
4651,776,2026-01-18,134,Books,2,277.31,33.31,13.23,2.87,236.42,UPI,Pending,West
4652,278,2025-04-04,267,Electronics,3,164.07,38.48,28.6,5.55,100.52,Card,Pending,West
4653,5,2025-04-28,271,Home,1,159.35,1.82,17.2,0.79,723.98,UPI,Returned,North
4654,1012,2025-11-20,285,Books,1,109.69,25.02,10.27,7.52,882.6,Cash,Returned,South
4655,177,2025-01-04,174,Electronics,5,283.52,18.66,15.15,17.43,564.21,Cash,Returned,North
4656,791,2025-05-31,275,Home,4,129.26,23.96,4.3,11.01,755.47,Card,Returned,North
4657,831,2025-03-06,272,Books,2,204.25,31.48,18.31,3.7,659.84,Card,Returned,North
4658,777,2025-08-20,263,Books,4,157.07,8.13,24.23,11.24,47.61,Card,Completed,East
4659,994,2025-11-19,219,Home,3,217.44,16.9,9.25,3.39,487.9,UPI,Completed,South
4660,319,2025-08-27,237,Books,4,122.1,2.57,8.44,17.8,21.7,Cash,Returned,North
4661,525,2025-08-10,285,Home,2,271.68,43.96,28.72,2.76,694.11,Cash,Cancelled,North
4662,966,2025-09-18,126,Electronics,2,227.55,4.32,13.4,11.36,919.99,Cash,Cancelled,South
4663,349,2025-10-11,258,Books,4,223.04,36.48,22.69,16.79,725.96,Cash,Pending,North
4664,298,2025-07-29,252,Books,1,126.39,28.1,21.51,6.44,574.0,Card,Pending,East
4665,427,2026-02-10,145,Home,3,234.33,41.1,27.6,7.96,440.54,UPI,Completed,East
4666,286,2025-09-30,205,Electronics,4,204.01,12.22,14.12,4.42,138.56,Card,Returned,East
4667,550,2025-11-22,258,Electronics,2,210.76,46.72,6.22,3.84,991.25,Cash,Returned,North
4668,309,2025-12-08,105,Home,4,287.72,44.42,5.53,12.0,974.2,UPI,Returned,South
4669,186,2025-07-22,243,Electronics,4,210.54,35.52,3.02,6.64,,UPI,Returned,West
4670,1004,2025-09-30,287,Home,1,239.49,2.73,29.49,3.45,334.46,UPI,Returned,West
4671,855,2025-08-27,175,Electronics,2,283.07,43.23,10.05,5.33,572.89,UPI,Returned,North
4672,456,2025-03-05,232,Home,3,173.19,30.61,24.73,17.74,982.43,Cash,Returned,North
4673,243,2025-05-21,203,Electronics,5,126.5,4.21,25.01,1.66,991.01,Cash,Completed,South
4674,278,2025-08-16,268,Electronics,4,74.53,25.4,8.71,6.72,-20.0,UPI,Cancelled,East
4675,427,2025-09-11,167,Home,4,95.58,31.09,21.28,8.07,433.41,Cash,Completed,East
4676,409,2025-07-20,299,Electronics,5,24.4,25.98,5.42,7.74,767.89,Cash,Completed,West
4677,696,2025-01-21,105,Home,2,12.66,0.41,1.06,15.05,572.68,UPI,Pending,North
4678,105,2026-01-04,260,Home,3,69.89,21.63,2.51,8.77,639.69,Cash,Completed,North
4679,982,2025-06-22,247,Home,2,34.47,18.42,23.14,10.08,170.72,Card,Cancelled,West
4680,21,2025-03-12,202,Electronics,4,32.69,44.89,13.8,1.05,379.71,Card,Returned,South
4681,748,2025-12-14,158,Books,2,37.46,20.31,29.53,16.5,263.13,Card,Returned,East
4682,963,2025-08-03,110,Home,1,260.64,16.78,28.55,11.99,103.25,Cash,Returned,North
4683,492,2025-04-18,239,Electronics,2,97.57,1.86,14.36,14.76,351.27,UPI,Pending,North
4684,504,2026-01-19,116,Books,2,250.34,12.0,16.05,13.48,986.07,Cash,Returned,East
4685,514,2025-10-14,213,Home,4,97.88,32.86,23.76,18.38,644.75,Card,Completed,West
4686,609,2025-01-27,192,Home,1,223.33,22.64,17.89,10.02,245.02,UPI,Pending,West
4687,599,2025-10-25,173,Electronics,3,200.05,39.34,21.11,1.01,754.43,Card,Completed,South
4688,408,2025-02-05,233,Home,3,63.26,41.06,27.44,12.36,,UPI,Cancelled,West
4689,194,2025-11-02,185,Books,5,26.3,39.5,24.18,9.4,929.04,Card,Cancelled,South
4690,721,2025-11-19,110,Books,1,232.3,11.5,15.76,12.88,86.2,UPI,Returned,South
4691,470,2025-05-05,194,Books,3,19.04,15.63,13.9,3.16,691.12,Cash,Returned,West
4692,647,2025-11-07,294,Electronics,3,297.57,18.76,20.92,8.86,899.54,UPI,Returned,North
4693,506,2025-01-15,215,Books,1,224.61,47.92,11.86,1.94,678.82,UPI,Returned,North
4694,74,2025-03-02,157,Books,1,197.39,46.3,23.05,2.35,135.73,Card,Pending,North
4695,728,2025-04-06,228,Electronics,1,269.34,23.83,29.49,11.5,,UPI,Returned,North
4696,306,2025-09-13,260,Electronics,1,262.4,47.37,22.66,8.37,-9.43,Cash,Cancelled,West
4697,342,2025-02-12,200,Books,3,153.24,20.74,6.24,13.36,65.98,UPI,Cancelled,South
4698,76,2025-11-08,266,Home,4,199.2,3.07,7.93,5.97,627.54,Card,Returned,South
4699,145,2025-11-11,222,Home,3,46.54,40.17,14.2,10.09,504.34,Card,Cancelled,South
4699,145,2025-11-11,222,Home,3,46.54,40.17,14.2,10.09,504.34,Card,Cancelled,South
4701,800,2026-02-15,221,Home,1,50.62,45.89,21.52,17.5,991.87,Card,Returned,East
4702,221,2025-09-15,293,Books,4,151.98,19.25,5.15,18.78,697.32,UPI,Returned,West
4703,527,2025-04-12,203,Electronics,5,290.39,3.35,29.91,14.38,-0.11,Cash,Pending,South
4704,901,2025-06-07,276,Home,1,214.73,10.3,13.39,1.3,222.53,Card,Cancelled,North
4705,764,2026-05-05,156,Home,1,235.94,20.83,23.98,3.47,817.23,Cash,Completed,West
4706,508,2026-01-26,264,Books,4,232.61,41.93,4.55,10.4,453.21,UPI,Pending,North
4707,339,2026-04-03,134,Electronics,5,259.18,45.44,20.23,8.32,456.96,Card,Cancelled,West
4708,323,2025-08-01,132,Books,5,298.8,26.09,1.39,15.11,649.81,Card,Completed,North
4709,291,2025-01-21,181,Home,3,105.32,18.61,15.57,0.18,44.8,Cash,Returned,South
4710,503,2025-02-19,228,Electronics,1,277.81,40.34,28.21,9.09,313.66,Cash,Pending,West
4711,888,2025-02-03,298,Electronics,2,59.29,11.65,17.7,0.93,852.4,Cash,Pending,East
4712,536,2025-11-20,211,Home,5,6.0,23.66,1.45,1.67,842.32,Cash,Completed,North
4713,749,2026-04-18,149,Books,2,111.02,2.27,15.78,19.28,994.02,Card,Returned,West
4714,282,2026-01-19,177,Books,5,130.73,35.31,10.05,5.06,896.35,Cash,Pending,West
4715,253,2025-02-26,300,Books,1,104.75,32.96,11.3,4.48,782.0,UPI,Cancelled,West
4716,268,2025-12-11,175,Home,2,84.2,44.09,2.05,3.84,,Card,Cancelled,South
4717,234,2026-03-24,254,Home,4,88.36,35.97,9.82,19.52,476.93,Card,Pending,East
4718,585,2025-11-15,276,Home,3,142.59,47.68,23.55,9.34,688.0,Cash,Returned,East
4719,137,2025-11-27,128,Books,3,165.92,1.09,18.22,6.49,705.0,Cash,Completed,North
4720,19,2025-06-11,144,Electronics,5,287.67,14.52,18.81,9.56,427.24,Cash,Returned,South
4721,392,2025-02-22,168,Electronics,2,14.36,10.86,11.42,12.01,-30.45,Cash,Cancelled,East
4722,561,2025-02-25,146,Books,3,74.77,46.66,21.95,19.09,143.63,Card,Completed,North
4723,929,2025-01-01,265,Electronics,4,6.46,3.54,2.29,2.15,573.17,UPI,Completed,South
4724,489,2025-01-10,259,Books,5,266.93,4.8,19.65,12.54,969.98,Cash,Pending,West
4725,149,2025-05-21,258,Home,5,32.91,8.83,16.24,2.32,-27.03,Cash,Returned,East
4726,932,2025-12-15,201,Home,1,298.56,19.68,9.14,11.29,262.14,Cash,Pending,North
4727,401,2025-02-01,118,Books,1,271.23,23.44,23.87,8.15,,Cash,Cancelled,South
4728,422,2025-09-25,120,Electronics,2,270.6,28.58,8.45,5.32,-40.95,Cash,Completed,West
4729,654,2026-03-08,277,Home,2,135.15,44.18,2.18,13.22,713.35,Card,Completed,West
4730,874,2025-01-09,199,Electronics,5,233.67,41.24,24.12,7.24,439.37,UPI,Cancelled,South
4731,545,2025-10-14,222,Books,4,100.27,19.92,19.29,3.14,201.49,Card,Returned,North
4732,692,2026-02-10,218,Home,2,50.45,1.16,8.69,5.33,592.12,UPI,Pending,East
4733,706,2025-09-06,209,Electronics,4,264.74,7.01,29.75,7.37,116.01,Cash,Returned,South
4734,918,2025-05-08,172,Books,4,115.61,25.83,23.85,4.22,467.77,UPI,Cancelled,East
4735,361,2026-04-27,272,Electronics,4,29.17,26.46,1.13,8.29,419.77,Cash,Completed,West
4736,847,2025-03-17,274,Home,1,187.42,0.27,24.61,3.63,439.18,UPI,Completed,South
4737,18,2025-07-04,273,Home,2,183.17,30.33,27.89,6.98,264.31,Card,Returned,West
4738,217,2025-05-25,280,Electronics,1,21.87,7.79,23.04,8.22,457.12,UPI,Cancelled,South
4739,710,2025-02-10,178,Home,1,167.7,48.6,4.04,10.32,58.99,Card,Pending,South
4740,474,2025-06-10,207,Electronics,3,220.95,46.98,18.03,14.43,222.4,UPI,Returned,North
4741,50,2025-07-18,263,Books,2,105.22,15.65,23.09,6.08,543.5,UPI,Pending,West
4742,535,2025-05-01,110,Books,1,207.95,12.22,10.02,16.55,881.22,UPI,Returned,East
4743,479,2025-03-16,168,Books,4,196.01,25.19,26.71,2.76,553.74,Cash,Completed,South
4744,458,2025-08-26,138,Home,5,169.74,15.94,3.95,6.46,878.49,UPI,Completed,West
4745,137,2025-03-21,231,Home,5,166.89,39.63,27.21,9.72,,Cash,Pending,South
4746,138,2025-06-10,161,Books,2,163.28,45.59,6.25,18.96,105.24,Cash,Pending,West
4747,241,2026-03-11,131,Electronics,5,110.09,17.2,26.35,2.7,859.32,Card,Cancelled,North
4748,82,2025-06-24,282,Books,3,99.1,17.17,12.54,18.82,408.97,Card,Cancelled,West
4749,741,2025-09-19,186,Home,2,244.14,18.59,16.18,13.58,656.41,Card,Pending,South
4750,537,2026-03-06,176,Electronics,1,73.06,42.31,17.15,14.98,95.22,Card,Cancelled,West
4751,21,2025-12-24,250,Books,1,233.94,8.98,6.51,19.59,393.01,Cash,Cancelled,North
4752,526,2025-04-30,184,Home,5,10.43,15.11,17.56,6.9,127.4,Cash,Cancelled,West
4753,817,2025-11-24,245,Home,1,51.12,28.47,7.24,9.67,499.59,Cash,Cancelled,East
4754,328,2025-12-05,102,Electronics,1,245.37,19.3,8.49,9.25,179.81,Card,Completed,East
4755,47,2025-05-29,120,Books,1,131.56,41.41,19.8,12.78,848.17,Card,Returned,South
4756,152,2025-04-19,150,Home,5,50.83,35.33,4.96,9.82,,Card,Cancelled,South
4757,379,2025-12-02,124,Books,2,62.94,36.79,6.09,11.99,391.14,Card,Returned,West
4758,632,2025-01-14,102,Home,4,73.35,33.17,14.99,9.56,833.57,UPI,Cancelled,East
4759,755,2026-04-14,252,Books,2,84.91,19.02,14.71,7.43,357.12,UPI,Pending,South
4760,304,2025-01-11,261,Books,2,285.6,39.66,8.14,11.21,83.32,UPI,Completed,West
4761,268,2025-08-11,117,Home,5,71.76,28.64,19.52,11.76,,Card,Cancelled,North
4762,745,2025-06-22,191,Books,1,93.35,26.92,24.69,18.07,184.75,UPI,Cancelled,South
4763,564,2025-09-08,144,Electronics,1,223.47,8.83,11.09,2.92,351.11,Card,Pending,West
4764,322,2025-10-11,203,Books,3,177.07,12.11,6.73,17.89,87.5,Cash,Pending,South
4765,54,2026-03-04,136,Electronics,4,108.42,36.63,12.01,16.0,804.85,UPI,Returned,East
4766,1005,2025-10-31,230,Electronics,1,154.05,47.95,4.86,18.74,221.12,Cash,Completed,East
4767,711,2026-04-17,138,Electronics,1,138.92,42.06,13.17,3.91,666.37,Card,Completed,South
4767,711,2026-04-17,138,Electronics,1,138.92,42.06,13.17,3.91,666.37,Card,Completed,South
4769,26,2025-04-21,115,Books,3,296.33,20.16,21.44,16.62,408.46,Cash,Completed,East
4770,453,2025-05-09,187,Electronics,4,239.21,44.61,18.29,2.82,85.51,Cash,Returned,North
4771,502,2026-04-07,232,Books,5,26.91,37.0,19.4,13.68,-22.79,Card,Pending,West
4772,1015,2026-03-03,167,Home,4,126.76,16.76,6.75,19.58,47.16,UPI,Returned,West
4773,560,2025-05-10,232,Electronics,3,84.66,21.17,29.06,16.39,530.94,Card,Cancelled,East
4774,709,2025-11-14,265,Books,1,204.57,7.39,17.28,12.41,222.23,Card,Pending,West
4775,709,2025-12-23,130,Home,2,211.53,43.88,18.9,12.34,873.64,Card,Pending,South
4776,235,2026-01-15,205,Electronics,5,130.75,27.27,5.27,7.94,958.33,Card,Returned,West
4777,833,2026-01-25,187,Electronics,2,85.68,40.52,29.38,3.12,983.36,Card,Pending,South
4778,821,2026-03-14,262,Electronics,1,207.01,48.45,4.1,18.2,482.4,UPI,Returned,North
4779,448,2025-02-07,284,Electronics,3,136.78,0.1,4.32,0.74,-5.67,Cash,Cancelled,East
4780,178,2025-02-16,100,Home,2,269.85,36.61,12.84,13.34,683.96,UPI,Pending,East
4781,485,2025-01-05,293,Books,1,265.91,11.88,5.64,4.1,897.03,Cash,Cancelled,West
4782,302,2025-02-28,191,Home,4,175.98,7.64,23.02,4.86,434.69,Card,Cancelled,South
4783,761,2025-07-11,107,Home,1,217.25,33.42,26.15,7.52,661.53,Cash,Completed,North
4784,296,2026-04-18,234,Books,3,17.91,2.76,24.78,8.63,85.86,UPI,Completed,South
4785,886,2025-04-19,235,Books,4,173.49,42.3,2.0,14.92,464.31,Card,Returned,West
4786,11,2025-09-16,120,Electronics,1,25.92,21.38,26.08,16.69,817.5,Card,Cancelled,South
4787,909,2026-01-22,169,Home,5,274.08,42.33,13.35,2.21,138.16,UPI,Returned,North
4788,674,2026-03-15,172,Electronics,5,61.09,33.14,7.64,12.82,67.45,Cash,Pending,South
4789,463,2025-08-10,172,Books,1,287.83,24.95,26.48,1.22,283.66,Card,Cancelled,East
4790,204,2025-04-03,160,Electronics,1,228.2,37.14,28.94,8.06,833.2,Card,Returned,West
4791,17,2025-10-24,121,Books,4,149.32,45.78,4.19,7.86,493.66,Card,Completed,North
4792,668,2025-09-10,261,Electronics,5,111.15,11.24,8.89,14.77,,Card,Pending,West
4793,27,2025-05-10,245,Books,1,62.21,15.14,7.54,1.9,745.8,Card,Cancelled,North
4794,120,2025-08-18,163,Home,4,42.66,9.74,12.05,1.12,333.88,UPI,Pending,West
4795,937,2025-07-03,229,Books,2,215.47,40.28,13.57,11.45,268.22,UPI,Completed,North
4796,411,2025-04-15,211,Home,5,126.64,43.83,15.06,10.16,37.13,Card,Cancelled,West
4797,487,2025-11-17,237,Books,4,158.79,2.92,17.73,2.66,181.36,Card,Returned,South
4798,994,2025-09-26,171,Electronics,2,92.82,10.28,21.31,6.2,181.54,Card,Pending,North
4799,906,2026-01-14,242,Books,2,107.14,5.01,28.49,5.33,152.6,UPI,Cancelled,West
4800,219,2025-08-22,100,Home,2,250.75,30.78,21.36,11.71,182.06,UPI,Returned,South
4801,208,2025-10-21,274,Books,3,52.98,21.35,12.14,0.73,433.73,Card,Pending,North
4802,365,2025-09-15,121,Home,3,233.4,24.86,21.89,13.88,958.77,Card,Completed,North
4803,45,2026-04-15,257,Books,2,237.65,35.78,8.01,8.27,658.52,Card,Cancelled,West
4804,230,2025-03-10,227,Electronics,2,259.81,43.86,1.85,5.08,345.3,Cash,Pending,South
4805,966,2025-10-15,238,Books,3,278.43,13.92,12.66,1.49,62.02,UPI,Completed,East
4806,854,2025-07-15,103,Electronics,2,126.28,21.45,29.11,10.1,975.44,UPI,Pending,North
4807,336,2026-02-21,155,Books,2,274.73,1.14,11.18,14.1,909.35,Cash,Completed,North
4808,6,2025-02-10,292,Books,4,255.44,1.64,22.77,18.35,745.2,UPI,Returned,West
4809,910,2025-09-24,165,Home,5,54.21,27.7,18.88,4.89,378.88,UPI,Cancelled,South
4810,338,2025-04-06,162,Books,1,17.92,32.47,17.49,10.51,666.37,UPI,Cancelled,East
4811,930,2025-06-11,140,Books,1,99.78,2.27,13.71,6.72,358.16,UPI,Completed,North
4812,266,2025-11-18,297,Home,2,263.91,41.14,8.12,14.11,,Cash,Completed,North
4813,677,2025-02-16,262,Electronics,3,298.24,10.28,24.18,3.15,717.17,UPI,Completed,South
4814,579,2025-08-13,111,Electronics,4,266.29,27.69,3.42,11.26,,Card,Cancelled,East
4815,323,2025-07-16,300,Home,5,280.47,0.73,1.96,17.49,436.0,UPI,Cancelled,West
4816,270,2026-02-06,284,Books,1,284.1,19.95,15.47,17.19,511.03,Card,Returned,South
4817,966,2025-08-25,109,Electronics,4,284.66,14.16,25.18,8.33,-14.51,Cash,Pending,South
4818,458,2025-04-04,238,Books,2,115.23,24.34,3.68,14.4,,UPI,Cancelled,East
4819,234,2026-03-17,110,Electronics,1,294.81,49.15,11.3,6.04,,Card,Pending,North
4820,637,2025-10-09,205,Home,3,79.0,44.67,21.28,8.09,551.49,Cash,Pending,East
4821,263,2025-08-15,112,Home,3,191.39,21.78,11.1,8.97,984.11,Card,Returned,South
4822,505,2025-04-21,243,Home,3,270.23,28.12,20.34,0.75,760.49,Cash,Pending,East
4823,729,2025-11-24,268,Electronics,4,284.42,29.59,27.81,13.4,941.85,Card,Pending,East
4824,297,2025-08-15,142,Home,2,154.68,0.61,18.99,8.21,-9.21,Card,Cancelled,West
4825,83,2025-12-07,223,Books,4,25.0,21.5,11.56,2.2,437.64,UPI,Returned,East
4826,382,2026-03-28,219,Home,3,117.51,34.7,26.98,6.24,,UPI,Pending,South
4827,941,2025-10-17,131,Books,3,241.55,43.13,4.96,1.73,58.96,Card,Completed,North
4827,941,2025-10-17,131,Books,3,241.55,43.13,4.96,1.73,58.96,Card,Completed,North
4829,928,2025-09-17,102,Books,2,281.04,30.29,25.48,1.97,280.81,Cash,Completed,South
4830,695,2026-01-17,150,Home,1,66.98,23.49,8.85,3.33,253.76,Cash,Pending,South
4831,862,2026-03-06,131,Books,2,161.75,45.71,1.44,18.91,476.62,Card,Returned,West
4832,726,2026-04-25,286,Electronics,1,79.58,41.09,4.16,16.24,769.5,Card,Cancelled,West
4833,233,2025-04-22,300,Home,3,251.07,4.68,6.67,9.47,43.66,UPI,Completed,North
4834,407,2025-11-26,152,Books,2,210.32,42.57,19.22,8.18,861.14,UPI,Pending,East
4835,189,2025-12-13,250,Electronics,5,239.92,10.74,15.14,18.97,914.82,Card,Cancelled,North
4836,709,2025-05-07,233,Books,3,261.1,9.37,25.55,16.78,393.3,Card,Completed,North
4837,493,2025-11-10,147,Electronics,5,288.55,17.09,12.33,12.74,547.45,UPI,Cancelled,East
4838,762,2025-10-25,206,Electronics,5,298.61,13.84,7.21,2.5,609.38,Card,Pending,South
4839,638,2026-05-01,299,Home,1,151.34,38.29,8.71,9.74,,Card,Completed,East
4840,202,2025-04-02,241,Electronics,5,109.61,43.05,5.07,14.5,735.3,UPI,Returned,North
4841,418,2026-04-17,259,Home,3,85.99,47.1,1.64,5.4,554.39,Cash,Returned,North
4841,418,2026-04-17,259,Home,3,85.99,47.1,1.64,5.4,554.39,Cash,Returned,North
4843,383,2025-01-16,260,Electronics,5,266.6,6.36,13.66,12.0,555.53,UPI,Completed,South
4844,458,2026-03-15,231,Books,1,223.21,11.25,17.49,4.0,-31.64,Cash,Pending,West
4845,545,2025-01-17,189,Books,3,223.38,20.26,15.21,17.67,736.19,Cash,Cancelled,South
4846,129,2025-10-30,146,Electronics,2,173.15,0.26,27.42,1.51,981.25,UPI,Pending,East
4847,695,2025-10-15,117,Books,4,142.57,15.1,14.16,11.95,961.49,UPI,Completed,West
4848,740,2025-09-08,249,Electronics,5,94.77,45.41,28.04,10.96,653.41,Card,Returned,South
4849,713,2025-04-20,110,Books,2,243.26,36.68,29.8,8.32,193.08,Card,Pending,East
4850,428,2025-11-03,133,Home,2,155.91,21.88,8.36,10.85,-41.7,Cash,Returned,South
4851,1013,2025-11-02,219,Home,2,148.64,30.34,13.2,8.33,192.3,Cash,Cancelled,West
4852,685,2025-01-04,121,Home,4,59.28,16.31,18.04,9.92,163.31,Cash,Returned,East
4853,95,2025-07-09,158,Electronics,4,257.84,27.97,18.35,12.03,625.77,UPI,Returned,West
4854,45,2026-04-06,148,Home,3,111.74,45.26,19.71,7.2,515.77,Cash,Completed,East
4855,291,2025-08-23,228,Electronics,5,229.76,8.62,29.37,18.95,,UPI,Completed,West
4856,734,2025-09-29,264,Electronics,4,44.16,45.01,21.52,9.28,801.53,Card,Cancelled,West
4857,150,2025-09-14,269,Books,5,91.58,46.36,3.52,4.84,269.5,UPI,Pending,South
4858,897,2026-01-10,284,Books,5,195.43,11.87,7.32,14.42,257.33,UPI,Pending,West
4859,724,2025-10-28,103,Books,5,216.08,16.03,8.98,15.59,928.06,Cash,Cancelled,West
4859,724,2025-10-28,103,Books,5,216.08,16.03,8.98,15.59,928.06,Cash,Cancelled,West
4861,54,2025-06-27,221,Books,1,143.38,17.19,17.15,13.65,999.63,UPI,Returned,East
4862,910,2025-04-26,295,Home,2,150.69,39.64,25.68,19.82,163.89,Card,Returned,East
4863,638,2025-08-04,263,Books,4,157.79,0.82,27.58,19.18,450.72,UPI,Cancelled,East
4864,47,2025-04-16,144,Electronics,5,123.72,0.88,6.81,9.27,591.9,Cash,Cancelled,North
4865,32,2025-01-31,228,Electronics,2,149.84,6.27,22.48,18.32,587.45,Card,Cancelled,North
4866,541,2026-01-24,162,Home,3,211.44,49.76,19.36,6.54,420.24,UPI,Completed,East
4867,435,2026-01-25,202,Home,3,113.75,49.76,15.96,13.75,910.42,Card,Returned,South
4868,745,2026-05-12,202,Electronics,3,97.93,8.58,1.67,15.04,985.09,Cash,Completed,South
4869,350,2026-02-24,288,Electronics,1,257.26,40.63,7.78,1.71,167.24,Card,Pending,North
4870,468,2025-04-23,282,Home,4,105.08,26.59,15.42,15.78,971.44,Card,Pending,North
4871,620,2025-04-01,292,Home,4,194.5,2.72,8.79,3.09,964.24,Card,Returned,West
4872,348,2025-04-02,249,Books,3,35.48,45.66,9.6,15.44,517.92,Cash,Completed,West
4873,468,2025-01-30,276,Home,4,155.13,37.4,5.82,10.38,55.52,Card,Cancelled,North
4874,610,2025-04-28,147,Electronics,2,189.07,29.18,4.47,14.2,499.42,UPI,Returned,West
4875,2,2025-07-13,202,Home,1,163.67,28.9,22.59,7.39,68.64,Card,Cancelled,East
4876,4,2025-06-11,226,Books,5,92.58,17.28,26.48,17.23,423.23,Cash,Pending,South
4877,626,2026-05-15,136,Home,5,152.61,26.28,23.08,13.32,910.83,UPI,Cancelled,West
4878,514,2026-03-21,234,Home,3,258.09,48.44,18.69,13.81,189.04,Card,Completed,North
4879,479,2025-04-15,118,Home,3,289.61,32.98,8.67,8.4,653.85,Cash,Cancelled,West
4880,764,2025-06-02,118,Electronics,5,141.72,17.42,28.52,5.23,358.24,Cash,Pending,West
4881,538,2025-08-07,144,Electronics,3,180.94,6.76,4.95,7.21,781.48,Cash,Completed,North
4882,642,2026-02-25,138,Electronics,2,78.51,5.3,12.39,11.88,848.79,UPI,Cancelled,North
4883,95,2026-03-29,135,Home,1,235.17,15.82,11.04,18.42,524.68,Cash,Returned,North
4884,417,2026-02-25,294,Electronics,5,270.95,47.14,11.51,2.5,-45.74,Card,Cancelled,East
4885,241,2025-06-30,289,Books,1,74.75,9.16,3.91,6.19,539.9,UPI,Completed,West
4886,491,2026-04-12,108,Electronics,1,110.89,8.21,16.9,1.35,458.89,UPI,Cancelled,South
4887,994,2025-12-16,235,Electronics,1,153.25,38.72,23.02,15.57,38.45,UPI,Completed,East
4888,356,2026-02-11,140,Books,4,173.28,45.97,24.42,16.29,764.69,Cash,Cancelled,North
4889,386,2025-11-12,175,Electronics,1,189.24,0.02,14.46,2.48,805.78,UPI,Pending,South
4890,985,2025-08-11,176,Books,5,228.73,17.18,6.44,16.33,546.01,Card,Cancelled,South
4891,468,2025-06-14,171,Home,3,276.05,12.43,17.75,15.66,946.77,UPI,Returned,East
4892,86,2025-03-21,177,Home,3,192.54,47.5,5.03,13.88,740.33,UPI,Pending,East
4893,292,2025-07-06,248,Home,5,117.61,27.48,26.43,5.46,996.11,Cash,Returned,West
4893,292,2025-07-06,248,Home,5,117.61,27.48,26.43,5.46,996.11,Cash,Returned,West
4895,711,2025-12-06,273,Books,4,223.11,12.24,16.82,8.42,276.22,Card,Cancelled,South
4896,835,2025-12-12,274,Books,5,222.24,31.71,18.23,18.89,82.48,UPI,Cancelled,North
4897,1009,2026-02-24,149,Books,4,199.12,35.05,24.78,11.68,274.81,Card,Pending,East
4898,236,2025-06-28,278,Home,5,78.38,24.18,21.81,5.86,991.89,Card,Pending,South
4899,27,2025-07-08,143,Home,4,231.56,25.66,10.05,2.96,610.17,Card,Pending,South
4900,445,2026-05-01,264,Home,2,146.98,43.14,12.75,7.15,996.73,Cash,Completed,South
4901,816,2025-06-10,151,Books,1,130.08,37.69,2.15,12.11,237.65,Card,Returned,North
4902,61,2025-10-26,132,Home,5,183.04,47.16,12.9,18.76,20.34,Cash,Cancelled,South
4903,884,2026-01-14,153,Electronics,3,131.8,20.26,23.99,7.91,228.63,Card,Cancelled,North
4904,934,2026-04-20,193,Electronics,5,18.85,42.12,16.28,6.43,753.94,Card,Completed,West
4905,881,2025-01-17,192,Books,5,65.94,25.15,6.43,18.46,286.11,Cash,Pending,East
4906,598,2026-02-13,136,Books,4,224.52,49.53,14.99,1.9,856.75,UPI,Completed,East
4907,157,2025-10-18,239,Electronics,2,215.26,36.84,13.62,13.28,954.32,Cash,Completed,North
4908,736,2025-09-20,226,Electronics,1,275.18,4.84,15.98,16.08,,Card,Pending,East
4909,967,2026-02-11,240,Books,4,144.9,35.17,24.5,2.39,933.8,Card,Returned,North
4910,928,2025-09-26,283,Electronics,5,283.44,24.43,3.74,0.73,681.66,Card,Completed,South
4911,323,2025-03-08,118,Books,2,62.56,23.29,5.92,16.8,-5.53,UPI,Pending,South
4912,758,2025-12-17,127,Books,2,123.02,33.52,6.05,18.21,231.14,Cash,Returned,East
4913,681,2025-05-15,124,Books,2,230.55,29.17,27.84,12.87,403.81,Card,Completed,South
4914,552,2025-09-20,197,Home,4,36.28,24.58,21.64,15.44,991.24,Card,Cancelled,West
4915,936,2026-04-27,247,Books,1,267.74,42.73,27.3,5.64,911.58,Card,Pending,North
4915,936,2026-04-27,247,Books,1,267.74,42.73,27.3,5.64,911.58,Card,Pending,North
4917,516,2026-01-28,237,Electronics,4,216.86,27.95,7.56,18.1,288.99,Cash,Cancelled,East
4918,858,2026-04-17,275,Electronics,1,109.39,33.55,18.73,19.6,-19.23,Card,Returned,East
4918,858,2026-04-17,275,Electronics,1,109.39,33.55,18.73,19.6,-19.23,Card,Returned,East
4920,241,2025-02-04,172,Electronics,4,299.64,10.01,27.34,19.44,740.63,UPI,Completed,West
4921,324,2025-10-12,216,Books,3,174.17,41.8,22.71,13.43,39.21,Cash,Completed,West
4922,27,2025-01-14,120,Books,4,157.99,39.34,3.24,2.86,,UPI,Completed,North
4923,989,2025-11-18,231,Electronics,2,59.89,43.93,13.95,7.21,375.46,Card,Completed,West
4924,167,2026-02-08,261,Books,5,251.24,23.05,25.73,2.0,251.37,Card,Returned,East
4925,817,2025-04-09,153,Home,5,159.26,26.82,9.94,0.95,793.14,Cash,Completed,East
4926,39,2025-08-05,175,Books,3,286.15,21.69,25.34,5.75,386.49,Cash,Completed,South
4927,554,2025-04-23,107,Books,3,154.64,7.87,11.32,15.43,-22.55,Card,Pending,North
4927,554,2025-04-23,107,Books,3,154.64,7.87,11.32,15.43,-22.55,Card,Pending,North
4929,791,2025-08-21,267,Home,2,225.5,36.26,12.94,5.29,,Cash,Pending,West
4930,657,2025-08-15,261,Books,4,52.53,31.59,19.62,10.89,-7.28,UPI,Returned,North
4930,657,2025-08-15,261,Books,4,52.53,31.59,19.62,10.89,-7.28,UPI,Returned,North
4932,564,2025-11-10,210,Books,4,94.62,20.05,20.04,15.53,388.08,Card,Pending,North
4933,20,2025-08-11,243,Books,5,299.56,9.26,15.66,16.96,472.98,Cash,Pending,West
4934,887,2025-10-08,246,Electronics,3,123.24,3.86,11.44,6.17,-35.97,UPI,Cancelled,South
4935,763,2025-07-04,274,Home,5,143.06,46.78,18.79,5.18,590.68,UPI,Completed,South
4936,489,2025-05-26,136,Home,5,9.96,48.05,16.56,18.55,311.54,Cash,Returned,West
4937,590,2025-11-13,153,Home,2,252.02,15.53,15.77,11.87,966.75,Cash,Completed,East
4938,143,2026-04-05,178,Home,4,136.72,34.51,10.64,15.34,908.91,UPI,Cancelled,North
4939,693,2026-03-24,134,Books,4,252.14,8.92,8.25,8.69,93.45,Card,Pending,South
4940,195,2025-09-16,153,Electronics,1,288.43,22.56,29.44,17.39,322.95,Card,Cancelled,North
4941,1016,2025-10-26,279,Books,4,195.98,17.83,11.79,12.73,20.28,Cash,Completed,North
4942,138,2026-03-07,265,Home,1,277.18,14.5,9.81,4.69,753.8,Card,Cancelled,East
4943,38,2026-03-23,124,Books,2,167.8,29.38,15.15,18.89,345.15,Card,Completed,South
4944,378,2025-04-20,126,Home,2,50.93,38.27,20.18,8.37,827.88,Cash,Pending,North
4945,545,2025-02-14,221,Books,2,267.49,25.09,7.27,2.72,983.19,UPI,Pending,East
4946,397,2025-02-22,161,Home,5,200.01,34.34,29.39,4.67,-30.9,Cash,Pending,South
4947,442,2025-06-27,136,Electronics,1,100.59,33.04,23.87,18.78,101.48,Card,Completed,South
4948,847,2026-03-07,204,Books,3,119.38,42.05,17.02,9.53,287.77,Cash,Completed,North
4949,321,2026-01-11,254,Electronics,2,24.68,8.67,18.03,5.78,876.81,Cash,Returned,South
4950,761,2025-06-14,135,Home,1,226.41,25.62,28.34,0.63,860.33,Cash,Cancelled,South
4951,352,2025-01-21,158,Books,1,48.21,44.21,25.04,6.16,764.4,Card,Completed,East
4952,639,2025-09-27,296,Books,4,266.11,34.12,14.64,17.66,655.75,Cash,Completed,South
4953,2,2025-10-06,267,Home,3,16.51,7.02,2.67,15.07,98.67,Card,Completed,West
4954,768,2025-04-18,272,Electronics,4,77.3,31.86,1.91,8.51,-29.68,Card,Pending,South
4955,154,2025-12-21,215,Books,5,235.51,39.86,18.5,1.21,-8.45,Card,Completed,South
4956,158,2026-01-27,240,Home,3,117.01,8.29,10.09,19.92,809.92,Card,Returned,West
4957,477,2025-04-09,134,Home,3,159.97,23.86,21.89,17.82,244.48,Cash,Completed,East
4958,685,2025-06-07,186,Books,3,27.16,43.69,28.2,2.51,434.31,UPI,Pending,North
4959,927,2025-02-05,206,Books,5,229.77,35.11,14.74,5.51,19.12,UPI,Cancelled,North
4960,866,2026-05-14,166,Home,5,231.01,17.24,22.05,7.7,673.45,Card,Completed,North
4961,203,2025-09-23,153,Home,1,67.53,21.5,11.94,18.09,403.26,UPI,Pending,East
4962,277,2025-04-20,276,Electronics,4,288.11,43.74,18.05,17.42,-48.17,UPI,Completed,East
4963,93,2025-06-13,200,Books,4,180.88,0.39,25.46,14.36,-8.61,Card,Cancelled,West
4964,588,2025-03-21,132,Books,2,103.62,3.64,22.57,5.64,185.43,Card,Completed,East
4965,670,2025-08-24,203,Books,1,165.69,45.1,8.65,3.78,350.74,UPI,Returned,South
4966,93,2025-06-30,131,Books,3,57.9,13.37,2.93,18.75,504.17,Cash,Pending,West
4967,36,2026-03-30,281,Electronics,4,117.55,38.52,11.17,11.03,-3.27,UPI,Returned,North
4968,983,2025-12-27,148,Books,3,177.29,48.3,21.17,1.39,616.17,Cash,Pending,East
4969,185,2026-02-28,201,Home,2,257.96,10.81,2.55,0.93,375.34,Cash,Returned,West
4970,810,2026-03-19,145,Electronics,1,183.28,8.17,17.26,12.26,149.87,UPI,Pending,West
4971,852,2026-02-11,107,Home,1,182.69,27.4,10.44,0.16,276.92,Cash,Cancelled,North
4972,371,2025-03-12,268,Electronics,3,289.54,16.05,21.22,12.74,981.26,UPI,Pending,East
4973,912,2025-08-14,203,Electronics,2,236.35,14.02,5.46,0.76,70.62,UPI,Completed,North
4974,114,2025-12-28,283,Electronics,1,276.26,1.4,20.92,3.77,39.62,Cash,Pending,South
4975,832,2025-07-25,300,Electronics,1,208.97,33.6,19.83,13.79,457.02,Cash,Returned,East
4976,717,2025-10-03,212,Books,3,268.94,48.15,9.86,11.08,-30.99,Card,Returned,South
4977,377,2025-01-01,167,Electronics,1,185.87,47.66,10.01,8.25,720.88,Cash,Completed,West
4978,908,2026-02-25,104,Home,3,233.59,31.25,29.38,19.74,865.82,Cash,Pending,South
4979,553,2025-12-11,134,Electronics,3,94.58,34.61,26.18,2.34,-48.63,Cash,Returned,South
4980,729,2026-02-09,245,Electronics,3,286.4,17.09,5.12,7.61,222.94,UPI,Returned,East
4981,331,2025-12-02,246,Books,2,155.52,38.06,10.37,7.66,,UPI,Pending,North
4982,808,2025-12-25,105,Home,3,97.98,19.22,9.56,4.86,262.46,Card,Pending,East
4983,655,2025-05-14,233,Home,1,127.9,31.57,26.22,13.96,403.99,UPI,Pending,North
4984,362,2025-05-10,172,Home,1,30.15,37.19,14.53,10.93,-24.09,Card,Pending,East
4985,229,2025-10-14,171,Electronics,3,188.1,10.69,28.27,9.34,302.97,Card,Cancelled,North
4986,888,2025-08-15,129,Home,1,68.84,44.64,21.87,4.88,288.59,Card,Cancelled,South
4987,497,2026-03-03,103,Electronics,4,216.53,13.38,16.06,1.0,837.03,Card,Completed,North
4988,67,2025-03-11,162,Electronics,4,209.92,16.65,12.8,15.88,660.19,Card,Completed,East
4989,176,2025-07-15,230,Home,5,82.51,12.14,21.05,15.86,462.07,UPI,Pending,South
4990,552,2025-07-21,202,Home,2,39.58,16.97,23.5,1.01,475.87,UPI,Returned,East
4991,564,2025-08-21,213,Home,3,150.33,37.6,8.31,6.42,680.55,Cash,Cancelled,West
4992,956,2025-08-01,219,Electronics,3,160.11,43.21,19.46,2.43,275.36,Cash,Cancelled,South
4993,661,2026-04-16,173,Books,5,287.31,0.92,18.74,9.35,68.46,Cash,Pending,North
4994,320,2025-07-14,185,Electronics,3,267.86,46.05,6.55,12.26,247.43,Cash,Completed,West
4995,140,2025-09-05,142,Books,5,234.59,44.16,21.37,13.93,418.09,Card,Completed,East
4996,712,2025-01-31,250,Books,2,206.94,40.63,28.4,13.01,959.63,UPI,Pending,North
4997,662,2026-03-21,209,Home,3,281.52,44.64,3.6,19.88,,Card,Pending,South
4998,349,2025-12-20,272,Electronics,4,167.92,40.17,10.52,10.34,929.76,Cash,Returned,North
4999,800,2025-12-15,143,Electronics,5,24.53,19.06,14.54,2.11,143.46,Cash,Pending,South
5000,601,2025-08-16,120,Books,1,181.48,27.77,21.63,0.15,581.17,UPI,Pending,West
